-- MySQL dump 10.13  Distrib 5.6.24, for Win64 (x86_64)
--
-- Host: 192.168.10.70    Database: pfg_bifrost
-- ------------------------------------------------------
-- Server version	5.6.24-log

/*!40101 SET @OLD_CHARACTER_SET_CLIENT=@@CHARACTER_SET_CLIENT */;
/*!40101 SET @OLD_CHARACTER_SET_RESULTS=@@CHARACTER_SET_RESULTS */;
/*!40101 SET @OLD_COLLATION_CONNECTION=@@COLLATION_CONNECTION */;
/*!40101 SET NAMES utf8 */;
/*!40103 SET @OLD_TIME_ZONE=@@TIME_ZONE */;
/*!40103 SET TIME_ZONE='+00:00' */;
/*!40014 SET @OLD_UNIQUE_CHECKS=@@UNIQUE_CHECKS, UNIQUE_CHECKS=0 */;
/*!40014 SET @OLD_FOREIGN_KEY_CHECKS=@@FOREIGN_KEY_CHECKS, FOREIGN_KEY_CHECKS=0 */;
/*!40101 SET @OLD_SQL_MODE=@@SQL_MODE, SQL_MODE='NO_AUTO_VALUE_ON_ZERO' */;
/*!40111 SET @OLD_SQL_NOTES=@@SQL_NOTES, SQL_NOTES=0 */;

--
-- Table structure for table `abono_comision`
--

DROP TABLE IF EXISTS `abono_comision`;
/*!40101 SET @saved_cs_client     = @@character_set_client */;
/*!40101 SET character_set_client = utf8 */;
CREATE TABLE `abono_comision` (
  `id` int(11) NOT NULL AUTO_INCREMENT,
  `periodo_comision_id` int(11) NOT NULL,
  `comision_id` int(11) NOT NULL,
  `monto` double NOT NULL,
  `fecha` date NOT NULL,
  `cancelado` tinyint(1) NOT NULL DEFAULT '0',
  `created_at` timestamp NOT NULL DEFAULT CURRENT_TIMESTAMP ON UPDATE CURRENT_TIMESTAMP,
  `updated_at` timestamp NOT NULL DEFAULT '0000-00-00 00:00:00',
  `pagado` tinyint(1) NOT NULL DEFAULT '0',
  `asesor_id` int(11) NOT NULL,
  PRIMARY KEY (`id`),
  KEY `fk_pago_comision_comision1_idx` (`comision_id`),
  KEY `fk_abono_comision_periodo_comision1_idx` (`periodo_comision_id`),
  KEY `fk_abono_comision_asesor1_idx` (`asesor_id`),
  CONSTRAINT `fk_abono_comision_asesor1` FOREIGN KEY (`asesor_id`) REFERENCES `asesor` (`id`) ON DELETE NO ACTION ON UPDATE NO ACTION,
  CONSTRAINT `fk_abono_comision_periodo_comision1` FOREIGN KEY (`periodo_comision_id`) REFERENCES `periodo_comision` (`id`) ON DELETE NO ACTION ON UPDATE NO ACTION,
  CONSTRAINT `fk_pago_comision_comision1` FOREIGN KEY (`comision_id`) REFERENCES `comision` (`id`) ON DELETE NO ACTION ON UPDATE NO ACTION
) ENGINE=InnoDB AUTO_INCREMENT=9503 DEFAULT CHARSET=utf8;
/*!40101 SET character_set_client = @saved_cs_client */;

--
-- Dumping data for table `abono_comision`
--

LOCK TABLES `abono_comision` WRITE;
/*!40000 ALTER TABLE `abono_comision` DISABLE KEYS */;
INSERT INTO `abono_comision` VALUES (1,329,3560,724.14,'2016-08-26',0,'2016-09-13 21:31:06','0000-00-00 00:00:00',1,20),(2,332,3552,827.59,'2016-08-26',0,'2016-09-13 21:31:06','0000-00-00 00:00:00',1,78),(3,333,3582,724.48,'2016-08-26',0,'2016-09-13 21:31:06','0000-00-00 00:00:00',1,83),(4,334,3588,176.38,'2016-08-26',0,'2016-09-13 21:31:06','0000-00-00 00:00:00',1,167),(5,335,3601,352.05,'2016-08-26',0,'2016-09-13 21:31:06','0000-00-00 00:00:00',1,158),(6,336,3598,2586.21,'2016-08-26',0,'2016-09-13 21:31:06','0000-00-00 00:00:00',1,84),(7,339,3621,95.54,'2016-08-26',0,'2016-09-13 21:31:06','0000-00-00 00:00:00',1,158),(8,340,3626,206.9,'2016-08-26',0,'2016-09-13 21:31:06','0000-00-00 00:00:00',1,67),(9,340,3627,827.59,'2016-08-26',0,'2016-09-13 21:31:06','0000-00-00 00:00:00',1,18),(10,340,3630,784.48,'2016-08-26',0,'2016-09-13 21:31:06','0000-00-00 00:00:00',1,84),(11,341,3577,784.48,'2016-08-26',0,'2016-09-13 21:31:06','0000-00-00 00:00:00',1,148),(12,341,3635,176.38,'2016-08-26',0,'2016-09-13 21:31:06','0000-00-00 00:00:00',1,67),(13,342,3642,763.19,'2016-08-26',0,'2016-09-13 21:31:06','0000-00-00 00:00:00',1,84),(14,342,3647,310.34,'2016-08-26',0,'2016-09-13 21:31:06','0000-00-00 00:00:00',1,180),(15,342,3648,448.28,'2016-08-26',0,'2016-09-13 21:31:06','0000-00-00 00:00:00',1,84),(16,343,3638,560.43,'2016-08-26',0,'2016-09-13 21:31:06','0000-00-00 00:00:00',1,167),(17,344,3662,1120.86,'2016-08-26',0,'2016-09-13 21:31:06','0000-00-00 00:00:00',1,79),(18,346,3680,784.48,'2016-08-26',0,'2016-09-13 21:31:06','0000-00-00 00:00:00',1,72),(19,346,3682,224.14,'2016-08-26',0,'2016-09-13 21:31:06','0000-00-00 00:00:00',1,72),(20,346,3683,610.22,'2016-08-26',0,'2016-09-13 21:31:06','0000-00-00 00:00:00',1,72),(21,346,3686,844.83,'2016-08-26',0,'2016-09-13 21:31:06','0000-00-00 00:00:00',1,13),(22,347,3630,784.48,'2016-08-26',0,'2016-09-13 21:31:06','0000-00-00 00:00:00',1,84),(23,347,3668,1120.86,'2016-08-26',0,'2016-09-13 21:31:06','0000-00-00 00:00:00',1,67),(24,347,3674,784.48,'2016-08-26',0,'2016-09-13 21:31:06','0000-00-00 00:00:00',1,84),(25,347,3676,168.1,'2016-08-26',0,'2016-09-13 21:31:06','0000-00-00 00:00:00',1,181),(26,347,3688,205.78,'2016-08-26',0,'2016-09-13 21:31:06','0000-00-00 00:00:00',1,158),(27,347,3689,253.97,'2016-08-26',0,'2016-09-13 21:31:06','0000-00-00 00:00:00',1,167),(28,347,3691,134,'2016-08-26',0,'2016-09-13 21:31:06','0000-00-00 00:00:00',1,95),(29,347,3692,965.5172414,'2016-08-26',0,'2016-09-13 21:31:06','0000-00-00 00:00:00',1,158),(30,347,3693,328.58,'2016-08-26',0,'2016-09-13 21:31:06','0000-00-00 00:00:00',1,158),(31,347,3694,181.0344828,'2016-08-26',0,'2016-09-13 21:31:06','0000-00-00 00:00:00',1,148),(32,347,3696,657.1551724,'2016-08-26',0,'2016-09-13 21:31:06','0000-00-00 00:00:00',1,158),(33,348,3688,205.78,'2016-08-26',0,'2016-09-13 21:31:06','0000-00-00 00:00:00',1,158),(34,348,3695,844.83,'2016-08-26',0,'2016-09-13 21:31:06','0000-00-00 00:00:00',1,158),(35,348,3647,310.34,'2016-08-26',0,'2016-09-13 21:31:06','0000-00-00 00:00:00',1,180),(36,349,3681,1525.54,'2016-08-26',0,'2016-09-13 21:31:06','0000-00-00 00:00:00',1,72),(37,349,3601,352.05,'2016-08-26',0,'2016-09-13 21:31:06','0000-00-00 00:00:00',1,158),(38,349,3706,284.48,'2016-08-26',0,'2016-09-13 21:31:06','0000-00-00 00:00:00',1,181),(39,349,3709,134.48,'2016-08-26',0,'2016-09-13 21:31:06','0000-00-00 00:00:00',1,167),(40,349,3711,176.38,'2016-08-26',0,'2016-09-13 21:31:06','0000-00-00 00:00:00',1,173),(41,350,3588,176.38,'2016-08-26',0,'2016-09-13 21:31:06','0000-00-00 00:00:00',1,167),(42,350,3632,952.24,'2016-08-26',0,'2016-09-13 21:31:06','0000-00-00 00:00:00',1,72),(43,350,3704,603.45,'2016-08-26',0,'2016-09-13 21:31:06','0000-00-00 00:00:00',1,158),(44,350,3621,95.54,'2016-08-26',0,'2016-09-13 21:31:06','0000-00-00 00:00:00',1,158),(45,351,3693,328.58,'2016-08-26',0,'2016-09-13 21:31:06','0000-00-00 00:00:00',1,158),(46,352,3642,763.19,'2016-08-26',0,'2016-09-13 21:31:06','0000-00-00 00:00:00',1,84),(47,352,3686,844.83,'2016-08-26',0,'2016-09-13 21:31:06','0000-00-00 00:00:00',1,13),(48,352,3731,724.14,'2016-08-26',0,'2016-09-13 21:31:06','0000-00-00 00:00:00',1,180),(49,352,3733,191.08,'2016-08-26',0,'2016-09-13 21:31:06','0000-00-00 00:00:00',1,148),(50,352,3734,586.96,'2016-08-26',0,'2016-09-13 21:31:06','0000-00-00 00:00:00',1,84),(51,352,3738,176.38,'2016-08-26',0,'2016-09-13 21:31:06','0000-00-00 00:00:00',1,78),(52,352,3743,724.14,'2016-08-26',0,'2016-09-13 21:31:06','0000-00-00 00:00:00',1,188),(53,352,3744,215.17,'2016-08-26',0,'2016-09-13 21:31:06','0000-00-00 00:00:00',1,13),(54,352,3749,72.41,'2016-08-26',0,'2016-09-13 21:31:06','0000-00-00 00:00:00',1,13),(55,353,3552,827.59,'2016-08-26',0,'2016-09-13 21:31:06','0000-00-00 00:00:00',1,78),(56,353,3577,784.48,'2016-08-26',0,'2016-09-13 21:31:06','0000-00-00 00:00:00',1,148),(57,353,3638,560.43,'2016-08-26',0,'2016-09-13 21:31:06','0000-00-00 00:00:00',1,167),(58,354,3753,191.08,'2016-08-26',0,'2016-09-13 21:31:06','0000-00-00 00:00:00',1,148),(59,354,3754,353.02,'2016-08-26',0,'2016-09-13 21:31:06','0000-00-00 00:00:00',1,158),(60,354,3755,168.1,'2016-08-26',0,'2016-09-13 21:31:06','0000-00-00 00:00:00',1,148),(61,354,3757,162.93,'2016-08-26',0,'2016-09-13 21:31:06','0000-00-00 00:00:00',1,99),(62,355,3736,305.11,'2016-08-26',0,'2016-09-13 21:31:06','0000-00-00 00:00:00',1,158),(63,355,3759,155.17,'2016-08-26',0,'2016-09-13 21:31:06','0000-00-00 00:00:00',1,167),(64,355,3760,244.4,'2016-08-26',0,'2016-09-13 21:31:06','0000-00-00 00:00:00',1,167),(65,355,3761,362.07,'2016-08-26',0,'2016-09-13 21:31:06','0000-00-00 00:00:00',1,79),(66,355,3762,318.1,'2016-08-26',0,'2016-09-13 21:31:06','0000-00-00 00:00:00',1,173),(67,355,3763,7887.07,'2016-08-26',0,'2016-09-13 21:31:06','0000-00-00 00:00:00',1,67),(68,355,3764,2586.21,'2016-08-26',0,'2016-09-13 21:31:06','0000-00-00 00:00:00',1,79),(69,355,3765,1521.21,'2016-08-26',0,'2016-09-13 21:31:06','0000-00-00 00:00:00',1,167),(70,355,3766,162.93,'2016-08-26',0,'2016-09-13 21:31:06','0000-00-00 00:00:00',1,167),(71,355,3767,334.91,'2016-08-26',0,'2016-09-13 21:31:06','0000-00-00 00:00:00',1,72),(72,355,3768,2521.55,'2016-08-26',0,'2016-09-13 21:31:06','0000-00-00 00:00:00',1,148),(73,355,3769,176.51,'2016-08-26',0,'2016-09-13 21:31:06','0000-00-00 00:00:00',1,194),(74,356,3689,253.97,'2016-08-26',0,'2016-09-13 21:31:06','0000-00-00 00:00:00',1,167),(75,356,3744,215.17,'2016-08-26',0,'2016-09-13 21:31:06','0000-00-00 00:00:00',1,13),(76,356,3760,244.4,'2016-08-26',0,'2016-09-13 21:31:06','0000-00-00 00:00:00',1,167),(77,356,3773,603.45,'2016-08-26',0,'2016-09-13 21:31:06','0000-00-00 00:00:00',1,72),(78,356,3774,176.38,'2016-08-26',0,'2016-09-13 21:31:06','0000-00-00 00:00:00',1,13),(79,357,3697,5078,'2016-08-26',0,'2016-09-13 21:31:06','0000-00-00 00:00:00',1,158),(80,357,3749,72.41,'2016-08-26',0,'2016-09-13 21:31:06','0000-00-00 00:00:00',1,13),(81,357,3772,15098,'2016-08-26',0,'2016-09-13 21:31:06','0000-00-00 00:00:00',1,84),(82,357,3772,5032,'2016-08-26',0,'2016-09-13 21:31:06','0000-00-00 00:00:00',1,148),(83,359,3775,574.91,'2016-08-26',0,'2016-09-13 21:31:06','0000-00-00 00:00:00',1,148),(84,358,3695,844.95,'2016-08-26',0,'2016-09-13 21:31:06','0000-00-00 00:00:00',1,158),(85,358,3753,191.08,'2016-08-26',0,'2016-09-13 21:31:06','0000-00-00 00:00:00',1,148),(86,358,3777,413.19,'2016-08-26',0,'2016-09-13 21:31:06','0000-00-00 00:00:00',1,173),(87,358,3778,39.31,'2016-08-26',0,'2016-09-13 21:31:06','0000-00-00 00:00:00',1,13),(88,359,3775,172.47,'2016-08-26',0,'2016-09-13 21:31:06','0000-00-00 00:00:00',1,84),(89,359,3632,952.24,'2016-08-26',0,'2016-09-13 21:31:06','0000-00-00 00:00:00',1,72),(90,359,3656,534.57,'2016-08-26',0,'2016-09-13 21:31:06','0000-00-00 00:00:00',1,64),(91,359,3681,1525.54,'2016-08-26',0,'2016-09-13 21:31:06','0000-00-00 00:00:00',1,72),(92,359,3743,724.14,'2016-08-26',0,'2016-09-13 21:31:06','0000-00-00 00:00:00',1,188),(93,359,3782,504.48,'2016-08-26',0,'2016-09-13 21:31:06','0000-00-00 00:00:00',1,158),(94,359,3783,468.28,'2016-08-26',0,'2016-09-13 21:31:06','0000-00-00 00:00:00',1,158),(95,359,3785,162.93,'2016-08-26',0,'2016-09-13 21:31:06','0000-00-00 00:00:00',1,72),(96,359,3786,2327.59,'2016-08-26',0,'2016-09-13 21:31:06','0000-00-00 00:00:00',1,72),(97,359,3787,724.14,'2016-08-26',0,'2016-09-13 21:31:06','0000-00-00 00:00:00',1,67),(98,359,3790,128.07,'2016-08-26',0,'2016-09-13 21:31:06','0000-00-00 00:00:00',1,148),(99,359,3791,103.45,'2016-08-26',0,'2016-09-13 21:31:06','0000-00-00 00:00:00',1,148),(100,360,3731,724.14,'2016-08-26',0,'2016-09-13 21:31:06','0000-00-00 00:00:00',1,180),(101,360,3792,925.03,'2016-08-26',0,'2016-09-13 21:31:06','0000-00-00 00:00:00',1,148),(102,360,3793,1008.62,'2016-08-26',0,'2016-09-13 21:31:06','0000-00-00 00:00:00',1,67),(103,360,3794,184.91,'2016-08-26',0,'2016-09-13 21:31:06','0000-00-00 00:00:00',1,13),(104,361,3680,784.48,'2016-08-26',0,'2016-09-13 21:31:06','0000-00-00 00:00:00',1,72),(105,361,3706,284.48,'2016-08-26',0,'2016-09-13 21:31:06','0000-00-00 00:00:00',1,181),(106,361,3781,784.48,'2016-08-26',0,'2016-09-13 21:31:06','0000-00-00 00:00:00',1,194),(107,361,3782,504.48,'2016-08-26',0,'2016-09-13 21:31:06','0000-00-00 00:00:00',1,158),(108,361,3796,176.38,'2016-08-26',0,'2016-09-13 21:31:06','0000-00-00 00:00:00',1,173),(109,361,3797,931.03,'2016-08-26',0,'2016-09-13 21:31:06','0000-00-00 00:00:00',1,173),(110,361,3799,206.9,'2016-08-26',0,'2016-09-13 21:31:06','0000-00-00 00:00:00',1,13),(111,361,3801,563.28,'2016-08-26',0,'2016-09-13 21:31:06','0000-00-00 00:00:00',1,78),(112,361,3803,124.14,'2016-08-26',0,'2016-09-13 21:31:06','0000-00-00 00:00:00',1,196),(113,360,4429,1040,'2016-08-26',0,'2016-09-13 21:31:06','0000-00-00 00:00:00',1,188),(114,266,1000,323.2758621,'2016-08-26',0,'2016-09-13 21:31:06','0000-00-00 00:00:00',1,84),(115,266,1001,377.6508621,'2016-08-26',0,'2016-09-13 21:31:06','0000-00-00 00:00:00',1,84),(116,266,1002,377.6508621,'2016-08-26',0,'2016-09-13 21:31:06','0000-00-00 00:00:00',1,84),(117,266,1003,377.6508621,'2016-08-26',0,'2016-09-13 21:31:06','0000-00-00 00:00:00',1,84),(118,266,1004,377.6508621,'2016-08-26',0,'2016-09-13 21:31:06','0000-00-00 00:00:00',1,84),(119,267,1010,728.1034483,'2016-08-26',0,'2016-09-13 21:31:06','0000-00-00 00:00:00',1,84),(120,268,1010,728.1,'2016-08-26',0,'2016-09-13 21:31:06','0000-00-00 00:00:00',1,84),(121,270,1000,323.28,'2016-08-26',0,'2016-09-13 21:31:06','0000-00-00 00:00:00',1,84),(122,270,1001,377.65,'2016-08-26',0,'2016-09-13 21:31:06','0000-00-00 00:00:00',1,84),(123,270,1002,377.65,'2016-08-26',0,'2016-09-13 21:31:06','0000-00-00 00:00:00',1,84),(124,270,1003,377.65,'2016-08-26',0,'2016-09-13 21:31:06','0000-00-00 00:00:00',1,84),(125,270,1004,377.65,'2016-08-26',0,'2016-09-13 21:31:06','0000-00-00 00:00:00',1,84),(126,273,1072,728.1034483,'2016-08-26',0,'2016-09-13 21:31:06','0000-00-00 00:00:00',1,12),(127,273,1080,728.1034483,'2016-08-26',0,'2016-09-13 21:31:06','0000-00-00 00:00:00',1,12),(128,278,1010,728.1034483,'2016-08-26',0,'2016-09-13 21:31:06','0000-00-00 00:00:00',1,84),(129,279,1072,728.1034483,'2016-08-26',0,'2016-09-13 21:31:06','0000-00-00 00:00:00',1,12),(130,279,1080,728.1034483,'2016-08-26',0,'2016-09-13 21:31:06','0000-00-00 00:00:00',1,12),(131,280,1151,436.862069,'2016-08-26',0,'2016-09-13 21:31:06','0000-00-00 00:00:00',1,158),(132,282,1010,728.1034483,'2016-08-26',0,'2016-09-13 21:31:06','0000-00-00 00:00:00',1,84),(133,284,1148,728.1034483,'2016-08-26',0,'2016-09-13 21:31:06','0000-00-00 00:00:00',1,72),(134,284,1195,1912.726293,'2016-08-26',0,'2016-09-13 21:31:06','0000-00-00 00:00:00',1,67),(135,284,1179,728.1034483,'2016-08-26',0,'2016-09-13 21:31:06','0000-00-00 00:00:00',1,64),(136,285,1010,728.1034483,'2016-08-26',0,'2016-09-13 21:31:06','0000-00-00 00:00:00',1,84),(137,286,1010,728.1034483,'2016-08-26',0,'2016-09-13 21:31:06','0000-00-00 00:00:00',1,84),(138,286,1072,728.1034483,'2016-08-26',0,'2016-09-13 21:31:06','0000-00-00 00:00:00',1,12),(139,286,1080,728.1034483,'2016-08-26',0,'2016-09-13 21:31:06','0000-00-00 00:00:00',1,12),(140,286,1151,436.862069,'2016-08-26',0,'2016-09-13 21:31:06','0000-00-00 00:00:00',1,158),(141,287,1072,728.1034483,'2016-08-26',0,'2016-09-13 21:31:06','0000-00-00 00:00:00',1,12),(142,287,1080,728.1034483,'2016-08-26',0,'2016-09-13 21:31:06','0000-00-00 00:00:00',1,12),(143,288,1072,728.1034483,'2016-08-26',0,'2016-09-13 21:31:06','0000-00-00 00:00:00',1,12),(144,288,1080,728.1034483,'2016-08-26',0,'2016-09-13 21:31:06','0000-00-00 00:00:00',1,12),(145,289,1246,728.1034483,'2016-08-26',0,'2016-09-13 21:31:06','0000-00-00 00:00:00',1,72),(146,289,1010,728.1034483,'2016-08-26',0,'2016-09-13 21:31:06','0000-00-00 00:00:00',1,84),(147,289,1072,728.1034483,'2016-08-26',0,'2016-09-13 21:31:06','0000-00-00 00:00:00',1,138),(148,292,1195,9563.63147,'2016-08-26',0,'2016-09-13 21:31:06','0000-00-00 00:00:00',1,67),(149,294,1283,728.1034483,'2016-08-26',0,'2016-09-13 21:31:06','0000-00-00 00:00:00',1,148),(150,294,1284,728.1034483,'2016-08-26',0,'2016-09-13 21:31:06','0000-00-00 00:00:00',1,72),(151,294,1179,728.1034483,'2016-08-26',0,'2016-09-13 21:31:06','0000-00-00 00:00:00',1,64),(152,294,1249,1147.64,'2016-08-26',0,'2016-09-13 21:31:06','0000-00-00 00:00:00',1,72),(153,294,1246,728.1034483,'2016-08-26',0,'2016-09-13 21:31:06','0000-00-00 00:00:00',1,67),(154,296,1301,728.1034483,'2016-08-26',0,'2016-09-13 21:31:06','0000-00-00 00:00:00',1,12),(155,296,1072,728.1034483,'2016-08-26',0,'2016-09-13 21:31:06','0000-00-00 00:00:00',1,12),(156,297,1306,728.1034483,'2016-08-26',0,'2016-09-13 21:31:06','0000-00-00 00:00:00',1,43),(157,299,1329,728.1034483,'2016-08-26',0,'2016-09-13 21:31:06','0000-00-00 00:00:00',1,69),(158,299,1246,728.1034483,'2016-08-26',0,'2016-09-13 21:31:06','0000-00-00 00:00:00',1,67),(160,300,1284,728.1034483,'2016-08-26',0,'2016-09-13 21:31:06','0000-00-00 00:00:00',1,72),(161,300,1072,728.1034483,'2016-08-26',0,'2016-09-13 21:31:06','0000-00-00 00:00:00',1,12),(162,300,1080,728.1034483,'2016-08-26',0,'2016-09-13 21:31:06','0000-00-00 00:00:00',1,12),(163,301,1301,728.1034483,'2016-08-26',0,'2016-09-13 21:31:06','0000-00-00 00:00:00',1,12),(164,301,1148,728.1034483,'2016-08-26',0,'2016-09-13 21:31:06','0000-00-00 00:00:00',1,72),(165,303,1148,728.1034483,'2016-08-26',0,'2016-09-13 21:31:06','0000-00-00 00:00:00',1,72),(166,303,1246,728.1034483,'2016-08-26',0,'2016-09-13 21:31:06','0000-00-00 00:00:00',1,72),(167,304,1362,1195.452586,'2016-08-26',0,'2016-09-13 21:31:06','0000-00-00 00:00:00',1,64),(168,304,1363,364.0517241,'2016-08-26',0,'2016-09-13 21:31:06','0000-00-00 00:00:00',1,64),(169,304,1358,291.2413793,'2016-08-26',0,'2016-09-13 21:31:06','0000-00-00 00:00:00',1,173),(170,304,1249,1147.635776,'2016-08-26',0,'2016-09-13 21:31:06','0000-00-00 00:00:00',1,72),(171,305,1366,637.5747126,'2016-08-26',0,'2016-09-13 21:31:06','0000-00-00 00:00:00',1,72),(172,306,1373,582.4827586,'2016-08-26',0,'2016-09-13 21:31:06','0000-00-00 00:00:00',1,134),(173,306,1385,631.0229885,'2016-08-26',0,'2016-09-13 21:31:06','0000-00-00 00:00:00',1,64),(174,306,1386,1714.965517,'2016-08-26',0,'2016-09-13 21:31:06','0000-00-00 00:00:00',1,78),(175,306,1387,436.862069,'2016-08-26',0,'2016-09-13 21:31:06','0000-00-00 00:00:00',1,72),(176,306,1382,582.4827586,'2016-08-26',0,'2016-09-13 21:31:06','0000-00-00 00:00:00',1,12),(177,306,1383,582.4827586,'2016-08-26',0,'2016-09-13 21:31:06','0000-00-00 00:00:00',1,138),(178,306,1301,728.1034483,'2016-08-26',0,'2016-09-13 21:31:06','0000-00-00 00:00:00',1,12),(179,307,1391,3430.675862,'2016-08-26',0,'2016-09-13 21:31:06','0000-00-00 00:00:00',1,83),(180,307,1374,1363.009655,'2016-08-26',0,'2016-09-13 21:31:06','0000-00-00 00:00:00',1,12),(181,309,1246,728.1034483,'2016-08-26',0,'2016-09-13 21:31:06','0000-00-00 00:00:00',1,72),(182,309,1249,1147.635776,'2016-08-26',0,'2016-09-13 21:31:06','0000-00-00 00:00:00',1,72),(183,309,1363,364.0517241,'2016-08-26',0,'2016-09-13 21:31:06','0000-00-00 00:00:00',1,64),(184,309,1362,1195.452586,'2016-08-26',0,'2016-09-13 21:31:06','0000-00-00 00:00:00',1,64),(185,310,1329,1456.21,'2016-08-26',0,'2016-09-13 21:31:06','0000-00-00 00:00:00',1,69),(186,310,1409,2048.697931,'2016-08-26',0,'2016-09-13 21:31:06','0000-00-00 00:00:00',1,78),(187,310,1301,728.1034483,'2016-08-26',0,'2016-09-13 21:31:06','0000-00-00 00:00:00',1,12),(188,311,1151,728.1034483,'2016-08-26',0,'2016-09-13 21:31:06','0000-00-00 00:00:00',1,158),(189,312,1366,1275.15,'2016-08-26',0,'2016-09-13 21:31:06','0000-00-00 00:00:00',1,72),(190,312,1420,582.4827586,'2016-08-26',0,'2016-09-13 21:31:06','0000-00-00 00:00:00',1,158),(191,313,1436,582.4827586,'2016-08-26',0,'2016-09-13 21:31:06','0000-00-00 00:00:00',1,72),(192,313,1386,793.9655172,'2016-08-26',0,'2016-09-13 21:31:06','0000-00-00 00:00:00',1,78),(193,313,1439,436.862069,'2016-08-26',0,'2016-09-13 21:31:06','0000-00-00 00:00:00',1,84),(194,314,1249,1147.635776,'2016-08-26',0,'2016-09-13 21:31:06','0000-00-00 00:00:00',1,72),(195,314,1362,1195.452586,'2016-08-26',0,'2016-09-13 21:31:06','0000-00-00 00:00:00',1,64),(196,314,1363,364.0517241,'2016-08-26',0,'2016-09-13 21:31:06','0000-00-00 00:00:00',1,64),(197,314,1449,647.1982759,'2016-08-26',0,'2016-09-13 21:31:06','0000-00-00 00:00:00',1,84),(198,315,1471,582.4827586,'2016-08-26',0,'2016-09-13 21:31:06','0000-00-00 00:00:00',1,72),(199,315,1374,436.862069,'2016-08-26',0,'2016-09-13 21:31:06','0000-00-00 00:00:00',1,12),(200,316,1374,436.3965517,'2016-08-26',0,'2016-09-13 21:31:06','0000-00-00 00:00:00',1,12),(201,317,1477,582.4827586,'2016-08-26',0,'2016-09-13 21:31:06','0000-00-00 00:00:00',1,43),(202,317,1490,546.07,'2016-08-26',0,'2016-09-13 21:31:06','0000-00-00 00:00:00',1,67),(203,317,1491,546.07,'2016-08-26',0,'2016-09-13 21:31:06','0000-00-00 00:00:00',1,67),(204,317,1387,436.862069,'2016-08-26',0,'2016-09-13 21:31:06','0000-00-00 00:00:00',1,173),(205,317,1439,436.862069,'2016-08-26',0,'2016-09-13 21:31:06','0000-00-00 00:00:00',1,84),(206,317,1462,582.48,'2016-08-26',0,'2016-09-13 21:31:06','0000-00-00 00:00:00',1,12),(207,318,1500,582.4827586,'2016-08-26',0,'2016-09-13 21:31:06','0000-00-00 00:00:00',1,43),(208,319,1329,728.1034483,'2016-08-26',0,'2016-09-13 21:31:06','0000-00-00 00:00:00',1,69),(209,319,1362,1195.452586,'2016-08-26',0,'2016-09-13 21:31:06','0000-00-00 00:00:00',1,64),(210,319,1363,364.0517241,'2016-08-26',0,'2016-09-13 21:31:06','0000-00-00 00:00:00',1,64),(211,319,1409,762.31,'2016-08-26',0,'2016-09-13 21:31:06','0000-00-00 00:00:00',1,78),(212,319,1432,5738.15,'2016-08-26',0,'2016-09-13 21:31:06','0000-00-00 00:00:00',1,172),(213,319,1465,631.0229885,'2016-08-26',0,'2016-09-13 21:31:06','0000-00-00 00:00:00',1,84),(214,319,1478,436.862069,'2016-08-26',0,'2016-09-13 21:31:06','0000-00-00 00:00:00',1,173),(215,319,1479,436.862069,'2016-08-26',0,'2016-09-13 21:31:06','0000-00-00 00:00:00',1,173),(216,319,1480,436.862069,'2016-08-26',0,'2016-09-13 21:31:06','0000-00-00 00:00:00',1,173),(217,319,1481,436.862069,'2016-08-26',0,'2016-09-13 21:31:06','0000-00-00 00:00:00',1,173),(218,319,1500,582.4827586,'2016-08-26',0,'2016-09-13 21:31:06','0000-00-00 00:00:00',1,43),(219,319,1503,1363,'2016-08-26',0,'2016-09-13 21:31:06','0000-00-00 00:00:00',1,12),(220,319,1504,2050.34,'2016-08-26',0,'2016-09-13 21:31:06','0000-00-00 00:00:00',1,12),(221,319,1505,2050.34,'2016-08-26',0,'2016-09-13 21:31:06','0000-00-00 00:00:00',1,12),(222,319,1507,582.4827586,'2016-08-26',0,'2016-09-13 21:31:06','0000-00-00 00:00:00',1,83),(223,319,1514,631.0229885,'2016-08-26',0,'2016-09-13 21:31:06','0000-00-00 00:00:00',1,64),(224,319,1518,582.4827586,'2016-08-26',0,'2016-09-13 21:31:06','0000-00-00 00:00:00',1,75),(225,320,1366,956.362069,'2016-08-26',0,'2016-09-13 21:31:06','0000-00-00 00:00:00',1,72),(226,320,1386,349.35,'2016-08-26',0,'2016-09-13 21:31:06','0000-00-00 00:00:00',1,78),(227,320,1471,582.4827586,'2016-08-26',0,'2016-09-13 21:31:06','0000-00-00 00:00:00',1,72),(228,320,1509,436.862069,'2016-08-26',0,'2016-09-13 21:31:06','0000-00-00 00:00:00',1,172),(229,320,1519,631.0229885,'2016-08-26',0,'2016-09-13 21:31:06','0000-00-00 00:00:00',1,12),(230,320,1521,582.4827586,'2016-08-26',0,'2016-09-13 21:31:06','0000-00-00 00:00:00',1,138),(231,320,1522,582.4827586,'2016-08-26',0,'2016-09-13 21:31:06','0000-00-00 00:00:00',1,69),(232,320,1529,582.4827586,'2016-08-26',0,'2016-09-13 21:31:06','0000-00-00 00:00:00',1,18),(233,320,1535,582.4827586,'2016-08-26',0,'2016-09-13 21:31:06','0000-00-00 00:00:00',1,84),(234,321,1507,582.4827586,'2016-08-26',0,'2016-09-13 21:31:06','0000-00-00 00:00:00',1,83),(235,321,1538,582.4827586,'2016-08-26',0,'2016-09-13 21:31:06','0000-00-00 00:00:00',1,84),(236,321,1540,728.1034483,'2016-08-26',0,'2016-09-13 21:31:06','0000-00-00 00:00:00',1,179),(237,321,1541,728.1034483,'2016-08-26',0,'2016-09-13 21:31:06','0000-00-00 00:00:00',1,179),(238,321,1542,728.1034483,'2016-08-26',0,'2016-09-13 21:31:06','0000-00-00 00:00:00',1,179),(239,322,1547,6121.24,'2016-08-26',0,'2016-09-13 21:31:06','0000-00-00 00:00:00',1,184),(240,323,1329,728.1034483,'2016-08-26',0,'2016-09-13 21:31:06','0000-00-00 00:00:00',1,69),(241,323,1428,582.4827586,'2016-08-26',0,'2016-09-13 21:31:06','0000-00-00 00:00:00',1,18),(242,323,1439,436.862069,'2016-08-26',0,'2016-09-13 21:31:06','0000-00-00 00:00:00',1,84),(243,323,1556,582.4827586,'2016-08-26',0,'2016-09-13 21:31:06','0000-00-00 00:00:00',1,184),(244,323,1563,582.4827586,'2016-08-26',0,'2016-09-13 21:31:06','0000-00-00 00:00:00',1,138),(245,324,1362,1195.452586,'2016-08-26',0,'2016-09-13 21:31:06','0000-00-00 00:00:00',1,64),(246,324,1363,364.0517241,'2016-08-26',0,'2016-09-13 21:31:06','0000-00-00 00:00:00',1,64),(247,324,1387,436.862069,'2016-08-26',0,'2016-09-13 21:31:06','0000-00-00 00:00:00',1,173),(248,324,1522,582.4827586,'2016-08-26',0,'2016-09-13 21:31:06','0000-00-00 00:00:00',1,69),(249,324,1556,582.4827586,'2016-08-26',0,'2016-09-13 21:31:06','0000-00-00 00:00:00',1,184),(250,324,1567,582.4827586,'2016-08-26',0,'2016-09-13 21:31:06','0000-00-00 00:00:00',1,158),(251,325,1478,436.862069,'2016-08-26',0,'2016-09-13 21:31:06','0000-00-00 00:00:00',1,173),(252,325,1479,436.862069,'2016-08-26',0,'2016-09-13 21:31:06','0000-00-00 00:00:00',1,173),(253,325,1480,436.862069,'2016-08-26',0,'2016-09-13 21:31:06','0000-00-00 00:00:00',1,173),(254,325,1481,436.862069,'2016-08-26',0,'2016-09-13 21:31:06','0000-00-00 00:00:00',1,173),(255,325,1490,436.862069,'2016-08-26',0,'2016-09-13 21:31:06','0000-00-00 00:00:00',1,67),(256,325,1491,436.862069,'2016-08-26',0,'2016-09-13 21:31:06','0000-00-00 00:00:00',1,67),(257,325,1505,776.637931,'2016-08-26',0,'2016-09-13 21:31:06','0000-00-00 00:00:00',1,12),(258,325,1507,582.4827586,'2016-08-26',0,'2016-09-13 21:31:06','0000-00-00 00:00:00',1,83),(259,325,1513,582.4827586,'2016-08-26',0,'2016-09-13 21:31:06','0000-00-00 00:00:00',1,107),(260,325,1529,582.4827586,'2016-08-26',0,'2016-09-13 21:31:06','0000-00-00 00:00:00',1,18),(261,325,1538,582.4827586,'2016-08-26',0,'2016-09-13 21:31:06','0000-00-00 00:00:00',1,84),(262,325,1546,1384.103448,'2016-08-26',0,'2016-09-13 21:31:06','0000-00-00 00:00:00',1,173),(263,325,1566,582.4827586,'2016-08-26',0,'2016-09-13 21:31:06','0000-00-00 00:00:00',1,84),(264,325,1574,582.4827586,'2016-08-26',0,'2016-09-13 21:31:06','0000-00-00 00:00:00',1,138),(265,325,1428,582.4827586,'2016-08-26',0,'2016-09-13 21:31:06','0000-00-00 00:00:00',1,18),(266,326,1362,1195.452586,'2016-08-26',0,'2016-09-13 21:31:06','0000-00-00 00:00:00',1,64),(267,326,1363,364.0517241,'2016-08-26',0,'2016-09-13 21:31:06','0000-00-00 00:00:00',1,64),(268,326,1503,594.13,'2016-08-26',0,'2016-09-13 21:31:06','0000-00-00 00:00:00',1,12),(269,326,1504,1056.24,'2016-08-26',0,'2016-09-13 21:31:06','0000-00-00 00:00:00',1,12),(270,326,1515,1912.724138,'2016-08-26',0,'2016-09-13 21:31:06','0000-00-00 00:00:00',1,12),(271,326,1518,582.4827586,'2016-08-26',0,'2016-09-13 21:31:06','0000-00-00 00:00:00',1,75),(272,326,1521,582.4827586,'2016-08-26',0,'2016-09-13 21:31:06','0000-00-00 00:00:00',1,138),(273,326,1535,582.4827586,'2016-08-26',0,'2016-09-13 21:31:06','0000-00-00 00:00:00',1,84),(274,326,1540,728.1034483,'2016-08-26',0,'2016-09-13 21:31:06','0000-00-00 00:00:00',1,179),(275,326,1541,728.1034483,'2016-08-26',0,'2016-09-13 21:31:06','0000-00-00 00:00:00',1,179),(276,326,1542,728.1034483,'2016-08-26',0,'2016-09-13 21:31:06','0000-00-00 00:00:00',1,179),(277,327,1490,436.862069,'2016-08-26',0,'2016-09-13 21:31:06','0000-00-00 00:00:00',1,67),(278,327,1491,436.862069,'2016-08-26',0,'2016-09-13 21:31:06','0000-00-00 00:00:00',1,67),(279,327,1582,582.4827586,'2016-08-26',0,'2016-09-13 21:31:06','0000-00-00 00:00:00',1,182),(280,327,1585,582.4827586,'2016-08-26',0,'2016-09-13 21:31:06','0000-00-00 00:00:00',1,180),(281,327,1586,582.4827586,'2016-08-26',0,'2016-09-13 21:31:06','0000-00-00 00:00:00',1,180),(282,327,1547,1434.66,'2016-08-26',0,'2016-09-13 21:31:06','0000-00-00 00:00:00',1,184),(283,327,1428,582.48,'2016-08-26',0,'2016-09-13 21:31:06','0000-00-00 00:00:00',1,18),(284,327,1386,619.29,'2016-08-26',0,'2016-09-13 21:31:06','0000-00-00 00:00:00',1,78),(285,327,1591,631.0229885,'2016-08-26',0,'2016-09-13 21:31:06','0000-00-00 00:00:00',1,72),(286,327,1592,631.0229885,'2016-08-26',0,'2016-09-13 21:31:06','0000-00-00 00:00:00',1,72),(287,327,1593,385.8347701,'2016-08-26',0,'2016-09-13 21:31:06','0000-00-00 00:00:00',1,72),(288,328,1151,436.86,'2016-08-26',0,'2016-09-13 21:31:06','0000-00-00 00:00:00',1,158),(289,328,1374,436.86,'2016-08-26',0,'2016-09-13 21:31:06','0000-00-00 00:00:00',1,12),(290,328,1432,956.36,'2016-08-26',0,'2016-09-13 21:31:06','0000-00-00 00:00:00',1,172),(291,328,1477,582.48,'2016-08-26',0,'2016-09-13 21:31:06','0000-00-00 00:00:00',1,43),(292,328,1522,582.48,'2016-08-26',0,'2016-09-13 21:31:06','0000-00-00 00:00:00',1,69),(293,328,1594,582.48,'2016-08-26',0,'2016-09-13 21:31:06','0000-00-00 00:00:00',1,179),(294,328,1595,582.48,'2016-08-26',0,'2016-09-13 21:31:06','0000-00-00 00:00:00',1,179),(295,328,1596,582.48,'2016-08-26',0,'2016-09-13 21:31:06','0000-00-00 00:00:00',1,79),(296,328,1600,291.24,'2016-08-26',0,'2016-09-13 21:31:06','0000-00-00 00:00:00',1,172),(297,328,1601,291.24,'2016-08-26',0,'2016-09-13 21:31:06','0000-00-00 00:00:00',1,173),(298,328,1605,631.02,'2016-08-26',0,'2016-09-13 21:31:06','0000-00-00 00:00:00',1,67),(299,328,1606,631.02,'2016-08-26',0,'2016-09-13 21:31:06','0000-00-00 00:00:00',1,67),(300,328,1607,582.48,'2016-08-26',0,'2016-09-13 21:31:06','0000-00-00 00:00:00',1,75),(301,328,1608,582.48,'2016-08-26',0,'2016-09-13 21:31:06','0000-00-00 00:00:00',1,78),(302,328,1516,765.16,'2016-08-26',0,'2016-09-13 21:31:06','0000-00-00 00:00:00',1,78),(303,328,1517,291.24,'2016-08-26',0,'2016-09-13 21:31:06','0000-00-00 00:00:00',1,78),(304,328,1610,582.48,'2016-08-26',0,'2016-09-13 21:31:06','0000-00-00 00:00:00',1,18),(305,328,1611,582.48,'2016-08-26',0,'2016-09-13 21:31:06','0000-00-00 00:00:00',1,18),(306,328,1613,291.24,'2016-08-26',0,'2016-09-13 21:31:06','0000-00-00 00:00:00',1,173),(307,329,1000,323.28,'2016-08-26',0,'2016-09-13 21:31:06','0000-00-00 00:00:00',1,84),(308,329,1001,377.65,'2016-08-26',0,'2016-09-13 21:31:06','0000-00-00 00:00:00',1,84),(309,329,1002,377.65,'2016-08-26',0,'2016-09-13 21:31:06','0000-00-00 00:00:00',1,84),(310,329,1003,377.65,'2016-08-26',0,'2016-09-13 21:31:06','0000-00-00 00:00:00',1,84),(311,329,1004,377.65,'2016-08-26',0,'2016-09-13 21:31:06','0000-00-00 00:00:00',1,84),(312,329,1151,436.86,'2016-08-26',0,'2016-09-13 21:31:06','0000-00-00 00:00:00',1,158),(313,329,1477,582.48,'2016-08-26',0,'2016-09-13 21:31:06','0000-00-00 00:00:00',1,43),(314,329,1503,436.86,'2016-08-26',0,'2016-09-13 21:31:06','0000-00-00 00:00:00',1,12),(315,329,1504,776.64,'2016-08-26',0,'2016-09-13 21:31:06','0000-00-00 00:00:00',1,12),(316,329,1513,582.48,'2016-08-26',0,'2016-09-13 21:31:06','0000-00-00 00:00:00',1,107),(317,329,1518,582.48,'2016-08-26',0,'2016-09-13 21:31:06','0000-00-00 00:00:00',1,75),(318,329,1521,582.48,'2016-08-26',0,'2016-09-13 21:31:06','0000-00-00 00:00:00',1,138),(319,329,1582,582.48,'2016-08-26',0,'2016-09-13 21:31:06','0000-00-00 00:00:00',1,182),(320,329,1619,582.48,'2016-08-26',0,'2016-09-13 21:31:06','0000-00-00 00:00:00',1,99),(321,329,1620,582.48,'2016-08-26',0,'2016-09-13 21:31:06','0000-00-00 00:00:00',1,99),(322,329,1510,765.09,'2016-08-26',0,'2016-09-13 21:31:06','0000-00-00 00:00:00',1,172),(323,329,1511,291.24,'2016-08-26',0,'2016-09-13 21:31:06','0000-00-00 00:00:00',1,172),(324,329,1609,436.86,'2016-08-26',0,'2016-09-13 21:31:06','0000-00-00 00:00:00',1,78),(325,329,1517,1456.21,'2016-08-26',0,'2016-09-13 21:31:06','0000-00-00 00:00:00',1,78),(326,329,1516,765,'2016-08-26',0,'2016-09-13 21:31:06','0000-00-00 00:00:00',1,78),(327,330,1366,956.36,'2016-08-26',0,'2016-09-13 21:31:06','0000-00-00 00:00:00',1,72),(328,330,1428,582.48,'2016-08-26',0,'2016-09-13 21:31:06','0000-00-00 00:00:00',1,18),(329,330,1505,776.65,'2016-08-26',0,'2016-09-13 21:31:06','0000-00-00 00:00:00',1,12),(330,330,1535,582.48,'2016-08-26',0,'2016-09-13 21:31:06','0000-00-00 00:00:00',1,84),(331,330,1540,728.1,'2016-08-26',0,'2016-09-13 21:31:06','0000-00-00 00:00:00',1,179),(332,330,1541,728.1,'2016-08-26',0,'2016-09-13 21:31:06','0000-00-00 00:00:00',1,179),(333,330,1542,728.1,'2016-08-26',0,'2016-09-13 21:31:06','0000-00-00 00:00:00',1,179),(334,330,1547,1434,'2016-08-26',0,'2016-09-13 21:31:06','0000-00-00 00:00:00',1,184),(335,330,1566,582.48,'2016-08-26',0,'2016-09-13 21:31:06','0000-00-00 00:00:00',1,84),(336,330,1624,436.86,'2016-08-26',0,'2016-09-13 21:31:06','0000-00-00 00:00:00',1,148),(337,330,1625,1216.89,'2016-08-26',0,'2016-09-13 21:31:06','0000-00-00 00:00:00',1,148),(338,330,1587,571.73,'2016-08-26',0,'2016-09-13 21:31:06','0000-00-00 00:00:00',1,158),(339,330,1588,291.24,'2016-08-26',0,'2016-09-13 21:31:06','0000-00-00 00:00:00',1,158),(340,331,1630,582.48,'2016-08-26',0,'2016-09-13 21:31:06','0000-00-00 00:00:00',1,12),(341,331,1629,631.02,'2016-08-26',0,'2016-09-13 21:31:06','0000-00-00 00:00:00',1,148),(342,331,1491,436.86,'2016-08-26',0,'2016-09-13 21:31:06','0000-00-00 00:00:00',1,67),(343,331,1490,436.86,'2016-08-26',0,'2016-09-13 21:31:06','0000-00-00 00:00:00',1,67),(344,331,1387,436.86,'2016-08-26',0,'2016-09-13 21:31:06','0000-00-00 00:00:00',1,173),(345,331,1600,291.24,'2016-08-26',0,'2016-09-13 21:31:06','0000-00-00 00:00:00',1,172),(346,331,1515,1912.72,'2016-08-26',0,'2016-09-13 21:31:06','0000-00-00 00:00:00',1,12),(347,331,1362,1195.45,'2016-08-26',0,'2016-09-13 21:31:06','0000-00-00 00:00:00',1,64),(348,331,1363,364.05,'2016-08-26',0,'2016-09-13 21:31:06','0000-00-00 00:00:00',1,64),(349,331,1574,582.48,'2016-08-26',0,'2016-09-13 21:31:06','0000-00-00 00:00:00',1,138),(350,331,1462,582.48,'2016-08-26',0,'2016-09-13 21:31:06','0000-00-00 00:00:00',1,12),(351,331,1624,194.16,'2016-08-26',0,'2016-09-13 21:31:06','0000-00-00 00:00:00',1,148),(352,331,1625,599.24,'2016-08-26',0,'2016-09-13 21:31:06','0000-00-00 00:00:00',1,148),(353,332,1503,436.86,'2016-08-26',0,'2016-09-13 21:31:06','0000-00-00 00:00:00',1,12),(354,332,1504,776.64,'2016-08-26',0,'2016-09-13 21:31:06','0000-00-00 00:00:00',1,12),(355,332,1509,436.86,'2016-08-26',0,'2016-09-13 21:31:06','0000-00-00 00:00:00',1,172),(356,332,1516,637.65,'2016-08-26',0,'2016-09-13 21:31:06','0000-00-00 00:00:00',1,78),(357,332,1517,145.58,'2016-08-26',0,'2016-09-13 21:31:06','0000-00-00 00:00:00',1,78),(358,332,1591,631.02,'2016-08-26',0,'2016-09-13 21:31:06','0000-00-00 00:00:00',1,72),(359,332,1592,631.02,'2016-08-26',0,'2016-09-13 21:31:06','0000-00-00 00:00:00',1,72),(360,332,1593,385.83,'2016-08-26',0,'2016-09-13 21:31:06','0000-00-00 00:00:00',1,72),(361,332,1608,582.48,'2016-08-26',0,'2016-09-13 21:31:06','0000-00-00 00:00:00',1,78),(362,332,1609,728.1,'2016-08-26',0,'2016-09-13 21:31:06','0000-00-00 00:00:00',1,78),(363,332,1610,582.48,'2016-08-26',0,'2016-09-13 21:31:06','0000-00-00 00:00:00',1,18),(364,332,1611,582.48,'2016-08-26',0,'2016-09-13 21:31:06','0000-00-00 00:00:00',1,18),(365,332,1631,291.24,'2016-08-26',0,'2016-09-13 21:31:06','0000-00-00 00:00:00',1,83),(366,332,1634,1568,'2016-08-26',0,'2016-09-13 21:31:06','0000-00-00 00:00:00',1,79),(367,332,1637,631.02,'2016-08-26',0,'2016-09-13 21:31:06','0000-00-00 00:00:00',1,148),(368,332,1638,631.02,'2016-08-26',0,'2016-09-13 21:31:06','0000-00-00 00:00:00',1,148),(369,332,1639,582.4827586,'2016-08-26',0,'2016-09-13 21:31:06','0000-00-00 00:00:00',1,153),(370,333,1432,956.36,'2016-08-26',0,'2016-09-13 21:31:06','0000-00-00 00:00:00',1,172),(371,333,1439,873.72,'2016-08-26',0,'2016-09-13 21:31:06','0000-00-00 00:00:00',1,84),(372,333,1478,873.72,'2016-08-26',0,'2016-09-13 21:31:06','0000-00-00 00:00:00',1,173),(373,333,1479,873.72,'2016-08-26',0,'2016-09-13 21:31:06','0000-00-00 00:00:00',1,173),(374,333,1480,873.72,'2016-08-26',0,'2016-09-13 21:31:06','0000-00-00 00:00:00',1,173),(375,333,1481,436.86,'2016-08-26',0,'2016-09-13 21:31:06','0000-00-00 00:00:00',1,173),(376,333,1505,776.65,'2016-08-26',0,'2016-09-13 21:31:06','0000-00-00 00:00:00',1,12),(377,333,1529,1164.96,'2016-08-26',0,'2016-09-13 21:31:06','0000-00-00 00:00:00',1,18),(378,333,1546,1384.1,'2016-08-26',0,'2016-09-13 21:31:06','0000-00-00 00:00:00',1,173),(379,333,1556,582.48,'2016-08-26',0,'2016-09-13 21:31:06','0000-00-00 00:00:00',1,184),(380,333,1585,582.48,'2016-08-26',0,'2016-09-13 21:31:06','0000-00-00 00:00:00',1,180),(381,333,1586,582.48,'2016-08-26',0,'2016-09-13 21:31:06','0000-00-00 00:00:00',1,180),(382,333,1596,582.48,'2016-08-26',0,'2016-09-13 21:31:06','0000-00-00 00:00:00',1,79),(383,334,1373,582.48,'2016-08-26',0,'2016-09-13 21:31:06','0000-00-00 00:00:00',1,134),(384,334,1409,1191.103448,'2016-08-26',0,'2016-09-13 21:31:06','0000-00-00 00:00:00',1,78),(385,334,1428,582.48,'2016-08-26',0,'2016-09-13 21:31:06','0000-00-00 00:00:00',1,18),(386,334,1462,582.48,'2016-08-26',0,'2016-09-13 21:31:06','0000-00-00 00:00:00',1,12),(387,334,1507,1164.96,'2016-08-26',0,'2016-09-13 21:31:06','0000-00-00 00:00:00',1,83),(388,334,1513,582.48,'2016-08-26',0,'2016-09-13 21:31:06','0000-00-00 00:00:00',1,107),(389,334,1518,582.48,'2016-08-26',0,'2016-09-13 21:31:06','0000-00-00 00:00:00',1,75),(390,334,1521,582.48,'2016-08-26',0,'2016-09-13 21:31:06','0000-00-00 00:00:00',1,138),(391,334,1538,582.48,'2016-08-26',0,'2016-09-13 21:31:06','0000-00-00 00:00:00',1,84),(392,334,1547,191.3,'2016-08-26',0,'2016-09-13 21:31:06','0000-00-00 00:00:00',1,184),(393,334,1567,582.48,'2016-08-26',0,'2016-09-13 21:31:06','0000-00-00 00:00:00',1,158),(394,334,1582,582.48,'2016-08-26',0,'2016-09-13 21:31:06','0000-00-00 00:00:00',1,182),(395,334,1587,571.73,'2016-08-26',0,'2016-09-13 21:31:06','0000-00-00 00:00:00',1,158),(396,334,1588,291.24,'2016-08-26',0,'2016-09-13 21:31:06','0000-00-00 00:00:00',1,158),(397,334,1601,291.24,'2016-08-26',0,'2016-09-13 21:31:06','0000-00-00 00:00:00',1,173),(398,334,1643,582.48,'2016-08-26',0,'2016-09-13 21:31:06','0000-00-00 00:00:00',1,180),(399,335,1362,1195.45,'2016-08-26',0,'2016-09-13 21:31:06','0000-00-00 00:00:00',1,64),(400,335,1363,364.05,'2016-08-26',0,'2016-09-13 21:31:06','0000-00-00 00:00:00',1,64),(401,335,1510,765.09,'2016-08-26',0,'2016-09-13 21:31:06','0000-00-00 00:00:00',1,172),(402,335,1511,291.24,'2016-08-26',0,'2016-09-13 21:31:06','0000-00-00 00:00:00',1,172),(403,335,1515,1912.72,'2016-08-26',0,'2016-09-13 21:31:06','0000-00-00 00:00:00',1,12),(404,335,1535,582.48,'2016-08-26',0,'2016-09-13 21:31:06','0000-00-00 00:00:00',1,84),(405,335,1540,728.1,'2016-08-26',0,'2016-09-13 21:31:06','0000-00-00 00:00:00',1,179),(406,335,1541,728.1,'2016-08-26',0,'2016-09-13 21:31:06','0000-00-00 00:00:00',1,179),(407,335,1542,728.1,'2016-08-26',0,'2016-09-13 21:31:06','0000-00-00 00:00:00',1,179),(408,335,1574,582.48,'2016-08-26',0,'2016-09-13 21:31:06','0000-00-00 00:00:00',1,138),(409,335,1600,291.24,'2016-08-26',0,'2016-09-13 21:31:06','0000-00-00 00:00:00',1,172),(410,335,1607,582.48,'2016-08-26',0,'2016-09-13 21:31:06','0000-00-00 00:00:00',1,75),(411,335,1624,631.02,'2016-08-26',0,'2016-09-13 21:31:06','0000-00-00 00:00:00',1,148),(412,335,1625,1622,'2016-08-26',0,'2016-09-13 21:31:06','0000-00-00 00:00:00',1,148),(413,335,1644,1833.72,'2016-08-26',0,'2016-09-13 21:31:06','0000-00-00 00:00:00',1,158),(414,336,1374,436.86,'2016-08-26',0,'2016-09-13 21:31:06','0000-00-00 00:00:00',1,12),(415,336,1490,436.86,'2016-08-26',0,'2016-09-13 21:31:06','0000-00-00 00:00:00',1,67),(416,336,1491,436.86,'2016-08-26',0,'2016-09-13 21:31:06','0000-00-00 00:00:00',1,67),(417,336,1522,582.48,'2016-08-26',0,'2016-09-13 21:31:06','0000-00-00 00:00:00',1,69),(418,336,1585,582.48,'2016-08-26',0,'2016-09-13 21:31:06','0000-00-00 00:00:00',1,180),(419,336,1586,582.48,'2016-08-26',0,'2016-09-13 21:31:06','0000-00-00 00:00:00',1,180),(420,336,1594,582.48,'2016-08-26',0,'2016-09-13 21:31:06','0000-00-00 00:00:00',1,179),(421,336,1595,582.48,'2016-08-26',0,'2016-09-13 21:31:06','0000-00-00 00:00:00',1,179),(422,336,1629,631.02,'2016-08-26',0,'2016-09-13 21:31:06','0000-00-00 00:00:00',1,148),(423,336,1637,631.02,'2016-08-26',0,'2016-09-13 21:31:06','0000-00-00 00:00:00',1,148),(424,336,1638,631.02,'2016-08-26',0,'2016-09-13 21:31:06','0000-00-00 00:00:00',1,148),(425,336,1639,1164.96,'2016-08-26',0,'2016-09-13 21:31:06','0000-00-00 00:00:00',1,153),(426,336,1650,291.24,'2016-08-26',0,'2016-09-13 21:31:06','0000-00-00 00:00:00',1,172),(427,336,1651,765.09,'2016-08-26',0,'2016-09-13 21:31:06','0000-00-00 00:00:00',1,172),(428,337,1432,956.36,'2016-08-26',0,'2016-09-13 21:31:06','0000-00-00 00:00:00',1,172),(429,337,1505,776.65,'2016-08-26',0,'2016-09-13 21:31:06','0000-00-00 00:00:00',1,12),(430,337,1516,1275.3,'2016-08-26',0,'2016-09-13 21:31:06','0000-00-00 00:00:00',1,78),(431,337,1517,291.16,'2016-08-26',0,'2016-09-13 21:31:06','0000-00-00 00:00:00',1,78),(432,337,1529,582.48,'2016-08-26',0,'2016-09-13 21:31:06','0000-00-00 00:00:00',1,18),(433,337,1546,1384.1,'2016-08-26',0,'2016-09-13 21:31:06','0000-00-00 00:00:00',1,173),(434,337,1556,582.48,'2016-08-26',0,'2016-09-13 21:31:06','0000-00-00 00:00:00',1,184),(435,337,1582,582.48,'2016-08-26',0,'2016-09-13 21:31:06','0000-00-00 00:00:00',1,182),(436,337,1591,631.02,'2016-08-26',0,'2016-09-13 21:31:06','0000-00-00 00:00:00',1,72),(437,337,1592,631.02,'2016-08-26',0,'2016-09-13 21:31:06','0000-00-00 00:00:00',1,72),(438,337,1593,385.83,'2016-08-26',0,'2016-09-13 21:31:06','0000-00-00 00:00:00',1,72),(439,337,1601,291.24,'2016-08-26',0,'2016-09-13 21:31:06','0000-00-00 00:00:00',1,173),(440,337,1607,582.48,'2016-08-26',0,'2016-09-13 21:31:06','0000-00-00 00:00:00',1,75),(441,337,1608,1164.96,'2016-08-26',0,'2016-09-13 21:31:06','0000-00-00 00:00:00',1,78),(442,337,1609,1164.96,'2016-08-26',0,'2016-09-13 21:31:06','0000-00-00 00:00:00',1,78),(443,337,1610,582.48,'2016-08-26',0,'2016-09-13 21:31:06','0000-00-00 00:00:00',1,18),(444,337,1611,582.48,'2016-08-26',0,'2016-09-13 21:31:06','0000-00-00 00:00:00',1,18),(445,337,1631,291.24,'2016-08-26',0,'2016-09-13 21:31:06','0000-00-00 00:00:00',1,83),(446,337,1662,631.02,'2016-08-26',0,'2016-09-13 21:31:06','0000-00-00 00:00:00',1,148),(447,337,1663,631.02,'2016-08-26',0,'2016-09-13 21:31:06','0000-00-00 00:00:00',1,148),(448,337,1664,631.02,'2016-08-26',0,'2016-09-13 21:31:06','0000-00-00 00:00:00',1,148),(449,337,1665,631.02,'2016-08-26',0,'2016-09-13 21:31:06','0000-00-00 00:00:00',1,148),(450,337,1666,631.02,'2016-08-26',0,'2016-09-13 21:31:06','0000-00-00 00:00:00',1,148),(451,337,1667,631.02,'2016-08-26',0,'2016-09-13 21:31:06','0000-00-00 00:00:00',1,148),(452,337,1669,567,'2016-08-26',0,'2016-09-13 21:31:06','0000-00-00 00:00:00',1,67),(453,337,1670,1530.17,'2016-08-26',0,'2016-09-13 21:31:06','0000-00-00 00:00:00',1,67),(454,338,1151,873.72,'2016-08-26',0,'2016-09-13 21:31:06','0000-00-00 00:00:00',1,158),(455,338,1249,1147.635776,'2016-08-26',0,'2016-09-13 21:31:06','0000-00-00 00:00:00',1,72),(456,338,1478,436.86,'2016-08-26',0,'2016-09-13 21:31:06','0000-00-00 00:00:00',1,173),(457,338,1479,436.86,'2016-08-26',0,'2016-09-13 21:31:06','0000-00-00 00:00:00',1,173),(458,338,1480,436.86,'2016-08-26',0,'2016-09-13 21:31:06','0000-00-00 00:00:00',1,173),(459,338,1481,436.86,'2016-08-26',0,'2016-09-13 21:31:06','0000-00-00 00:00:00',1,173),(460,338,1513,582.48,'2016-08-26',0,'2016-09-13 21:31:06','0000-00-00 00:00:00',1,107),(461,338,1538,582.48,'2016-08-26',0,'2016-09-13 21:31:06','0000-00-00 00:00:00',1,84),(462,338,1563,1747.44,'2016-08-26',0,'2016-09-13 21:31:06','0000-00-00 00:00:00',1,138),(463,338,1566,582.48,'2016-08-26',0,'2016-09-13 21:31:06','0000-00-00 00:00:00',1,84),(464,338,1567,582.48,'2016-08-26',0,'2016-09-13 21:31:06','0000-00-00 00:00:00',1,158),(465,338,1596,582.48,'2016-08-26',0,'2016-09-13 21:31:06','0000-00-00 00:00:00',1,79),(466,338,1605,631.02,'2016-08-26',0,'2016-09-13 21:31:06','0000-00-00 00:00:00',1,67),(467,338,1606,631.02,'2016-08-26',0,'2016-09-13 21:31:06','0000-00-00 00:00:00',1,67),(468,339,1385,631.02,'2016-08-26',0,'2016-09-13 21:31:06','0000-00-00 00:00:00',1,64),(469,339,1439,436.86,'2016-08-26',0,'2016-09-13 21:31:06','0000-00-00 00:00:00',1,84),(470,339,1462,582.48,'2016-08-26',0,'2016-09-13 21:31:06','0000-00-00 00:00:00',1,12),(471,339,1515,1912.72,'2016-08-26',0,'2016-09-13 21:31:06','0000-00-00 00:00:00',1,12),(472,339,1535,582.48,'2016-08-26',0,'2016-09-13 21:31:06','0000-00-00 00:00:00',1,84),(473,339,1540,728.1,'2016-08-26',0,'2016-09-13 21:31:06','0000-00-00 00:00:00',1,179),(474,339,1541,728.1,'2016-08-26',0,'2016-09-13 21:31:06','0000-00-00 00:00:00',1,179),(475,339,1542,728.1,'2016-08-26',0,'2016-09-13 21:31:06','0000-00-00 00:00:00',1,179),(476,339,1574,582.48,'2016-08-26',0,'2016-09-13 21:31:06','0000-00-00 00:00:00',1,138),(477,339,1600,291.24,'2016-08-26',0,'2016-09-13 21:31:06','0000-00-00 00:00:00',1,172),(478,339,1644,611.24,'2016-08-26',0,'2016-09-13 21:31:06','0000-00-00 00:00:00',1,158),(479,340,1477,582.48,'2016-08-26',0,'2016-09-13 21:31:06','0000-00-00 00:00:00',1,43),(480,340,1521,582.48,'2016-08-26',0,'2016-09-13 21:31:06','0000-00-00 00:00:00',1,138),(481,340,1594,582.48,'2016-08-26',0,'2016-09-13 21:31:06','0000-00-00 00:00:00',1,179),(482,340,1595,582.48,'2016-08-26',0,'2016-09-13 21:31:06','0000-00-00 00:00:00',1,179),(483,340,1624,631.02,'2016-08-26',0,'2016-09-13 21:31:06','0000-00-00 00:00:00',1,148),(484,340,1625,1622,'2016-08-26',0,'2016-09-13 21:31:06','0000-00-00 00:00:00',1,148),(485,340,1631,291.24,'2016-08-26',0,'2016-09-13 21:31:06','0000-00-00 00:00:00',1,83),(486,340,1676,0,'2016-08-26',0,'2016-09-13 21:31:06','0000-00-00 00:00:00',1,84),(487,340,1677,9070.64,'2016-08-26',0,'2016-09-13 21:31:06','0000-00-00 00:00:00',1,158),(488,341,1362,1195.45,'2016-08-26',0,'2016-09-13 21:31:06','0000-00-00 00:00:00',1,64),(489,341,1363,364.05,'2016-08-26',0,'2016-09-13 21:31:06','0000-00-00 00:00:00',1,64),(490,341,1478,436.86,'2016-08-26',0,'2016-09-13 21:31:06','0000-00-00 00:00:00',1,173),(491,341,1479,436.86,'2016-08-26',0,'2016-09-13 21:31:06','0000-00-00 00:00:00',1,173),(492,341,1480,436.86,'2016-08-26',0,'2016-09-13 21:31:06','0000-00-00 00:00:00',1,173),(493,341,1481,436.86,'2016-08-26',0,'2016-09-13 21:31:06','0000-00-00 00:00:00',1,173),(494,341,1610,582.48,'2016-08-26',0,'2016-09-13 21:31:06','0000-00-00 00:00:00',1,18),(495,341,1611,582.48,'2016-08-26',0,'2016-09-13 21:31:06','0000-00-00 00:00:00',1,18),(496,341,1637,631.02,'2016-08-26',0,'2016-09-13 21:31:06','0000-00-00 00:00:00',1,148),(497,341,1638,631.02,'2016-08-26',0,'2016-09-13 21:31:06','0000-00-00 00:00:00',1,148),(498,341,1650,291.24,'2016-08-26',0,'2016-09-13 21:31:06','0000-00-00 00:00:00',1,172),(499,341,1651,765.09,'2016-08-26',0,'2016-09-13 21:31:06','0000-00-00 00:00:00',1,172),(500,341,1681,2812.97,'2016-08-26',0,'2016-09-13 21:31:06','0000-00-00 00:00:00',1,67),(501,341,1682,1164.965517,'2016-08-26',0,'2016-09-13 21:31:06','0000-00-00 00:00:00',1,67),(502,341,1685,291.24,'2016-08-26',0,'2016-09-13 21:31:06','0000-00-00 00:00:00',1,72),(503,342,1432,956.36,'2016-08-26',0,'2016-09-13 21:31:06','0000-00-00 00:00:00',1,172),(504,342,1490,436.86,'2016-08-26',0,'2016-09-13 21:31:06','0000-00-00 00:00:00',1,67),(505,342,1491,436.86,'2016-08-26',0,'2016-09-13 21:31:06','0000-00-00 00:00:00',1,67),(506,342,1505,776.65,'2016-08-26',0,'2016-09-13 21:31:06','0000-00-00 00:00:00',1,12),(507,342,1546,1384.1,'2016-08-26',0,'2016-09-13 21:31:06','0000-00-00 00:00:00',1,173),(508,342,1556,582.48,'2016-08-26',0,'2016-09-13 21:31:06','0000-00-00 00:00:00',1,184),(509,342,1563,582.48,'2016-08-26',0,'2016-09-13 21:31:06','0000-00-00 00:00:00',1,138),(510,342,1566,582.48,'2016-08-26',0,'2016-09-13 21:31:06','0000-00-00 00:00:00',1,84),(511,342,1582,582.48,'2016-08-26',0,'2016-09-13 21:31:06','0000-00-00 00:00:00',1,182),(512,342,1585,582.48,'2016-08-26',0,'2016-09-13 21:31:06','0000-00-00 00:00:00',1,180),(513,342,1586,582.48,'2016-08-26',0,'2016-09-13 21:31:06','0000-00-00 00:00:00',1,180),(514,342,1596,582.48,'2016-08-26',0,'2016-09-13 21:31:06','0000-00-00 00:00:00',1,79),(515,342,1601,291.24,'2016-08-26',0,'2016-09-13 21:31:06','0000-00-00 00:00:00',1,173),(516,342,1605,631.02,'2016-08-26',0,'2016-09-13 21:31:06','0000-00-00 00:00:00',1,67),(517,342,1606,631.02,'2016-08-26',0,'2016-09-13 21:31:06','0000-00-00 00:00:00',1,67),(518,342,1607,582.48,'2016-08-26',0,'2016-09-13 21:31:06','0000-00-00 00:00:00',1,75),(519,342,1629,631.02,'2016-08-26',0,'2016-09-13 21:31:06','0000-00-00 00:00:00',1,148),(520,342,1666,631.02,'2016-08-26',0,'2016-09-13 21:31:06','0000-00-00 00:00:00',1,148),(521,342,1676,24662,'2016-08-26',0,'2016-09-13 21:31:06','0000-00-00 00:00:00',1,84),(522,342,1688,631.0229885,'2016-08-26',0,'2016-09-13 21:31:06','0000-00-00 00:00:00',1,158),(523,342,1689,631.0229885,'2016-08-26',0,'2016-09-13 21:31:06','0000-00-00 00:00:00',1,158),(524,342,1690,631.0229885,'2016-08-26',0,'2016-09-13 21:31:06','0000-00-00 00:00:00',1,84),(525,342,1691,631.0229885,'2016-08-26',0,'2016-09-13 21:31:06','0000-00-00 00:00:00',1,84),(526,342,1692,631.0229885,'2016-08-26',0,'2016-09-13 21:31:06','0000-00-00 00:00:00',1,84),(527,343,1428,582.48,'2016-08-26',0,'2016-09-13 21:31:06','0000-00-00 00:00:00',1,18),(528,343,1507,582.48,'2016-08-26',0,'2016-09-13 21:31:06','0000-00-00 00:00:00',1,83),(529,343,1510,1530.18,'2016-08-26',0,'2016-09-13 21:31:06','0000-00-00 00:00:00',1,172),(530,343,1511,582.48,'2016-08-26',0,'2016-09-13 21:31:06','0000-00-00 00:00:00',1,172),(531,343,1515,1912.72,'2016-08-26',0,'2016-09-13 21:31:06','0000-00-00 00:00:00',1,12),(532,343,1538,582.48,'2016-08-26',0,'2016-09-13 21:31:06','0000-00-00 00:00:00',1,84),(533,343,1591,631.02,'2016-08-26',0,'2016-09-13 21:31:06','0000-00-00 00:00:00',1,72),(534,343,1592,631.02,'2016-08-26',0,'2016-09-13 21:31:06','0000-00-00 00:00:00',1,72),(535,343,1593,385.83,'2016-08-26',0,'2016-09-13 21:31:06','0000-00-00 00:00:00',1,72),(536,343,1600,291.24,'2016-08-26',0,'2016-09-13 21:31:06','0000-00-00 00:00:00',1,172),(537,343,1619,1164.96,'2016-08-26',0,'2016-09-13 21:31:06','0000-00-00 00:00:00',1,99),(538,343,1620,1164.96,'2016-08-26',0,'2016-09-13 21:31:06','0000-00-00 00:00:00',1,99),(539,343,1644,611.24,'2016-08-26',0,'2016-09-13 21:31:06','0000-00-00 00:00:00',1,158),(540,343,1679,582.48,'2016-08-26',0,'2016-09-13 21:31:06','0000-00-00 00:00:00',1,67),(541,343,1694,291.24,'2016-08-26',0,'2016-09-13 21:31:06','0000-00-00 00:00:00',1,67),(542,343,1695,1120.69,'2016-08-26',0,'2016-09-13 21:31:06','0000-00-00 00:00:00',1,84),(543,343,1696,582.48,'2016-08-26',0,'2016-09-13 21:31:06','0000-00-00 00:00:00',1,158),(544,344,1195,1978.1,'2016-08-26',0,'2016-09-13 21:31:06','0000-00-00 00:00:00',1,67),(545,344,1249,1147.635776,'2016-08-26',0,'2016-09-13 21:31:06','0000-00-00 00:00:00',1,72),(546,344,1366,956.36,'2016-08-26',0,'2016-09-13 21:31:06','0000-00-00 00:00:00',1,72),(547,344,1462,582.48,'2016-08-26',0,'2016-09-13 21:31:06','0000-00-00 00:00:00',1,12),(548,344,1477,582.48,'2016-08-26',0,'2016-09-13 21:31:06','0000-00-00 00:00:00',1,43),(549,344,1513,582.48,'2016-08-26',0,'2016-09-13 21:31:06','0000-00-00 00:00:00',1,107),(550,344,1516,637.65,'2016-08-26',0,'2016-09-13 21:31:06','0000-00-00 00:00:00',1,78),(551,344,1517,145.58,'2016-08-26',0,'2016-09-13 21:31:06','0000-00-00 00:00:00',1,78),(552,344,1521,582.48,'2016-08-26',0,'2016-09-13 21:31:06','0000-00-00 00:00:00',1,138),(553,344,1529,582.48,'2016-08-26',0,'2016-09-13 21:31:06','0000-00-00 00:00:00',1,18),(554,344,1535,582.48,'2016-08-26',0,'2016-09-13 21:31:06','0000-00-00 00:00:00',1,84),(555,344,1540,728.1,'2016-08-26',0,'2016-09-13 21:31:06','0000-00-00 00:00:00',1,179),(556,344,1541,728.1,'2016-08-26',0,'2016-09-13 21:31:06','0000-00-00 00:00:00',1,179),(557,344,1542,728.1,'2016-08-26',0,'2016-09-13 21:31:06','0000-00-00 00:00:00',1,179),(558,344,1567,582.48,'2016-08-26',0,'2016-09-13 21:31:06','0000-00-00 00:00:00',1,158),(559,344,1574,582.48,'2016-08-26',0,'2016-09-13 21:31:06','0000-00-00 00:00:00',1,138),(560,344,1594,582.48,'2016-08-26',0,'2016-09-13 21:31:06','0000-00-00 00:00:00',1,179),(561,344,1595,582.48,'2016-08-26',0,'2016-09-13 21:31:06','0000-00-00 00:00:00',1,179),(562,344,1608,582.48,'2016-08-26',0,'2016-09-13 21:31:06','0000-00-00 00:00:00',1,78),(563,344,1609,582.48,'2016-08-26',0,'2016-09-13 21:31:06','0000-00-00 00:00:00',1,78),(564,344,1624,631.02,'2016-08-26',0,'2016-09-13 21:31:06','0000-00-00 00:00:00',1,148),(565,344,1625,1622,'2016-08-26',0,'2016-09-13 21:31:06','0000-00-00 00:00:00',1,148),(566,344,1697,70887.93,'2016-08-26',0,'2016-09-13 21:31:06','0000-00-00 00:00:00',1,13),(567,344,1698,3494.9,'2016-08-26',0,'2016-09-13 21:31:06','0000-00-00 00:00:00',1,13),(568,344,1699,3494.9,'2016-08-26',0,'2016-09-13 21:31:06','0000-00-00 00:00:00',1,13),(569,344,1701,291.2413793,'2016-08-26',0,'2016-09-13 21:31:06','0000-00-00 00:00:00',1,67),(570,344,1702,631.02,'2016-08-26',0,'2016-09-13 21:31:06','0000-00-00 00:00:00',1,148),(571,344,1703,280.17,'2016-08-26',0,'2016-09-13 21:31:06','0000-00-00 00:00:00',1,148),(572,344,1705,3786.14,'2016-08-26',0,'2016-09-13 21:31:06','0000-00-00 00:00:00',1,148),(573,344,1706,3786.14,'2016-08-26',0,'2016-09-13 21:31:06','0000-00-00 00:00:00',1,148),(574,344,1581,582.48,'2016-08-26',0,'2016-09-13 21:31:06','0000-00-00 00:00:00',1,138),(575,344,1677,1395.48,'2016-08-26',0,'2016-09-13 21:31:06','0000-00-00 00:00:00',1,158),(576,345,1386,1286.23,'2016-08-26',0,'2016-09-13 21:31:06','0000-00-00 00:00:00',1,78),(577,345,1432,956.36,'2016-08-26',0,'2016-09-13 21:31:06','0000-00-00 00:00:00',1,172),(578,345,1439,436.86,'2016-08-26',0,'2016-09-13 21:31:06','0000-00-00 00:00:00',1,84),(579,345,1585,582.48,'2016-08-26',0,'2016-09-13 21:31:06','0000-00-00 00:00:00',1,180),(580,345,1586,582.48,'2016-08-26',0,'2016-09-13 21:31:06','0000-00-00 00:00:00',1,180),(581,345,1610,582.48,'2016-08-26',0,'2016-09-13 21:31:06','0000-00-00 00:00:00',1,18),(582,345,1611,582.48,'2016-08-26',0,'2016-09-13 21:31:06','0000-00-00 00:00:00',1,18),(583,345,1631,291.24,'2016-08-26',0,'2016-09-13 21:31:06','0000-00-00 00:00:00',1,83),(584,345,1637,631.02,'2016-08-26',0,'2016-09-13 21:31:06','0000-00-00 00:00:00',1,148),(585,345,1638,631.02,'2016-08-26',0,'2016-09-13 21:31:06','0000-00-00 00:00:00',1,148),(586,345,1650,291.24,'2016-08-26',0,'2016-09-13 21:31:06','0000-00-00 00:00:00',1,172),(587,345,1651,765.09,'2016-08-26',0,'2016-09-13 21:31:06','0000-00-00 00:00:00',1,172),(588,345,1687,2586.21,'2016-08-26',0,'2016-09-13 21:31:06','0000-00-00 00:00:00',1,167),(589,345,1700,1039.66,'2016-08-26',0,'2016-09-13 21:31:06','0000-00-00 00:00:00',1,13),(590,345,1704,6112.8,'2016-08-26',0,'2016-09-13 21:31:06','0000-00-00 00:00:00',1,148),(591,345,1715,1530.310345,'2016-08-26',0,'2016-09-13 21:31:06','0000-00-00 00:00:00',1,67),(592,345,1716,582.4827586,'2016-08-26',0,'2016-09-13 21:31:06','0000-00-00 00:00:00',1,67),(593,345,1717,582.4827586,'2016-08-26',0,'2016-09-13 21:31:06','0000-00-00 00:00:00',1,67),(594,345,1686,3494.9,'2016-08-26',0,'2016-09-13 21:31:06','0000-00-00 00:00:00',1,167),(595,345,1712,877.22,'2016-08-26',0,'2016-09-13 21:31:06','0000-00-00 00:00:00',1,107),(596,345,1713,877.22,'2016-08-26',0,'2016-09-13 21:31:06','0000-00-00 00:00:00',1,107),(597,346,1362,1195.45,'2016-08-26',0,'2016-09-13 21:31:06','0000-00-00 00:00:00',1,64),(598,346,1363,364.05,'2016-08-26',0,'2016-09-13 21:31:06','0000-00-00 00:00:00',1,64),(599,346,1505,279,'2016-08-26',0,'2016-09-13 21:31:06','0000-00-00 00:00:00',1,12),(600,346,1556,582.48,'2016-08-26',0,'2016-09-13 21:31:06','0000-00-00 00:00:00',1,184),(601,346,1607,582.48,'2016-08-26',0,'2016-09-13 21:31:06','0000-00-00 00:00:00',1,75),(602,346,1639,1164.96,'2016-08-26',0,'2016-09-13 21:31:06','0000-00-00 00:00:00',1,153),(603,346,1662,631,'2016-08-26',0,'2016-09-13 21:31:06','0000-00-00 00:00:00',1,148),(604,346,1663,631,'2016-08-26',0,'2016-09-13 21:31:06','0000-00-00 00:00:00',1,148),(605,346,1664,631,'2016-08-26',0,'2016-09-13 21:31:06','0000-00-00 00:00:00',1,148),(606,346,1665,631,'2016-08-26',0,'2016-09-13 21:31:06','0000-00-00 00:00:00',1,148),(607,346,1666,631.02,'2016-08-26',0,'2016-09-13 21:31:06','0000-00-00 00:00:00',1,148),(608,346,1669,582.48,'2016-08-26',0,'2016-09-13 21:31:06','0000-00-00 00:00:00',1,67),(609,346,1670,1530.17,'2016-08-26',0,'2016-09-13 21:31:06','0000-00-00 00:00:00',1,67),(610,346,1688,631.02,'2016-08-26',0,'2016-09-13 21:31:06','0000-00-00 00:00:00',1,158),(611,346,1689,631.02,'2016-08-26',0,'2016-09-13 21:31:06','0000-00-00 00:00:00',1,158),(612,346,1718,220.67,'2016-08-26',0,'2016-09-13 21:31:06','0000-00-00 00:00:00',1,18),(613,346,1711,1108.97,'2016-08-26',0,'2016-09-13 21:31:06','0000-00-00 00:00:00',1,18),(614,346,1715,382.58,'2016-08-26',0,'2016-09-13 21:31:06','0000-00-00 00:00:00',1,67),(615,346,1716,145.62,'2016-08-26',0,'2016-09-13 21:31:06','0000-00-00 00:00:00',1,67),(616,346,1717,145.62,'2016-08-26',0,'2016-09-13 21:31:06','0000-00-00 00:00:00',1,67),(617,346,1712,274,'2016-08-26',0,'2016-09-13 21:31:06','0000-00-00 00:00:00',1,107),(618,346,1713,274,'2016-08-26',0,'2016-09-13 21:31:06','0000-00-00 00:00:00',1,107),(620,347,1373,582.48,'2016-08-26',0,'2016-09-13 21:31:06','0000-00-00 00:00:00',1,134),(621,347,1449,647.2,'2016-08-26',0,'2016-09-13 21:31:06','0000-00-00 00:00:00',1,84),(622,347,1471,2329.94,'2016-08-26',0,'2016-09-13 21:31:06','0000-00-00 00:00:00',1,72),(623,347,1478,436.86,'2016-08-26',0,'2016-09-13 21:31:06','0000-00-00 00:00:00',1,173),(624,347,1479,436.86,'2016-08-26',0,'2016-09-13 21:31:06','0000-00-00 00:00:00',1,173),(625,347,1480,436.86,'2016-08-26',0,'2016-09-13 21:31:06','0000-00-00 00:00:00',1,173),(626,347,1481,436.86,'2016-08-26',0,'2016-09-13 21:31:06','0000-00-00 00:00:00',1,173),(627,347,1513,582.48,'2016-08-26',0,'2016-09-13 21:31:06','0000-00-00 00:00:00',1,107),(628,347,1538,582.48,'2016-08-26',0,'2016-09-13 21:31:06','0000-00-00 00:00:00',1,84),(629,347,1546,1384.1,'2016-08-26',0,'2016-09-13 21:31:06','0000-00-00 00:00:00',1,173),(630,347,1563,582.48,'2016-08-26',0,'2016-09-13 21:31:06','0000-00-00 00:00:00',1,138),(631,347,1596,582.48,'2016-08-26',0,'2016-09-13 21:31:06','0000-00-00 00:00:00',1,79),(632,347,1600,291.24,'2016-08-26',0,'2016-09-13 21:31:06','0000-00-00 00:00:00',1,172),(633,347,1601,291.24,'2016-08-26',0,'2016-09-13 21:31:06','0000-00-00 00:00:00',1,173),(634,347,1644,611.24,'2016-08-26',0,'2016-09-13 21:31:06','0000-00-00 00:00:00',1,158),(635,347,1690,631.02,'2016-08-26',0,'2016-09-13 21:31:06','0000-00-00 00:00:00',1,84),(636,347,1694,371,'2016-08-26',0,'2016-09-13 21:31:06','0000-00-00 00:00:00',1,67),(637,347,1695,1120.69,'2016-08-26',0,'2016-09-13 21:31:06','0000-00-00 00:00:00',1,84),(638,347,1701,291.24,'2016-08-26',0,'2016-09-13 21:31:06','0000-00-00 00:00:00',1,67),(639,347,1721,679.56,'2016-08-26',0,'2016-09-13 21:31:06','0000-00-00 00:00:00',1,13),(640,347,1482,582.48,'2016-08-26',0,'2016-09-13 21:31:06','0000-00-00 00:00:00',1,43),(641,347,1483,582.48,'2016-08-26',0,'2016-09-13 21:31:06','0000-00-00 00:00:00',1,43),(642,348,1462,582.48,'2016-08-26',0,'2016-09-13 21:31:06','0000-00-00 00:00:00',1,12),(643,348,1515,1912.72,'2016-08-26',0,'2016-09-13 21:31:06','0000-00-00 00:00:00',1,12),(644,348,1567,582.48,'2016-08-26',0,'2016-09-13 21:31:06','0000-00-00 00:00:00',1,158),(645,348,1574,582.48,'2016-08-26',0,'2016-09-13 21:31:06','0000-00-00 00:00:00',1,138),(646,348,1594,582.48,'2016-08-26',0,'2016-09-13 21:31:06','0000-00-00 00:00:00',1,179),(647,348,1595,582.48,'2016-08-26',0,'2016-09-13 21:31:06','0000-00-00 00:00:00',1,179),(648,348,1619,582.48,'2016-08-26',0,'2016-09-13 21:31:06','0000-00-00 00:00:00',1,99),(649,348,1620,582.48,'2016-08-26',0,'2016-09-13 21:31:06','0000-00-00 00:00:00',1,99),(650,348,1624,631.02,'2016-08-26',0,'2016-09-13 21:31:06','0000-00-00 00:00:00',1,148),(651,348,1625,1622,'2016-08-26',0,'2016-09-13 21:31:06','0000-00-00 00:00:00',1,148),(652,348,1643,1164.96,'2016-08-26',0,'2016-09-13 21:31:06','0000-00-00 00:00:00',1,180),(653,348,1650,291.24,'2016-08-26',0,'2016-09-13 21:31:06','0000-00-00 00:00:00',1,172),(654,348,1651,765.09,'2016-08-26',0,'2016-09-13 21:31:06','0000-00-00 00:00:00',1,172),(655,348,1696,582.48,'2016-08-26',0,'2016-09-13 21:31:06','0000-00-00 00:00:00',1,158),(656,348,1712,3217.4,'2016-08-26',0,'2016-09-13 21:31:06','0000-00-00 00:00:00',1,107),(657,348,1719,3570,'2016-08-26',0,'2016-09-13 21:31:06','0000-00-00 00:00:00',1,13),(658,348,1722,679.56,'2016-08-26',0,'2016-09-13 21:31:06','0000-00-00 00:00:00',1,13),(659,348,1723,679.56,'2016-08-26',0,'2016-09-13 21:31:06','0000-00-00 00:00:00',1,13),(660,348,1728,1816,'2016-08-26',0,'2016-09-13 21:31:06','0000-00-00 00:00:00',1,13),(661,349,1490,436.86,'2016-08-26',0,'2016-09-13 21:31:06','0000-00-00 00:00:00',1,67),(662,349,1491,436.86,'2016-08-26',0,'2016-09-13 21:31:06','0000-00-00 00:00:00',1,67),(663,349,1591,631.02,'2016-08-26',0,'2016-09-13 21:31:06','0000-00-00 00:00:00',1,72),(664,349,1592,631.02,'2016-08-26',0,'2016-09-13 21:31:06','0000-00-00 00:00:00',1,72),(665,349,1593,385.83,'2016-08-26',0,'2016-09-13 21:31:06','0000-00-00 00:00:00',1,72),(666,349,1691,631.02,'2016-08-26',0,'2016-09-13 21:31:06','0000-00-00 00:00:00',1,84),(667,349,1692,631.02,'2016-08-26',0,'2016-09-13 21:31:06','0000-00-00 00:00:00',1,84),(668,349,1694,742.58,'2016-08-26',0,'2016-09-13 21:31:06','0000-00-00 00:00:00',1,67),(669,349,1702,631.02,'2016-08-26',0,'2016-09-13 21:31:06','0000-00-00 00:00:00',1,148),(670,349,1703,280.17,'2016-08-26',0,'2016-09-13 21:31:06','0000-00-00 00:00:00',1,148),(671,349,1707,1165.05,'2016-08-26',0,'2016-09-13 21:31:06','0000-00-00 00:00:00',1,78),(672,349,1449,647.2,'2016-08-26',0,'2016-09-13 21:31:06','0000-00-00 00:00:00',1,84),(673,350,1385,631.02,'2016-08-26',0,'2016-09-13 21:31:06','0000-00-00 00:00:00',1,64),(674,350,1432,956.36,'2016-08-26',0,'2016-09-13 21:31:06','0000-00-00 00:00:00',1,172),(675,350,1477,582.48,'2016-08-26',0,'2016-09-13 21:31:06','0000-00-00 00:00:00',1,43),(676,350,1478,436.86,'2016-08-26',0,'2016-09-13 21:31:06','0000-00-00 00:00:00',1,173),(677,350,1479,436.86,'2016-08-26',0,'2016-09-13 21:31:06','0000-00-00 00:00:00',1,173),(678,350,1480,436.86,'2016-08-26',0,'2016-09-13 21:31:06','0000-00-00 00:00:00',1,173),(679,350,1481,436.86,'2016-08-26',0,'2016-09-13 21:31:06','0000-00-00 00:00:00',1,173),(680,350,1585,582.48,'2016-08-26',0,'2016-09-13 21:31:06','0000-00-00 00:00:00',1,180),(681,350,1586,582.48,'2016-08-26',0,'2016-09-13 21:31:06','0000-00-00 00:00:00',1,180),(682,350,1596,582.48,'2016-08-26',0,'2016-09-13 21:31:06','0000-00-00 00:00:00',1,79),(683,350,1601,291.24,'2016-08-26',0,'2016-09-13 21:31:06','0000-00-00 00:00:00',1,173),(684,350,1607,582.48,'2016-08-26',0,'2016-09-13 21:31:06','0000-00-00 00:00:00',1,75),(685,350,1610,582.48,'2016-08-26',0,'2016-09-13 21:31:06','0000-00-00 00:00:00',1,18),(686,350,1611,582.48,'2016-08-26',0,'2016-09-13 21:31:06','0000-00-00 00:00:00',1,18),(687,350,1637,631.02,'2016-08-26',0,'2016-09-13 21:31:06','0000-00-00 00:00:00',1,148),(688,350,1638,631.02,'2016-08-26',0,'2016-09-13 21:31:06','0000-00-00 00:00:00',1,148),(689,350,1662,631.02,'2016-08-26',0,'2016-09-13 21:31:06','0000-00-00 00:00:00',1,148),(690,350,1663,631.02,'2016-08-26',0,'2016-09-13 21:31:06','0000-00-00 00:00:00',1,148),(691,350,1664,631.02,'2016-08-26',0,'2016-09-13 21:31:06','0000-00-00 00:00:00',1,148),(692,350,1665,631.02,'2016-08-26',0,'2016-09-13 21:31:06','0000-00-00 00:00:00',1,148),(693,350,1694,371,'2016-08-26',0,'2016-09-13 21:31:06','0000-00-00 00:00:00',1,67),(694,350,1701,291.24,'2016-08-26',0,'2016-09-13 21:31:06','0000-00-00 00:00:00',1,67),(695,350,1726,1768.52,'2016-08-26',0,'2016-09-13 21:31:06','0000-00-00 00:00:00',1,158),(696,350,1727,761.85,'2016-08-26',0,'2016-09-13 21:31:06','0000-00-00 00:00:00',1,158),(697,350,1667,631.02,'2016-08-26',0,'2016-09-13 21:31:06','0000-00-00 00:00:00',1,148),(698,351,1373,582.48,'2016-08-26',0,'2016-09-13 21:31:06','0000-00-00 00:00:00',1,134),(699,351,1449,647.2,'2016-08-26',0,'2016-09-13 21:31:06','0000-00-00 00:00:00',1,84),(700,351,1516,637.65,'2016-08-26',0,'2016-09-13 21:31:06','0000-00-00 00:00:00',1,78),(701,351,1517,145.58,'2016-08-26',0,'2016-09-13 21:31:06','0000-00-00 00:00:00',1,78),(702,351,1582,582.48,'2016-08-26',0,'2016-09-13 21:31:06','0000-00-00 00:00:00',1,182),(703,351,1608,582.48,'2016-08-26',0,'2016-09-13 21:31:06','0000-00-00 00:00:00',1,78),(704,351,1609,582.48,'2016-08-26',0,'2016-09-13 21:31:06','0000-00-00 00:00:00',1,78),(705,351,1619,582.48,'2016-08-26',0,'2016-09-13 21:31:06','0000-00-00 00:00:00',1,99),(706,351,1620,582.48,'2016-08-26',0,'2016-09-13 21:31:06','0000-00-00 00:00:00',1,99),(707,351,1666,631.02,'2016-08-26',0,'2016-09-13 21:31:06','0000-00-00 00:00:00',1,148),(708,351,1669,582.48,'2016-08-26',0,'2016-09-13 21:31:06','0000-00-00 00:00:00',1,67),(709,351,1670,1530.17,'2016-08-26',0,'2016-09-13 21:31:06','0000-00-00 00:00:00',1,67),(710,351,1688,631.02,'2016-08-26',0,'2016-09-13 21:31:06','0000-00-00 00:00:00',1,158),(711,351,1689,631.02,'2016-08-26',0,'2016-09-13 21:31:06','0000-00-00 00:00:00',1,158),(712,351,1691,631.02,'2016-08-26',0,'2016-09-13 21:31:06','0000-00-00 00:00:00',1,84),(713,351,1692,631.02,'2016-08-26',0,'2016-09-13 21:31:06','0000-00-00 00:00:00',1,84),(714,352,1439,436.86,'2016-08-26',0,'2016-09-13 21:31:06','0000-00-00 00:00:00',1,84),(715,352,1538,582.48,'2016-08-26',0,'2016-09-13 21:31:06','0000-00-00 00:00:00',1,84),(716,352,1600,291.24,'2016-08-26',0,'2016-09-13 21:31:06','0000-00-00 00:00:00',1,172),(717,352,1624,631.02,'2016-08-26',0,'2016-09-13 21:31:06','0000-00-00 00:00:00',1,148),(718,352,1625,1430,'2016-08-26',0,'2016-09-13 21:31:06','0000-00-00 00:00:00',1,148),(719,352,1643,582.48,'2016-08-26',0,'2016-09-13 21:31:06','0000-00-00 00:00:00',1,180),(720,352,1644,611.24,'2016-08-26',0,'2016-09-13 21:31:06','0000-00-00 00:00:00',1,158),(721,352,1650,291.24,'2016-08-26',0,'2016-09-13 21:31:06','0000-00-00 00:00:00',1,172),(722,352,1651,765.09,'2016-08-26',0,'2016-09-13 21:31:06','0000-00-00 00:00:00',1,172),(723,352,1667,631.02,'2016-08-26',0,'2016-09-13 21:31:06','0000-00-00 00:00:00',1,148),(724,352,1690,631.02,'2016-08-26',0,'2016-09-13 21:31:06','0000-00-00 00:00:00',1,84),(725,352,1696,582.48,'2016-08-26',0,'2016-09-13 21:31:06','0000-00-00 00:00:00',1,158),(726,352,1711,1108.97,'2016-08-26',0,'2016-09-13 21:31:06','0000-00-00 00:00:00',1,18),(727,352,1718,220.67,'2016-08-26',0,'2016-09-13 21:31:06','0000-00-00 00:00:00',1,18),(728,352,1719,1785.21,'2016-08-26',0,'2016-09-13 21:31:06','0000-00-00 00:00:00',1,13),(729,352,1728,679.56,'2016-08-26',0,'2016-09-13 21:31:06','0000-00-00 00:00:00',1,13),(730,352,1735,733.58,'2016-08-26',0,'2016-09-13 21:31:06','0000-00-00 00:00:00',1,158),(731,353,1362,1195.452586,'2016-08-26',0,'2016-09-13 21:31:06','0000-00-00 00:00:00',1,64),(732,353,1363,364.0517242,'2016-08-26',0,'2016-09-13 21:31:06','0000-00-00 00:00:00',1,64),(733,353,1510,765.0862069,'2016-08-26',0,'2016-09-13 21:31:06','0000-00-00 00:00:00',1,172),(734,353,1511,291.2413793,'2016-08-26',0,'2016-09-13 21:31:06','0000-00-00 00:00:00',1,172),(735,353,1567,582.4827587,'2016-08-26',0,'2016-09-13 21:31:06','0000-00-00 00:00:00',1,158),(736,353,1591,631.0229885,'2016-08-26',0,'2016-09-13 21:31:06','0000-00-00 00:00:00',1,72),(737,353,1592,631.0229885,'2016-08-26',0,'2016-09-13 21:31:06','0000-00-00 00:00:00',1,72),(738,353,1593,385.8347702,'2016-08-26',0,'2016-09-13 21:31:06','0000-00-00 00:00:00',1,72),(739,353,1594,582.4827587,'2016-08-26',0,'2016-09-13 21:31:06','0000-00-00 00:00:00',1,179),(740,353,1595,582.4827587,'2016-08-26',0,'2016-09-13 21:31:06','0000-00-00 00:00:00',1,179),(741,353,1694,371.2950722,'2016-08-26',0,'2016-09-13 21:31:06','0000-00-00 00:00:00',1,79),(742,353,1741,58511.63793,'2016-08-26',0,'2016-09-13 21:31:06','0000-00-00 00:00:00',1,188),(743,353,1742,3918.103448,'2016-08-26',0,'2016-09-13 21:31:06','0000-00-00 00:00:00',1,188),(744,353,1743,1612.758621,'2016-08-26',0,'2016-09-13 21:31:06','0000-00-00 00:00:00',1,95),(745,354,1249,2295.22,'2016-08-26',0,'2016-09-13 21:31:06','0000-00-00 00:00:00',1,72),(746,354,1374,384.9,'2016-08-26',0,'2016-09-13 21:31:06','0000-00-00 00:00:00',1,12),(747,354,1385,631.02,'2016-08-26',0,'2016-09-13 21:31:06','0000-00-00 00:00:00',1,64),(748,354,1490,436.86,'2016-08-26',0,'2016-09-13 21:31:06','0000-00-00 00:00:00',1,67),(749,354,1491,327.66,'2016-08-26',0,'2016-09-13 21:31:06','0000-00-00 00:00:00',1,67),(750,354,1546,1384.1,'2016-08-26',0,'2016-09-13 21:31:06','0000-00-00 00:00:00',1,173),(751,354,1631,291.2413793,'2016-08-26',0,'2016-09-13 21:31:06','0000-00-00 00:00:00',1,83),(752,354,1637,631.02,'2016-08-26',0,'2016-09-13 21:31:06','0000-00-00 00:00:00',1,148),(753,354,1638,631.02,'2016-08-26',0,'2016-09-13 21:31:06','0000-00-00 00:00:00',1,148),(754,354,1650,291.24,'2016-08-26',0,'2016-09-13 21:31:06','0000-00-00 00:00:00',1,172),(755,354,1651,765.09,'2016-08-26',0,'2016-09-13 21:31:06','0000-00-00 00:00:00',1,172),(756,354,1694,371,'2016-08-26',0,'2016-09-13 21:31:06','0000-00-00 00:00:00',1,79),(757,354,1711,1108.97,'2016-08-26',0,'2016-09-13 21:31:06','0000-00-00 00:00:00',1,18),(758,354,1718,220.67,'2016-08-26',0,'2016-09-13 21:31:06','0000-00-00 00:00:00',1,18),(759,354,1721,679.56,'2016-08-26',0,'2016-09-13 21:31:06','0000-00-00 00:00:00',1,13),(760,354,1722,679.56,'2016-08-26',0,'2016-09-13 21:31:06','0000-00-00 00:00:00',1,13),(761,354,1723,679.56,'2016-08-26',0,'2016-09-13 21:31:06','0000-00-00 00:00:00',1,13),(762,354,1726,8842.611034,'2016-08-26',0,'2016-09-13 21:31:06','0000-00-00 00:00:00',1,158),(763,354,1727,3809.27069,'2016-08-26',0,'2016-09-13 21:31:06','0000-00-00 00:00:00',1,158),(764,354,1745,4244.61,'2016-08-26',0,'2016-09-13 21:31:06','0000-00-00 00:00:00',1,148),(765,355,1151,145.6289657,'2016-08-26',0,'2016-09-13 21:31:06','0000-00-00 00:00:00',1,158),(766,355,1329,728.1003451,'2016-08-26',0,'2016-09-13 21:31:06','0000-00-00 00:00:00',1,69),(767,355,1449,647.1982758,'2016-08-26',0,'2016-09-13 21:31:06','0000-00-00 00:00:00',1,84),(768,355,1482,582.4961228,'2016-08-26',0,'2016-09-13 21:31:06','0000-00-00 00:00:00',1,43),(769,355,1483,582.4961228,'2016-08-26',0,'2016-09-13 21:31:06','0000-00-00 00:00:00',1,43),(770,355,1601,291.2413793,'2016-08-26',0,'2016-09-13 21:31:06','0000-00-00 00:00:00',1,173),(771,355,1619,582.496552,'2016-08-26',0,'2016-09-13 21:31:06','0000-00-00 00:00:00',1,99),(772,355,1620,582.496552,'2016-08-26',0,'2016-09-13 21:31:06','0000-00-00 00:00:00',1,99),(773,355,1662,631.0229885,'2016-08-26',0,'2016-09-13 21:31:06','0000-00-00 00:00:00',1,148),(774,355,1663,631.0229885,'2016-08-26',0,'2016-09-13 21:31:06','0000-00-00 00:00:00',1,148),(775,355,1664,631.0229885,'2016-08-26',0,'2016-09-13 21:31:06','0000-00-00 00:00:00',1,148),(776,355,1665,631.0229885,'2016-08-26',0,'2016-09-13 21:31:06','0000-00-00 00:00:00',1,148),(777,355,1669,582.4827587,'2016-08-26',0,'2016-09-13 21:31:06','0000-00-00 00:00:00',1,67),(778,355,1670,1530.172414,'2016-08-26',0,'2016-09-13 21:31:06','0000-00-00 00:00:00',1,67),(779,355,1682,582.4827587,'2016-08-26',0,'2016-09-13 21:31:06','0000-00-00 00:00:00',1,67),(780,355,1688,631.0229885,'2016-08-26',0,'2016-09-13 21:31:06','0000-00-00 00:00:00',1,158),(781,355,1689,631.0229885,'2016-08-26',0,'2016-09-13 21:31:06','0000-00-00 00:00:00',1,158),(782,355,1695,1120.689655,'2016-08-26',0,'2016-09-13 21:31:06','0000-00-00 00:00:00',1,84),(783,355,1736,6770.69,'2016-08-26',0,'2016-09-13 21:31:06','0000-00-00 00:00:00',1,72),(784,355,1750,653.02,'2016-08-26',0,'2016-09-13 21:31:06','0000-00-00 00:00:00',1,13),(785,355,1751,3918.1,'2016-08-26',0,'2016-09-13 21:31:06','0000-00-00 00:00:00',1,13),(786,355,1752,3918.1,'2016-08-26',0,'2016-09-13 21:31:06','0000-00-00 00:00:00',1,13),(787,356,1510,1530.17,'2016-08-26',0,'2016-09-13 21:31:06','0000-00-00 00:00:00',1,172),(788,356,1511,582.48,'2016-08-26',0,'2016-09-13 21:31:06','0000-00-00 00:00:00',1,172),(789,356,1514,631.02,'2016-08-26',0,'2016-09-13 21:31:06','0000-00-00 00:00:00',1,64),(790,356,1600,291.24,'2016-08-26',0,'2016-09-13 21:31:06','0000-00-00 00:00:00',1,172),(791,356,1666,631.02,'2016-08-26',0,'2016-09-13 21:31:06','0000-00-00 00:00:00',1,148),(792,356,1691,631.02,'2016-08-26',0,'2016-09-13 21:31:06','0000-00-00 00:00:00',1,84),(793,356,1692,631.02,'2016-08-26',0,'2016-09-13 21:31:06','0000-00-00 00:00:00',1,84),(794,356,1696,582.48,'2016-08-26',0,'2016-09-13 21:31:06','0000-00-00 00:00:00',1,158),(795,356,1719,1785.21,'2016-08-26',0,'2016-09-13 21:31:06','0000-00-00 00:00:00',1,13),(796,356,1728,679.56,'2016-08-26',0,'2016-09-13 21:31:06','0000-00-00 00:00:00',1,13),(797,356,1735,733.58,'2016-08-26',0,'2016-09-13 21:31:06','0000-00-00 00:00:00',1,158),(798,356,1755,2531.48,'2016-08-26',0,'2016-09-13 21:31:06','0000-00-00 00:00:00',1,173),(799,356,1756,761.85,'2016-08-26',0,'2016-09-13 21:31:06','0000-00-00 00:00:00',1,95),(800,357,1362,1195.45,'2016-08-26',0,'2016-09-13 21:31:06','0000-00-00 00:00:00',1,64),(801,357,1363,354.05,'2016-08-26',0,'2016-09-13 21:31:06','0000-00-00 00:00:00',1,64),(802,357,1643,582.48,'2016-08-26',0,'2016-09-13 21:31:06','0000-00-00 00:00:00',1,180),(803,357,1690,631.02,'2016-08-26',0,'2016-09-13 21:31:06','0000-00-00 00:00:00',1,84),(804,357,1760,3918.1,'2016-08-26',0,'2016-09-13 21:31:06','0000-00-00 00:00:00',1,195),(805,357,1761,707.44,'2016-08-26',0,'2016-09-13 21:31:06','0000-00-00 00:00:00',1,158),(806,358,1385,631,'2016-08-26',0,'2016-09-13 21:31:06','0000-00-00 00:00:00',1,64),(807,358,1516,637.65,'2016-08-26',0,'2016-09-13 21:31:06','0000-00-00 00:00:00',1,78),(808,358,1517,145.58,'2016-08-26',0,'2016-09-13 21:31:06','0000-00-00 00:00:00',1,78),(809,358,1631,291.24,'2016-08-26',0,'2016-09-13 21:31:06','0000-00-00 00:00:00',1,83),(810,358,1644,611.24,'2016-08-26',0,'2016-09-13 21:31:06','0000-00-00 00:00:00',1,158),(811,358,1682,582.48,'2016-08-26',0,'2016-09-13 21:31:06','0000-00-00 00:00:00',1,67),(812,358,1694,237,'2016-08-26',0,'2016-09-13 21:31:06','0000-00-00 00:00:00',1,67),(813,358,1766,4244.61,'2016-08-26',0,'2016-09-13 21:31:06','0000-00-00 00:00:00',1,84),(814,358,1767,9946.12,'2016-08-26',0,'2016-09-13 21:31:06','0000-00-00 00:00:00',1,84),(815,358,1694,134,'2016-08-26',0,'2016-09-13 21:31:06','0000-00-00 00:00:00',1,79),(818,359,1481,436.86,'2016-08-26',0,'2016-09-13 21:31:06','0000-00-00 00:00:00',1,173),(820,359,1490,436.86,'2016-08-26',0,'2016-09-13 21:31:06','0000-00-00 00:00:00',1,67),(821,359,1513,582.48,'2016-08-26',0,'2016-09-13 21:31:06','0000-00-00 00:00:00',1,107),(822,359,1650,291.24,'2016-08-26',0,'2016-09-13 21:31:06','0000-00-00 00:00:00',1,172),(823,359,1651,765.09,'2016-08-26',0,'2016-09-13 21:31:06','0000-00-00 00:00:00',1,172),(824,359,1662,631.02,'2016-08-26',0,'2016-09-13 21:31:06','0000-00-00 00:00:00',1,148),(825,359,1663,631.02,'2016-08-26',0,'2016-09-13 21:31:06','0000-00-00 00:00:00',1,148),(826,359,1664,631.02,'2016-08-26',0,'2016-09-13 21:31:06','0000-00-00 00:00:00',1,148),(827,359,1665,631.02,'2016-08-26',0,'2016-09-13 21:31:06','0000-00-00 00:00:00',1,148),(828,359,1666,631.02,'2016-08-26',0,'2016-09-13 21:31:06','0000-00-00 00:00:00',1,148),(829,359,1669,582.48,'2016-08-26',0,'2016-09-13 21:31:06','0000-00-00 00:00:00',1,67),(830,359,1670,1530.17,'2016-08-26',0,'2016-09-13 21:31:06','0000-00-00 00:00:00',1,67),(831,359,1695,1120.69,'2016-08-26',0,'2016-09-13 21:31:06','0000-00-00 00:00:00',1,84),(832,359,1711,1108.97,'2016-08-26',0,'2016-09-13 21:31:06','0000-00-00 00:00:00',1,18),(833,359,1713,2183.93,'2016-08-26',0,'2016-09-13 21:31:06','0000-00-00 00:00:00',1,107),(834,359,1718,220.67,'2016-08-26',0,'2016-09-13 21:31:06','0000-00-00 00:00:00',1,18),(835,359,1764,1523.58,'2016-08-26',0,'2016-09-13 21:31:06','0000-00-00 00:00:00',1,158),(836,360,1482,582.5,'2016-08-26',0,'2016-09-13 21:31:06','0000-00-00 00:00:00',1,43),(837,360,1483,582.5,'2016-08-26',0,'2016-09-13 21:31:06','0000-00-00 00:00:00',1,43),(838,360,1514,631.02,'2016-08-26',0,'2016-09-13 21:31:06','0000-00-00 00:00:00',1,64),(839,360,1566,582.48,'2016-08-26',0,'2016-09-13 21:31:06','0000-00-00 00:00:00',1,84),(840,360,1601,291.24,'2016-08-26',0,'2016-09-13 21:31:06','0000-00-00 00:00:00',1,173),(841,360,1644,611.24,'2016-08-26',0,'2016-09-13 21:31:06','0000-00-00 00:00:00',1,158),(842,360,1688,631.02,'2016-08-26',0,'2016-09-13 21:31:06','0000-00-00 00:00:00',1,158),(843,360,1689,631.02,'2016-08-26',0,'2016-09-13 21:31:06','0000-00-00 00:00:00',1,158),(844,360,1690,631.02,'2016-08-26',0,'2016-09-13 21:31:06','0000-00-00 00:00:00',1,84),(845,360,1696,582.48,'2016-08-26',0,'2016-09-13 21:31:06','0000-00-00 00:00:00',1,158),(846,360,1721,679.56,'2016-08-26',0,'2016-09-13 21:31:06','0000-00-00 00:00:00',1,13),(847,360,1722,679.56,'2016-08-26',0,'2016-09-13 21:31:06','0000-00-00 00:00:00',1,13),(848,360,1723,679.56,'2016-08-26',0,'2016-09-13 21:31:06','0000-00-00 00:00:00',1,13),(849,360,1735,733.59,'2016-08-26',0,'2016-09-13 21:31:06','0000-00-00 00:00:00',1,158),(850,360,1770,2000,'2016-08-26',0,'2016-09-13 21:31:06','0000-00-00 00:00:00',1,78),(851,361,1409,762.3,'2016-08-26',0,'2016-09-13 21:31:06','0000-00-00 00:00:00',1,78),(852,361,1631,291.24,'2016-08-26',0,'2016-09-13 21:31:06','0000-00-00 00:00:00',1,83),(853,361,1667,631.02,'2016-08-26',0,'2016-09-13 21:31:06','0000-00-00 00:00:00',1,148),(854,361,1694,371.3,'2016-08-26',0,'2016-09-13 21:31:06','0000-00-00 00:00:00',1,67),(855,361,1750,653.17,'2016-08-26',0,'2016-09-13 21:31:06','0000-00-00 00:00:00',1,13),(856,361,1773,11859.31,'2016-08-26',0,'2016-09-13 21:31:06','0000-00-00 00:00:00',1,173),(857,361,1774,9181.14,'2016-08-26',0,'2016-09-13 21:31:06','0000-00-00 00:00:00',1,107),(858,361,1775,3918.1,'2016-08-26',0,'2016-09-13 21:31:06','0000-00-00 00:00:00',1,107),(859,361,1776,3054.05,'2016-08-26',0,'2016-09-13 21:31:06','0000-00-00 00:00:00',1,99),(860,361,1765,6847.57,'2016-08-26',0,'2016-09-13 21:31:06','0000-00-00 00:00:00',1,67),(861,362,1449,647.2,'2016-08-29',0,'2016-09-13 21:31:06','0000-00-00 00:00:00',1,84),(862,362,1490,327.67,'2016-08-29',0,'2016-09-13 21:31:06','0000-00-00 00:00:00',1,67),(863,362,1643,582.48,'2016-08-29',0,'2016-09-13 21:31:06','0000-00-00 00:00:00',1,180),(864,362,1694,234.48,'2016-08-29',0,'2016-09-13 21:31:06','0000-00-00 00:00:00',1,67),(865,362,1756,762.03,'2016-08-29',0,'2016-09-13 21:31:06','0000-00-00 00:00:00',1,95),(866,362,1761,707.44,'2016-08-29',0,'2016-09-13 21:31:06','0000-00-00 00:00:00',1,158),(867,362,1771,1165.89,'2016-08-29',0,'2016-09-13 21:31:06','0000-00-00 00:00:00',1,194),(868,362,1772,380.93,'2016-08-29',0,'2016-09-13 21:31:06','0000-00-00 00:00:00',1,194),(869,362,1778,761.86,'2016-08-29',0,'2016-09-13 21:31:06','0000-00-00 00:00:00',1,84),(870,362,1780,1535.21,'2016-08-29',0,'2016-09-13 21:31:06','0000-00-00 00:00:00',1,84),(871,362,1782,3918.1,'2016-08-29',0,'2016-09-13 21:31:06','0000-00-00 00:00:00',1,173),(872,362,1783,761.85,'2016-08-29',0,'2016-09-13 21:31:06','0000-00-00 00:00:00',1,194),(873,362,3777,413.79,'2016-08-29',0,'2016-09-13 21:31:06','0000-00-00 00:00:00',1,173),(874,362,3805,301.72,'2016-08-29',0,'2016-09-13 21:31:06','0000-00-00 00:00:00',1,194),(875,362,3809,525,'2016-08-29',0,'2016-09-13 21:31:06','0000-00-00 00:00:00',1,194),(876,362,3810,362.07,'2016-08-29',0,'2016-09-13 21:31:06','0000-00-00 00:00:00',1,158),(877,362,3812,168.97,'2016-08-29',0,'2016-09-13 21:31:06','0000-00-00 00:00:00',1,84),(878,363,1373,582.48,'2016-09-05',0,'2016-09-13 21:31:06','0000-00-00 00:00:00',1,134),(879,363,1482,582.5,'2016-09-05',0,'2016-09-13 21:31:06','0000-00-00 00:00:00',1,43),(880,363,1483,582.5,'2016-09-05',0,'2016-09-13 21:31:06','0000-00-00 00:00:00',1,43),(881,363,1600,291.24,'2016-09-05',0,'2016-09-13 21:31:06','0000-00-00 00:00:00',1,172),(882,363,1601,291.24,'2016-09-05',0,'2016-09-13 21:31:06','0000-00-00 00:00:00',1,173),(883,363,1639,582.49,'2016-09-05',0,'2016-09-13 21:31:06','0000-00-00 00:00:00',1,153),(884,363,1650,291.24,'2016-09-05',0,'2016-09-13 21:31:06','0000-00-00 00:00:00',1,172),(885,363,1651,765.09,'2016-09-05',0,'2016-09-13 21:31:06','0000-00-00 00:00:00',1,172),(886,363,1662,631.02,'2016-09-05',0,'2016-09-13 21:31:06','0000-00-00 00:00:00',1,148),(887,363,1663,631.02,'2016-09-05',0,'2016-09-13 21:31:06','0000-00-00 00:00:00',1,148),(888,363,1664,631.02,'2016-09-05',0,'2016-09-13 21:31:06','0000-00-00 00:00:00',1,148),(889,363,1665,631.02,'2016-09-05',0,'2016-09-13 21:31:06','0000-00-00 00:00:00',1,148),(890,363,1669,597.98,'2016-09-05',0,'2016-09-13 21:31:06','0000-00-00 00:00:00',1,67),(891,363,1670,1530.17,'2016-09-05',0,'2016-09-13 21:31:06','0000-00-00 00:00:00',1,67),(892,363,1707,582.48,'2016-09-05',0,'2016-09-13 21:31:06','0000-00-00 00:00:00',1,78),(893,363,1711,1108.97,'2016-09-05',0,'2016-09-13 21:31:06','0000-00-00 00:00:00',1,18),(894,363,1718,220.67,'2016-09-05',0,'2016-09-13 21:31:06','0000-00-00 00:00:00',1,18),(895,363,1719,1785.21,'2016-09-05',0,'2016-09-13 21:31:06','0000-00-00 00:00:00',1,13),(896,363,1721,679.56,'2016-09-05',0,'2016-09-13 21:31:06','0000-00-00 00:00:00',1,13),(897,363,1722,679.56,'2016-09-05',0,'2016-09-13 21:31:06','0000-00-00 00:00:00',1,13),(898,363,1723,679.56,'2016-09-05',0,'2016-09-13 21:31:06','0000-00-00 00:00:00',1,13),(899,363,1728,679.56,'2016-09-05',0,'2016-09-13 21:31:06','0000-00-00 00:00:00',1,13),(900,363,1781,3918.1,'2016-09-05',0,'2016-09-13 21:31:06','0000-00-00 00:00:00',1,173),(901,363,3790,128.07,'2016-09-05',0,'2016-09-13 21:31:06','0000-00-00 00:00:00',1,148),(902,363,3813,512.5,'2016-09-05',0,'2016-09-13 21:31:06','0000-00-00 00:00:00',1,67),(903,363,3815,1525,'2016-09-05',0,'2016-09-13 21:31:06','0000-00-00 00:00:00',1,158),(904,363,3816,162.93,'2016-09-05',0,'2016-09-13 21:31:06','0000-00-00 00:00:00',1,13),(905,363,3818,843.21,'2016-09-05',0,'2016-09-13 21:31:06','0000-00-00 00:00:00',1,148),(906,363,3819,382.16,'2016-09-05',0,'2016-09-13 21:31:06','0000-00-00 00:00:00',1,148),(907,363,3820,1568.97,'2016-09-05',0,'2016-09-13 21:31:06','0000-00-00 00:00:00',1,148),(1065,364,1514,631.02,'2016-09-11',0,'2016-09-17 19:32:24','2016-09-17 19:32:24',1,64),(1066,364,1516,367.65,'2016-09-11',0,'2016-09-21 18:00:13','2016-09-21 18:00:11',1,78),(1067,364,1517,145.58,'2016-09-11',0,'2016-09-21 18:00:17','2016-09-21 18:00:15',1,78),(1068,364,1566,582.48,'2016-09-11',0,'2016-09-21 18:00:41','2016-09-21 18:00:39',1,84),(1069,364,1691,1262.05,'2016-09-11',0,'2016-09-21 18:00:44','2016-09-21 18:00:42',1,84),(1070,364,1692,1262.05,'2016-09-11',0,'2016-09-21 18:00:47','2016-09-21 18:00:46',1,84),(1071,364,1695,1120.69,'2016-09-11',0,'2016-09-21 18:00:51','2016-09-21 18:00:49',1,84),(1072,364,1735,733.59,'2016-09-11',0,'2016-09-21 14:25:26','2016-09-21 14:25:24',1,158),(1073,364,1768,4256.16,'2016-09-11',0,'2016-09-21 18:00:55','2016-09-21 18:00:53',1,84),(1074,364,1796,3918.1,'2016-09-11',0,'2016-09-21 14:25:30','2016-09-21 14:25:28',1,13),(1075,364,1799,13307.69,'2016-09-11',0,'2016-09-21 14:27:04','2016-09-21 14:27:03',1,13),(1076,364,1800,3918.1,'2016-09-11',0,'2016-09-21 17:59:55','2016-09-21 17:59:53',1,148),(1077,364,1801,3918.1,'2016-09-11',0,'2016-09-21 17:59:59','2016-09-21 17:59:57',1,148),(1080,364,3656,534.57,'2016-09-11',0,'2016-09-21 14:27:20','2016-09-21 14:27:18',1,64),(1081,364,3806,844.83,'2016-09-11',0,'2016-09-21 14:27:00','2016-09-21 14:26:59',1,158),(1082,364,3811,1520.69,'2016-09-11',0,'2016-09-21 18:00:03','2016-09-21 18:00:01',1,148),(1083,364,3821,562.76,'2016-09-11',0,'2016-09-21 14:27:09','2016-09-21 14:27:07',1,13),(1084,364,3822,300,'2016-09-11',0,'2016-09-21 18:00:08','2016-09-21 18:00:06',1,148),(1087,364,3826,584.48,'2016-09-11',0,'2016-09-21 14:25:13','2016-09-21 14:25:11',1,173),(1088,364,3827,258.62,'2016-09-11',0,'2016-09-21 14:27:12','2016-09-21 14:27:10',1,13),(1089,364,3829,392.07,'2016-09-11',0,'2016-09-21 18:00:34','2016-09-21 18:00:32',1,79),(1091,364,3831,162.93,'2016-09-11',0,'2016-09-21 18:00:38','2016-09-21 18:00:36',1,79),(1093,364,3833,784.48,'2016-09-11',0,'2016-09-21 17:59:46','2016-09-21 17:59:44',1,194),(1095,365,1510,1530.17,'2016-09-18',0,'2016-09-19 21:56:27','2016-09-19 19:40:24',1,172),(1096,365,1511,582.48,'2016-09-18',0,'2016-09-19 21:56:27','2016-09-19 19:40:47',1,172),(1097,365,1644,611.24,'2016-09-18',0,'2016-09-19 21:56:27','2016-09-19 19:41:02',1,158),(1098,365,1682,582.48,'2016-09-18',0,'2016-09-19 19:41:19','2016-09-19 19:41:19',1,67),(1099,365,1688,631.02,'2016-09-18',0,'2016-09-19 19:41:33','2016-09-19 19:41:32',1,158),(1100,365,1689,631.02,'2016-09-18',0,'2016-09-19 19:41:42','2016-09-19 19:41:41',1,158),(1101,365,1696,582.48,'2016-09-18',0,'2016-09-19 19:41:55','2016-09-19 19:41:55',1,158),(1102,365,1776,653.03,'2016-09-18',0,'2016-09-19 19:42:23','2016-09-19 19:42:22',1,99),(1103,365,1803,4244.61,'2016-09-18',0,'2016-09-20 19:54:08','2016-09-20 19:54:06',1,158),(1104,365,1804,8082.97,'2016-09-18',0,'2016-09-19 19:42:52','2016-09-19 19:42:51',1,158),(1105,365,1806,653.02,'2016-09-18',0,'2016-09-19 19:43:13','2016-09-19 19:43:12',1,148),(1106,365,3674,784.48,'2016-09-18',0,'2016-09-19 20:42:23','2016-09-19 20:42:22',1,84),(1107,365,3786,2327.58,'2016-09-18',0,'2016-09-19 20:41:58','2016-09-19 20:41:57',1,72),(1108,365,3796,176.38,'2016-09-18',0,'2016-09-19 20:41:39','2016-09-19 20:41:39',1,173),(1109,365,3834,1135.54,'2016-09-18',0,'2016-09-19 20:42:28','2016-09-19 20:42:27',1,84),(1110,365,3835,448.28,'2016-09-18',0,'2016-09-19 20:42:31','2016-09-19 20:42:31',1,84),(1111,365,3836,448.28,'2016-09-18',0,'2016-09-19 20:42:35','2016-09-19 20:42:34',1,84),(1112,365,3837,724.14,'2016-09-18',0,'2016-09-19 20:42:11','2016-09-19 20:42:10',1,79),(1113,365,3838,134.48,'2016-09-18',0,'2016-09-19 20:41:50','2016-09-19 20:41:49',1,158),(1114,365,3839,1017.03,'2016-09-18',0,'2016-09-19 20:42:38','2016-09-19 20:42:37',1,84),(1115,365,3842,1137.93,'2016-09-18',0,'2016-09-19 20:41:42','2016-09-19 20:41:41',1,173),(1116,365,3843,392.07,'2016-09-18',0,'2016-09-19 20:41:47','2016-09-19 20:41:46',1,95),(1117,365,3844,62.07,'2016-09-18',0,'2016-09-19 20:42:01','2016-09-19 20:42:00',1,107),(1118,365,3845,724.14,'2016-09-18',0,'2016-09-19 20:42:04','2016-09-19 20:42:03',1,20),(1119,365,3846,144.83,'2016-09-18',0,'2016-09-19 20:42:07','2016-09-19 20:42:07',1,148),(1121,365,3825,103.45,'2016-09-18',0,'2016-09-19 20:41:54','2016-09-19 20:41:53',1,13),(1122,365,4487,2080,'2016-09-18',0,'2016-09-19 20:42:15','2016-09-19 20:42:14',1,79),(1123,365,1802,3918.1,'2016-09-18',0,'2016-09-19 20:40:54','2016-09-19 20:40:54',1,173),(8851,365,1763,5868,'2016-09-18',0,'2016-09-20 20:15:23','2016-09-20 20:15:21',1,84),(8852,366,1600,291.24,'2016-09-25',0,'2016-09-26 22:52:12','2016-09-26 22:52:12',1,172),(8853,366,1667,631.02,'2016-09-25',0,'2016-09-26 22:52:20','2016-09-26 22:52:20',1,148),(8854,366,1707,582.48,'2016-09-25',0,'2016-09-26 22:52:32','2016-09-26 22:52:32',1,78),(8855,366,1750,653.17,'2016-09-25',0,'2016-09-26 22:52:43','2016-09-26 22:52:43',1,13),(8856,366,1783,761.86,'2016-09-25',0,'2016-09-26 22:52:53','2016-09-26 22:52:53',1,194),(8858,366,1809,8989.66,'2016-09-25',0,'2016-09-26 22:34:45','2016-09-26 22:34:45',1,95),(8859,366,3806,468.28,'2016-09-25',0,'2016-09-26 22:32:23','2016-09-26 22:32:23',1,158),(8860,366,3848,103.45,'2016-09-25',0,'2016-09-26 22:53:26','2016-09-26 22:53:26',1,79),(8861,366,3849,78.62,'2016-09-25',0,'2016-09-26 22:53:34','2016-09-26 22:53:34',1,13),(8862,366,3850,1463.79,'2016-09-25',0,'2016-09-26 22:27:52','2016-09-26 22:27:52',1,194),(8863,366,3851,162.93,'2016-09-25',0,'2016-09-26 22:53:55','2016-09-26 22:53:56',1,43),(8865,366,3795,79,'0000-00-00',0,'2016-09-28 15:43:26','2016-09-28 15:43:26',1,13),(8866,366,3854,352,'0000-00-00',0,'2016-09-28 15:49:19','2016-09-28 15:49:19',1,13),(8867,367,1385,631.02,'2016-10-02',0,'2016-10-03 17:31:16','2016-10-03 17:31:14',1,64),(8868,367,1482,582.5,'2016-10-02',0,'2016-10-03 17:31:24','2016-10-03 17:31:23',1,43),(8869,367,1483,582.5,'2016-10-02',0,'2016-10-03 17:31:33','2016-10-03 17:31:32',1,43),(8870,367,1631,291.24,'2016-10-02',0,'2016-10-03 17:31:40','2016-10-03 17:31:38',1,83),(8871,367,1690,631.02,'2016-10-02',0,'2016-10-03 17:31:05','2016-10-03 17:31:04',1,84),(8872,367,1719,1785.21,'2016-10-02',0,'2016-10-03 17:30:37','2016-10-03 17:30:36',1,13),(8873,367,1728,222.7,'2016-10-02',0,'2016-10-03 17:30:45','2016-10-03 17:30:44',1,13),(8874,367,1756,762.03,'2016-10-02',0,'2016-10-03 17:30:25','2016-10-03 17:30:24',1,95),(8875,367,1761,707.44,'2016-10-02',0,'2016-10-03 17:29:18','2016-10-03 17:29:17',1,158),(8876,367,1765,2282.52,'2016-10-02',0,'2016-10-03 17:17:46','2016-10-03 17:17:44',1,67),(8877,367,1778,761.86,'2016-10-02',0,'2016-10-03 17:30:59','2016-10-03 17:30:58',1,84),(8878,367,1780,704.04,'2016-10-02',0,'2016-10-03 17:30:53','2016-10-03 17:30:52',1,84),(8879,367,1811,3918.1,'2016-10-02',0,'2016-10-03 17:26:00','2016-10-03 17:25:58',1,148),(8880,367,1814,707.44,'2016-10-02',0,'2016-10-03 16:49:04','2016-10-03 16:49:03',1,158),(8881,367,1815,707.44,'2016-10-02',0,'2016-10-03 17:29:32','2016-10-03 17:29:30',1,158),(8882,367,1816,707.44,'2016-10-02',0,'2016-10-03 17:29:24','2016-10-03 17:29:23',1,158),(8885,367,3789,509.48,'2016-10-02',0,'2016-10-03 17:01:30','2016-10-03 17:01:28',1,148),(8887,367,3855,168.1,'2016-10-02',0,'2016-10-03 18:01:26','2016-10-03 18:01:25',1,194),(8888,367,3857,305.11,'2016-10-02',0,'2016-10-03 18:02:02','2016-10-03 18:02:01',1,158),(8889,367,3780,2898,'0000-00-00',0,'2016-10-03 18:09:04','2016-10-03 18:09:03',1,158),(8903,368,1373,582.48,'2016-10-09',0,'2016-10-07 17:53:33','2016-10-10 17:53:33',1,134),(8904,368,1650,291.24,'2016-10-09',0,'2016-10-07 17:53:55','2016-10-10 17:53:54',1,172),(8905,368,1651,765.09,'2016-10-09',0,'2016-10-07 17:53:58','2016-10-10 17:53:58',1,172),(8906,368,1695,1120.69,'2016-10-09',0,'2016-10-07 17:54:26','2016-10-10 17:54:26',1,84),(8907,368,1711,1108.97,'2016-10-09',0,'2016-10-07 17:53:44','2016-10-10 17:53:44',1,18),(8908,368,1718,220.67,'2016-10-09',0,'2016-10-07 17:53:48','2016-10-10 17:53:48',1,18),(8909,368,1721,679.56,'2016-10-09',0,'2016-10-07 17:51:38','2016-10-10 17:51:38',1,13),(8910,368,1722,679.56,'2016-10-09',0,'2016-10-07 17:51:42','2016-10-10 17:51:41',1,13),(8911,368,1723,679.56,'2016-10-09',0,'2016-10-07 17:51:45','2016-10-10 17:51:45',1,13),(8912,368,1735,733.59,'2016-10-09',0,'2016-10-07 17:51:32','2016-10-10 17:51:32',1,158),(8914,368,1819,9310,'2016-10-09',0,'2016-10-12 17:02:26','2016-10-12 17:02:24',1,67),(8915,368,3821,562.76,'2016-10-09',0,'2016-10-07 17:44:16','2016-10-10 17:44:16',1,13),(8916,368,3833,784.48,'2016-10-09',0,'2016-10-07 17:53:51','2016-10-10 17:53:51',1,194),(8917,368,3859,724.14,'2016-10-09',0,'2016-10-07 17:54:22','2016-10-10 17:54:22',1,99),(8918,368,3860,2979.31,'2016-10-09',0,'2016-10-07 17:53:40','2016-10-10 17:53:40',1,64),(8919,368,3861,12413,'2016-10-09',0,'2016-10-12 18:34:16','2016-10-12 18:34:15',1,74),(8920,368,3862,456.21,'2016-10-09',0,'2016-10-07 17:53:37','2016-10-10 17:53:37',1,72),(8921,368,3863,1125.52,'2016-10-09',0,'2016-10-07 17:54:19','2016-10-10 17:54:18',1,79),(8922,368,3864,414,'2016-10-09',0,'2016-10-07 17:51:56','2016-10-10 17:51:55',1,13),(8923,368,3865,316.59,'2016-10-09',0,'2016-10-07 17:51:35','2016-10-10 17:51:35',1,158),(8924,368,1823,3918,'0000-00-00',0,'2016-10-12 17:01:20','2016-10-12 17:01:19',1,13),(8925,368,3841,222.41,'0000-00-00',0,'2016-10-12 17:42:31','2016-10-12 17:42:30',1,99),(8926,368,3866,281.5,'0000-00-00',0,'2016-10-12 17:49:08','2016-10-12 17:49:07',1,148),(8930,369,1713,1033.47,'2016-10-16',0,'2016-10-20 14:23:36','2016-10-20 14:23:36',1,107),(8931,369,1750,653.17,'2016-10-16',0,'2016-10-20 14:24:28','2016-10-20 14:24:28',1,13),(8932,369,1783,761.86,'2016-10-16',0,'2016-10-20 14:25:05','2016-10-20 14:25:04',1,194),(8933,369,1806,653.02,'2016-10-16',0,'2016-10-20 14:29:01','2016-10-20 14:29:01',1,148),(8935,369,1815,707.44,'2016-10-16',0,'2016-10-20 14:29:33','2016-10-20 14:29:32',1,158),(8936,369,1825,9181.14,'2016-10-16',0,'2016-10-19 15:20:33','2016-10-19 15:20:32',1,182),(8937,369,1826,3918.1,'2016-10-16',0,'2016-10-19 15:20:37','2016-10-19 15:20:36',1,182),(8938,369,3787,724.14,'2016-10-16',0,'2016-10-20 15:16:47','2016-10-20 15:16:46',1,67),(8940,369,3839,1017.02,'2016-10-16',0,'2016-10-20 15:17:38','2016-10-20 15:17:38',1,84),(8941,369,3865,317,'2016-10-16',0,'2016-10-19 15:18:10','2016-10-19 15:18:10',1,158),(8942,369,3868,1303.45,'2016-10-16',0,'2016-10-20 15:15:20','2016-10-20 15:15:19',1,79),(8943,369,3869,810.5,'2016-10-16',0,'2016-10-20 15:15:31','2016-10-20 15:15:31',1,188),(8944,369,3870,155.17,'2016-10-16',0,'2016-10-20 15:15:42','2016-10-20 15:15:42',1,13),(8945,369,3872,266.38,'2016-10-16',0,'2016-10-20 15:15:52','2016-10-20 15:15:52',1,79),(8946,369,3873,413.79,'2016-10-16',0,'2016-10-20 15:16:04','2016-10-20 15:16:03',1,43),(8947,369,3874,1038,'2016-10-16',0,'2016-10-19 15:14:40','2016-10-19 15:14:39',1,173),(8948,369,1822,3118.96,'0000-00-00',0,'2016-10-19 22:51:01','2016-10-19 22:51:01',1,148),(8949,369,1449,647.2,'2016-10-16',0,'2016-10-20 15:45:13','2016-10-20 14:20:37',1,84),(8950,369,1514,631.02,'2016-10-16',0,'2016-10-20 15:45:47','2016-10-20 14:20:59',1,64),(8951,369,1644,611.24,'2016-10-16',0,'2016-10-20 15:45:47','2016-10-20 14:21:54',1,158),(8953,369,3867,181,'0000-00-00',0,'2016-10-20 16:03:46','2016-10-20 16:03:46',1,148),(8954,369,111,314,'0000-00-00',0,'2016-10-20 16:15:16','2016-10-20 16:15:15',1,84),(8972,370,1516,637.65,'2016-10-23',0,'2016-10-24 18:43:01','2016-10-24 18:43:01',1,78),(8973,370,1517,145.58,'2016-10-23',0,'2016-10-24 18:43:15','2016-10-24 18:43:15',1,78),(8974,370,1631,291.24,'2016-10-23',0,'2016-10-24 18:43:51','2016-10-24 18:43:51',1,83),(8975,370,1682,582.49,'2016-10-23',0,'2016-10-24 18:44:03','2016-10-24 18:44:04',1,67),(8976,370,1756,761.86,'2016-10-23',0,'2016-10-24 18:44:51','2016-10-24 18:44:51',1,95),(8977,370,1761,707.44,'2016-10-23',0,'2016-10-24 18:45:09','2016-10-24 18:45:09',1,158),(8978,370,1765,2282.5,'2016-10-23',0,'2016-10-24 18:45:46','2016-10-24 18:45:46',1,67),(8979,370,1776,211.02,'2016-10-23',0,'2016-10-24 18:46:25','2016-10-24 18:46:25',1,99),(8981,370,1827,8304.62,'2016-10-23',0,'2016-10-24 18:50:58','2016-10-24 18:50:59',1,74),(8982,370,1828,2971.86,'2016-10-23',0,'2016-10-24 18:57:27','2016-10-24 18:57:27',1,79),(8983,370,1829,1345,'2016-10-23',0,'2016-10-24 18:58:45','2016-10-24 18:58:45',1,107),(8984,370,1830,2531,'2016-10-23',0,'2016-10-24 19:04:10','2016-10-24 19:04:10',1,79),(8985,370,3598,2586.21,'2016-10-23',0,'2016-10-24 19:12:34','2016-10-24 19:12:35',1,84),(8986,370,3627,827.58,'2016-10-23',0,'2016-10-24 19:13:10','2016-10-24 19:13:11',1,18),(8987,370,3781,784.48,'2016-10-23',0,'2016-10-24 19:13:33','2016-10-24 19:13:33',1,194),(8988,370,3794,184.91,'2016-10-23',0,'2016-10-24 19:14:12','2016-10-24 19:14:12',1,13),(8989,370,3800,176.38,'2016-10-23',0,'2016-10-24 19:15:11','2016-10-24 19:15:11',1,13),(8990,370,3823,724.14,'2016-10-23',0,'2016-10-24 19:15:53','2016-10-24 19:15:53',1,13),(8991,370,3875,392.07,'2016-10-23',0,'2016-10-24 19:24:00','2016-10-24 19:24:00',1,13),(8992,370,3877,8275.86,'2016-10-23',0,'2016-10-26 15:02:21','2016-10-26 15:02:22',1,173),(8993,370,3878,1882.76,'2016-10-23',0,'2016-10-24 19:24:15','2016-10-24 19:24:15',1,74),(8994,370,3879,258.62,'2016-10-23',0,'2016-10-24 19:24:20','2016-10-24 19:24:20',1,148),(8996,370,3881,176.38,'2016-10-23',0,'2016-10-24 19:24:40','2016-10-24 19:24:40',1,64),(8997,370,3882,1303.45,'2016-10-23',0,'2016-10-24 19:24:54','2016-10-24 19:24:54',1,148),(8998,370,3883,279.31,'2016-10-23',0,'2016-10-24 19:25:06','2016-10-24 19:25:06',1,72),(9000,370,3885,612.16,'2016-10-23',0,'2016-10-24 19:27:51','2016-10-24 19:27:52',1,79),(9001,370,3886,224.14,'2016-10-23',0,'2016-10-24 19:28:33','2016-10-24 19:28:33',1,84),(9002,370,1818,720.04,'0000-00-00',0,'2016-10-26 15:43:00','2016-10-26 15:43:01',1,158),(9003,371,1503,664.05,'2016-10-30',0,'2016-10-31 18:51:35','2016-10-31 18:51:37',1,12),(9004,371,1504,1553.24,'2016-10-30',0,'2016-10-31 18:51:40','2016-10-31 18:51:42',1,12),(9005,371,1601,291.24,'2016-10-30',0,'2016-10-31 18:52:09','2016-10-31 18:52:11',1,173),(9006,371,1667,631.02,'2016-10-30',0,'2016-10-31 20:56:42','2016-10-31 20:56:44',1,148),(9007,371,1778,761.86,'2016-10-30',0,'2016-10-31 20:58:29','2016-10-31 20:58:31',1,84),(9008,371,1780,704.04,'2016-10-30',0,'2016-10-31 20:59:36','2016-10-31 20:59:38',1,84),(9009,371,1784,13552,'2016-10-30',0,'2016-10-31 21:03:44','2016-10-31 21:03:46',1,13),(9010,371,1815,707.44,'2016-10-30',0,'2016-10-31 21:04:36','2016-10-31 21:04:38',1,158),(9011,371,1816,707.44,'2016-10-30',0,'2016-10-31 21:04:59','2016-10-31 21:05:01',1,158),(9012,371,1831,3922.41,'2016-10-30',0,'2016-10-31 21:12:18','2016-10-31 21:12:20',1,84),(9013,371,1832,707.44,'2016-10-30',0,'2016-10-31 21:15:12','2016-10-31 21:15:14',1,84),(9014,371,1833,2801.72,'2016-10-30',0,'2016-10-31 21:16:05','2016-10-31 21:16:07',1,84),(9017,371,1836,860.13,'2016-10-30',0,'2016-10-31 21:26:32','2016-10-31 21:26:34',1,84),(9018,371,1837,860.13,'2016-10-30',0,'2016-10-31 21:29:01','2016-10-31 21:29:03',1,84),(9019,371,3736,305.11,'2016-10-30',0,'2016-10-31 21:31:58','2016-10-31 21:32:00',1,158),(9020,371,3739,562.76,'2016-10-30',0,'2016-10-31 21:33:03','2016-10-31 21:33:05',1,72),(9021,371,3774,176.38,'2016-10-30',0,'2016-10-31 21:34:02','2016-10-31 21:34:04',1,13),(9022,371,3867,181,'2016-10-30',0,'2016-10-31 21:35:47','2016-10-31 21:35:49',1,148),(9023,371,3873,413.79,'2016-10-30',0,'2016-10-31 21:36:53','2016-10-31 21:36:55',1,43),(9024,371,3887,784.48,'2016-10-30',0,'2016-10-31 21:50:34','2016-10-31 21:50:36',1,194),(9025,371,3888,176.51,'2016-10-30',0,'2016-10-31 21:50:38','2016-10-31 21:50:40',1,194),(9026,371,3889,465,'2016-10-30',0,'2016-10-31 21:50:51','2016-10-31 21:50:53',1,84),(9027,371,3890,343.94,'2016-10-30',0,'2016-10-31 21:50:55','2016-10-31 21:50:57',1,84),(9028,371,3891,805.6,'2016-10-30',0,'2016-10-31 21:50:59','2016-10-31 21:51:01',1,13),(9029,371,3892,1303.45,'2016-10-30',0,'2016-10-31 21:51:04','2016-10-31 21:51:06',1,13),(9030,371,3894,1469.48,'2016-10-30',0,'2016-10-31 21:51:09','2016-10-31 21:51:11',1,64),(9031,371,3895,162.93,'2016-10-30',0,'2016-10-31 22:50:47','2016-10-31 22:50:49',1,148),(9032,371,3896,724.14,'2016-10-30',0,'2016-10-31 21:51:17','2016-10-31 21:51:19',1,72),(9033,371,3897,162.93,'2016-10-30',0,'2016-10-31 21:51:21','2016-10-31 21:51:23',1,188),(9034,371,3898,517.24,'2016-10-30',0,'2016-10-31 21:51:25','2016-10-31 21:51:27',1,188),(9036,372,1482,582.42,'2016-11-06',0,'2016-11-08 17:02:17','2016-11-08 17:02:18',1,43),(9037,372,1483,582.42,'2016-11-06',0,'2016-11-08 17:02:44','2016-11-08 17:02:44',1,43),(9038,372,1600,291.24,'2016-11-06',0,'2016-11-08 17:03:14','2016-11-08 17:03:14',1,172),(9039,372,1650,291.24,'2016-11-06',0,'2016-11-08 17:03:39','2016-11-08 17:03:40',1,172),(9040,372,1651,765.09,'2016-11-06',0,'2016-11-08 17:04:39','2016-11-08 17:04:40',1,172),(9041,372,1707,582.48,'2016-11-06',0,'2016-11-08 17:05:33','2016-11-08 17:05:34',1,78),(9042,372,1711,1108.97,'2016-11-06',0,'2016-11-08 17:06:06','2016-11-08 17:06:07',1,18),(9043,372,1718,220.67,'2016-11-06',0,'2016-11-08 17:07:55','2016-11-08 17:07:56',1,18),(9045,372,1838,765.1,'2016-11-06',0,'2016-11-08 21:39:45','2016-11-08 21:39:46',1,172),(9046,372,1839,326.51,'2016-11-06',0,'2016-11-08 21:43:33','2016-11-08 21:43:33',1,172),(9047,372,1840,326.51,'2016-11-06',0,'2016-11-08 21:43:51','2016-11-08 21:43:52',1,172),(9048,372,1841,326.51,'2016-11-06',0,'2016-11-08 21:44:05','2016-11-08 21:44:05',1,172),(9049,372,1843,775.86,'2016-11-06',0,'2016-11-08 21:45:15','2016-11-08 21:45:16',1,74),(9050,372,1844,775.86,'2016-11-06',0,'2016-11-08 21:45:25','2016-11-08 21:45:26',1,74),(9051,372,1845,326.51,'2016-11-06',0,'2016-11-08 21:38:16','2016-11-08 21:38:16',1,74),(9052,372,1846,326.51,'2016-11-06',0,'2016-11-08 21:38:28','2016-11-08 21:38:29',1,74),(9054,372,1850,507.9,'2016-11-06',0,'2016-11-08 21:47:33','2016-11-08 21:47:34',1,84),(9057,372,1854,707.44,'2016-11-06',0,'2016-11-08 21:50:06','2016-11-08 21:50:07',1,72),(9058,372,1855,707.44,'2016-11-06',0,'2016-11-08 22:09:45','2016-11-08 22:09:46',1,72),(9063,372,1861,3918.1,'2016-11-06',0,'2016-11-08 22:17:45','2016-11-08 22:17:46',1,173),(9064,372,1862,3918.1,'2016-11-06',0,'2016-11-08 22:17:50','2016-11-08 22:17:51',1,173),(9065,372,1863,3918.1,'2016-11-06',0,'2016-11-08 22:17:58','2016-11-08 22:17:59',1,173),(9066,372,1864,3760.59,'2016-11-06',0,'2016-11-08 22:20:30','2016-11-08 22:20:31',1,64),(9067,372,3834,1135.54,'2016-11-06',0,'2016-11-08 19:22:56','2016-11-08 19:22:56',1,84),(9068,372,3835,448.27,'2016-11-06',0,'2016-11-08 19:23:25','2016-11-08 19:23:26',1,84),(9069,372,3836,448.27,'2016-11-06',0,'2016-11-08 19:24:13','2016-11-08 19:24:14',1,84),(9070,372,3850,2223.28,'2016-11-06',0,'2016-11-08 19:27:44','2016-11-08 19:27:45',1,194),(9071,372,3866,281.64,'2016-11-06',0,'2016-11-08 19:34:42','2016-11-08 19:34:43',1,148),(9072,372,3880,724.14,'2016-11-06',0,'2016-11-08 19:34:35','2016-11-08 19:34:36',1,72),(9073,372,3899,155.17,'2016-11-06',0,'2016-11-08 22:37:37','2016-11-08 22:37:38',1,173),(9074,372,3900,1303.45,'2016-11-06',0,'2016-11-08 22:37:44','2016-11-08 22:37:45',1,67),(9075,372,3901,248.28,'2016-11-06',0,'2016-11-08 22:39:04','2016-11-08 22:39:05',1,148),(9076,372,3902,18621,'2016-11-06',0,'2016-11-17 19:08:51','2016-11-17 19:08:53',1,67),(9077,372,3904,310.34,'2016-11-06',0,'2016-11-08 22:39:18','2016-11-08 22:39:19',1,188),(9078,372,3906,724.14,'2016-11-06',0,'2016-11-08 22:39:31','2016-11-08 22:39:32',1,173),(9079,372,3907,167.59,'2016-11-06',0,'2016-11-08 22:39:40','2016-11-08 22:39:41',1,13),(9080,372,3909,764.31,'2016-11-06',0,'2016-11-08 22:35:53','2016-11-08 22:35:54',1,72),(9085,372,3914,352.76,'2016-11-06',0,'2016-11-08 22:41:29','2016-11-08 22:41:30',1,197),(9087,372,3916,563,'2016-11-06',0,'2016-11-08 22:42:55','2016-11-08 22:42:56',1,13),(9088,372,3917,162.93,'2016-11-06',0,'2016-11-08 22:44:33','2016-11-08 22:44:33',1,13),(9089,372,3918,144.83,'2016-11-06',0,'2016-11-08 22:44:50','2016-11-08 22:44:51',1,13),(9091,372,3920,318.1,'2016-11-06',0,'2016-11-08 22:45:27','2016-11-08 22:45:28',1,148),(9092,372,3921,513.88,'2016-11-06',0,'2016-11-08 22:45:41','2016-11-08 22:45:42',1,13),(9093,372,3922,1694.48,'2016-11-06',0,'2016-11-08 22:45:55','2016-11-08 22:45:56',1,188),(9094,372,3923,176.38,'2016-11-06',0,'2016-11-08 22:46:05','2016-11-08 22:46:05',1,148),(9095,372,3924,176.38,'2016-11-06',0,'2016-11-08 22:46:17','2016-11-08 22:46:18',1,188),(9096,372,3925,840.52,'2016-11-06',0,'2016-11-08 22:36:51','2016-11-08 22:36:52',1,158),(9098,372,3927,784.14,'2016-11-06',0,'2016-11-08 22:37:19','2016-11-08 22:37:20',1,158),(9099,372,1860,3918.1,'0000-00-00',0,'2016-11-08 22:17:37','2016-11-08 22:17:38',1,173),(9100,372,1847,2793.1,'0000-00-00',0,'2016-11-11 18:05:00','2016-11-11 18:05:01',1,107),(9101,372,1848,2793.1,'0000-00-00',0,'2016-11-11 18:05:24','2016-11-11 18:05:25',1,107),(9102,372,1762,15410,'0000-00-00',0,'2016-11-11 19:02:14','2016-11-11 19:02:15',1,158),(9103,372,3908,458,'0000-00-00',0,'2016-11-12 20:14:02','2016-11-12 20:14:04',1,74),(9104,372,1852,653.1,'0000-00-00',0,'2016-11-12 20:25:15','2016-11-12 20:25:17',1,74),(9105,373,1449,647.2,'2016-11-13',0,'2016-11-14 18:09:46','2016-11-14 18:09:47',1,84),(9106,373,1721,623.56,'2016-11-13',0,'2016-11-14 19:33:53','2016-11-14 19:33:54',1,13),(9107,373,1722,679.56,'2016-11-13',0,'2016-11-14 18:10:26','2016-11-14 18:10:27',1,13),(9108,373,1723,679.56,'2016-11-13',0,'2016-11-14 18:10:57','2016-11-14 18:10:58',1,13),(9109,373,1735,733.58,'2016-11-13',0,'2016-11-14 18:11:03','2016-11-14 18:11:04',1,158),(9111,373,1820,653.02,'2016-11-13',0,'2016-11-14 16:56:43','2016-11-14 16:56:44',1,13),(9112,373,1821,653.02,'2016-11-13',0,'2016-11-14 16:57:37','2016-11-14 16:57:38',1,13),(9113,373,1869,9835.14,'2016-11-13',0,'2016-11-14 18:13:41','2016-11-14 18:13:42',1,74),(9114,373,1871,6957,'2016-11-13',0,'2016-11-14 18:42:56','2016-11-14 18:13:47',1,74),(9117,373,3739,562.76,'2016-11-13',0,'2016-11-14 19:10:05','2016-11-14 19:10:06',1,72),(9118,373,3913,5243,'2016-11-13',0,'2016-11-17 19:41:46','2016-11-17 19:41:48',1,148),(9119,373,3928,176.51,'2016-11-13',0,'2016-11-14 19:25:51','2016-11-14 19:25:52',1,158),(9120,373,3929,42.59,'2016-11-13',0,'2016-11-14 19:26:02','2016-11-14 19:26:03',1,158),(9121,373,3930,1008.62,'2016-11-13',0,'2016-11-14 17:43:35','2016-11-14 17:43:36',1,84),(9122,373,3932,662.07,'2016-11-13',0,'2016-11-14 19:26:33','2016-11-14 19:26:34',1,173),(9123,374,1644,611.24,'2016-11-20',0,'2016-11-22 18:25:03','2016-11-22 18:25:04',1,158),(9124,374,1750,653.02,'2016-11-20',0,'2016-11-22 18:25:19','2016-11-22 18:25:20',1,13),(9125,374,1783,761.86,'2016-11-20',0,'2016-11-22 18:25:55','2016-11-22 18:25:56',1,194),(9126,374,1875,3918.1,'2016-11-20',0,'2016-11-22 19:21:47','2016-11-22 19:21:48',1,188),(9127,374,1876,3378.87,'2016-11-20',0,'2016-11-22 19:23:13','2016-11-22 19:23:14',1,95),(9131,374,3869,804.5,'2016-11-20',0,'2016-11-22 19:33:17','2016-11-22 19:33:18',1,188),(9132,374,3884,432.41,'2016-11-20',0,'2016-11-22 19:34:09','2016-11-22 19:34:10',1,79),(9133,374,3923,176.38,'2016-11-20',0,'2016-11-22 19:34:26','2016-11-22 19:34:27',1,148),(9134,374,3933,181.03,'2016-11-20',0,'2016-11-22 19:48:08','2016-11-22 19:48:09',1,13),(9135,374,3934,258.62,'2016-11-20',0,'2016-11-22 19:48:12','2016-11-22 19:48:13',1,13),(9136,374,3935,310.34,'2016-11-20',0,'2016-11-22 19:48:15','2016-11-22 19:48:16',1,13),(9137,374,3936,905.17,'2016-11-20',0,'2016-11-22 19:48:20','2016-11-22 19:48:21',1,188),(9138,374,3938,156.9,'2016-11-20',0,'2016-11-22 19:48:26','2016-11-22 19:48:27',1,158),(9139,374,3939,191.08,'2016-11-20',0,'2016-11-22 19:48:30','2016-11-22 19:48:31',1,84),(9140,374,3940,382.16,'2016-11-20',0,'2016-11-22 19:48:33','2016-11-22 19:48:34',1,84),(9141,374,3941,117.93,'2016-11-20',0,'2016-11-22 19:48:37','2016-11-22 19:48:38',1,148),(9142,374,3942,620.69,'2016-11-20',0,'2016-11-22 19:48:42','2016-11-22 19:48:43',1,188),(9145,374,3946,1125.52,'2016-11-20',0,'2016-11-22 19:49:02','2016-11-22 19:49:03',1,173),(9146,374,3947,352.76,'2016-11-20',0,'2016-11-22 19:49:11','2016-11-22 19:49:12',1,173),(9147,374,3853,493,'0000-00-00',0,'2016-11-22 17:19:10','2016-11-22 17:19:11',1,158),(9148,374,1866,1451,'0000-00-00',0,'2016-11-22 18:26:49','2016-11-22 18:26:50',1,158),(9149,375,1516,637.65,'2016-11-27',0,'2016-11-29 18:24:07','2016-11-29 18:24:09',1,78),(9150,375,1517,145.58,'2016-11-27',0,'2016-11-29 18:24:33','2016-11-29 18:24:36',1,78),(9151,375,1629,631.02,'2016-11-27',0,'2016-11-29 18:24:53','2016-11-29 18:24:56',1,148),(9152,375,1715,1912.89,'2016-11-27',0,'2016-11-29 18:29:34','2016-11-29 18:29:37',1,67),(9153,375,1716,728.11,'2016-11-27',0,'2016-11-29 18:30:49','2016-11-29 18:30:52',1,67),(9154,375,1717,728.11,'2016-11-27',0,'2016-11-29 18:31:46','2016-11-29 18:31:49',1,67),(9155,375,1756,761.86,'2016-11-27',0,'2016-11-29 18:31:57','2016-11-29 18:31:59',1,95),(9156,375,1765,2282.41,'2016-11-27',0,'2016-11-29 18:32:46','2016-11-29 18:32:49',1,67),(9158,375,1814,1414.88,'2016-11-27',0,'2016-11-29 18:42:08','2016-11-29 18:42:10',1,158),(9159,375,1815,707.44,'2016-11-27',0,'2016-11-29 18:43:20','2016-11-29 18:43:23',1,158),(9160,375,1816,707.44,'2016-11-27',0,'2016-11-29 18:43:35','2016-11-29 18:43:38',1,158),(9161,375,1818,360.03,'2016-11-27',0,'2016-11-29 18:44:23','2016-11-29 18:44:26',1,158),(9162,375,1841,326.51,'2016-11-27',0,'2016-11-29 18:44:53','2016-11-29 18:44:56',1,172),(9163,375,1849,1959,'2016-11-27',0,'2016-11-29 18:53:57','2016-11-29 18:54:00',1,72),(9164,375,1881,7788.79,'2016-11-27',0,'2016-11-29 18:57:06','2016-11-29 18:57:09',1,95),(9165,375,1882,4244.61,'2016-11-27',0,'2016-11-29 18:59:29','2016-11-29 18:59:32',1,72),(9167,375,1888,507.86,'2016-11-27',0,'2016-11-29 19:03:18','2016-11-29 19:03:21',1,64),(9168,375,3793,1009,'2016-11-27',0,'2016-11-29 19:11:24','2016-11-29 19:11:27',1,67),(9170,375,3823,724.14,'2016-11-27',0,'2016-11-29 19:13:54','2016-11-29 19:13:57',1,13),(9171,375,3845,724.14,'2016-11-27',0,'2016-11-29 19:14:32','2016-11-29 19:14:35',1,20),(9172,375,3949,191.08,'2016-11-27',0,'2016-11-29 19:39:53','2016-11-29 19:39:56',1,84),(9173,375,3950,1256.18,'2016-11-27',0,'2016-11-29 19:40:08','2016-11-29 19:40:10',1,67),(9174,375,3951,1412.07,'2016-11-27',0,'2016-11-29 19:41:12','2016-11-29 19:41:14',1,72),(9177,375,3957,586.29,'2016-11-27',0,'2016-11-29 19:41:54','2016-11-29 19:41:57',1,173),(9178,375,3958,1412.07,'2016-11-27',0,'2016-11-29 19:42:38','2016-11-29 19:42:41',1,72),(9179,375,3945,13448,'0000-00-00',0,'2016-11-29 19:31:51','2016-11-29 19:31:54',1,95),(9180,376,1600,291.24,'2016-12-04',0,'2016-12-06 17:03:59','2016-12-06 17:03:59',1,172),(9182,376,1650,291.24,'2016-12-04',0,'2016-12-06 17:05:11','2016-12-06 17:05:11',1,172),(9183,376,1651,765.09,'2016-12-04',0,'2016-12-06 17:05:51','2016-12-06 17:05:52',1,172),(9184,376,1778,761.86,'2016-12-04',0,'2016-12-06 17:10:04','2016-12-06 17:10:04',1,84),(9185,376,1780,704.04,'2016-12-04',0,'2016-12-06 17:10:57','2016-12-06 17:10:57',1,84),(9186,376,1806,1306.03,'2016-12-04',0,'2016-12-06 17:11:40','2016-12-06 17:11:40',1,148),(9187,376,1834,4244.61,'2016-12-04',0,'2016-12-06 17:17:58','2016-12-06 17:17:59',1,84),(9188,376,1835,4244.61,'2016-12-04',0,'2016-12-06 17:19:22','2016-12-06 17:19:22',1,84),(9189,376,1837,860.13,'2016-12-04',0,'2016-12-06 17:22:40','2016-12-06 17:22:41',1,84),(9190,376,1840,326.51,'2016-12-04',0,'2016-12-06 17:23:29','2016-12-06 17:23:29',1,172),(9191,376,1850,507.83,'2016-12-04',0,'2016-12-06 17:23:48','2016-12-06 17:23:49',1,84),(9192,376,1873,11829.1,'2016-12-04',0,'2016-12-06 17:29:41','2016-12-06 17:29:42',1,188),(9193,376,1874,3918.1,'2016-12-04',0,'2016-12-06 17:31:52','2016-12-06 17:31:53',1,188),(9194,376,1889,1126.29,'2016-12-04',0,'2016-12-06 17:38:06','2016-12-06 17:38:06',1,95),(9195,376,1890,7758.62,'2016-12-04',0,'2016-12-06 17:40:00','2016-12-06 17:40:00',1,13),(9196,376,1891,840.52,'2016-12-04',0,'2016-12-06 17:43:25','2016-12-06 17:43:26',1,64),(9197,376,1892,353.72,'2016-12-04',0,'2016-12-06 17:59:15','2016-12-06 17:59:16',1,158),(9198,376,3813,512.5,'2016-12-04',0,'2016-12-06 18:03:46','2016-12-06 18:03:46',1,67),(9199,376,3859,724.14,'2016-12-04',0,'2016-12-06 18:04:20','2016-12-06 18:04:20',1,99),(9200,376,3864,414,'2016-12-04',0,'2016-12-06 18:06:34','2016-12-06 18:06:35',1,13),(9202,376,3944,1034.48,'2016-12-04',0,'2016-12-06 18:08:52','2016-12-06 18:08:53',1,148),(9204,376,3960,256.55,'2016-12-04',0,'2016-12-06 19:05:41','2016-12-06 19:05:42',1,13),(9205,376,3962,724.14,'2016-12-04',0,'2016-12-06 19:05:46','2016-12-06 19:05:47',1,173),(9206,376,3963,2801.72,'2016-12-04',0,'2016-12-06 19:06:27','2016-12-06 19:06:27',1,95),(9208,376,3965,1412.07,'2016-12-04',0,'2016-12-06 19:08:26','2016-12-06 19:08:27',1,84),(9209,376,3953,724.14,'0000-00-00',0,'2016-12-06 18:09:54','2016-12-06 18:09:54',1,79),(9210,376,3966,868.53,'0000-00-00',0,'2016-12-06 19:19:50','2016-12-06 19:19:50',1,107),(9211,377,1449,647.2,'2016-12-11',0,'2016-12-12 16:40:57','2016-12-12 16:40:58',1,84),(9212,377,1516,637.65,'2016-12-11',0,'2016-12-12 16:41:51','2016-12-12 16:41:51',1,78),(9213,377,1517,145.58,'2016-12-11',0,'2016-12-12 16:42:06','2016-12-12 16:42:06',1,78),(9214,377,1711,1108.97,'2016-12-11',0,'2016-12-12 16:48:56','2016-12-12 16:48:57',1,18),(9215,377,1718,220.67,'2016-12-11',0,'2016-12-12 16:49:31','2016-12-12 16:49:31',1,18),(9217,377,1820,653.01,'2016-12-11',0,'2016-12-12 16:55:13','2016-12-12 16:55:14',1,13),(9218,377,1821,653.01,'2016-12-11',0,'2016-12-12 16:55:41','2016-12-12 16:55:42',1,13),(9219,377,1838,765.1,'2016-12-11',0,'2016-12-12 16:56:24','2016-12-12 16:56:25',1,172),(9220,377,1839,326.51,'2016-12-11',0,'2016-12-12 16:56:56','2016-12-12 16:56:56',1,172),(9221,377,1854,707.34,'2016-12-11',0,'2016-12-12 16:57:55','2016-12-12 16:57:56',1,72),(9222,377,1855,707.34,'2016-12-11',0,'2016-12-12 16:58:16','2016-12-12 16:58:17',1,72),(9223,377,1895,1126,'2016-12-11',0,'2016-12-12 17:02:47','2016-12-12 17:02:47',1,72),(9224,377,1896,707.44,'2016-12-11',0,'2016-12-12 17:03:44','2016-12-12 17:03:44',1,72),(9225,377,1898,1126.29,'2016-12-11',0,'2016-12-12 17:04:16','2016-12-12 17:04:17',1,72),(9226,377,1899,2122.3,'2016-12-11',0,'2016-12-12 17:05:40','2016-12-12 17:05:40',1,69),(9228,377,3881,176.38,'2016-12-11',0,'2016-12-12 17:08:46','2016-12-12 17:08:46',1,64),(9229,377,3897,162.93,'2016-12-11',0,'2016-12-12 17:09:15','2016-12-12 17:09:15',1,188),(9231,377,3964,724.11,'2016-12-11',0,'2016-12-12 17:11:44','2016-12-12 17:11:45',1,13),(9232,377,3967,1664.22,'2016-12-11',0,'2016-12-12 17:16:50','2016-12-12 17:16:50',1,182),(9234,377,3969,196.12,'2016-12-11',0,'2016-12-12 17:18:08','2016-12-12 17:18:09',1,95),(9235,377,3970,1137.93,'2016-12-11',0,'2016-12-12 17:21:25','2016-12-12 17:21:26',1,13),(9236,377,3971,280.17,'2016-12-11',0,'2016-12-12 17:21:44','2016-12-12 17:21:44',1,72),(9237,377,3972,1303.45,'2016-12-11',0,'2016-12-12 17:22:02','2016-12-12 17:22:03',1,173),(9238,378,1750,652.55,'2016-12-18',0,'2016-12-19 21:25:24','2016-12-19 21:25:24',1,13),(9239,378,1778,761.86,'2016-12-18',0,'2016-12-19 21:25:44','2016-12-19 21:25:45',1,84),(9240,378,1780,576.81,'2016-12-18',0,'2016-12-19 21:26:26','2016-12-19 21:26:26',1,84),(9241,378,1783,761.86,'2016-12-18',0,'2016-12-19 21:26:41','2016-12-19 21:26:42',1,194),(9242,378,1815,707.44,'2016-12-18',0,'2016-12-19 21:27:01','2016-12-19 21:27:02',1,158),(9243,378,1840,326.51,'2016-12-18',0,'2016-12-19 21:27:55','2016-12-19 21:27:55',1,172),(9244,378,1841,326.51,'2016-12-18',0,'2016-12-19 21:27:28','2016-12-19 21:27:28',1,172),(9245,378,1866,1451,'2016-12-18',0,'2016-12-19 21:29:40','2016-12-19 21:29:41',1,158),(9246,378,1888,1015.72,'2016-12-18',0,'2016-12-19 21:30:35','2016-12-19 21:30:35',1,64),(9247,378,1900,1681.03,'2016-12-18',0,'2016-12-19 21:32:33','2016-12-19 21:32:33',1,64),(9248,378,1901,3025.86,'2016-12-18',0,'2016-12-19 21:38:11','2016-12-19 21:38:11',1,64),(9249,378,1902,3025.86,'2016-12-18',0,'2016-12-19 21:38:42','2016-12-19 21:38:42',1,64),(9250,378,1903,1415,'2016-12-18',0,'2016-12-19 21:45:02','2016-12-19 21:45:02',1,158),(9251,378,1904,3161.21,'2016-12-18',0,'2016-12-19 21:45:32','2016-12-19 21:45:33',1,148),(9252,378,1905,1306.03,'2016-12-18',0,'2016-12-19 21:45:39','2016-12-19 21:45:40',1,148),(9253,378,3887,784.48,'2016-12-18',0,'2016-12-19 21:46:31','2016-12-19 21:46:32',1,194),(9254,378,3896,724.14,'2016-12-18',0,'2016-12-19 21:46:57','2016-12-19 21:46:57',1,72),(9255,378,3927,784.5,'2016-12-18',0,'2016-12-19 21:48:49','2016-12-19 21:48:49',1,158),(9256,378,3954,1448.27,'2016-12-18',0,'2017-01-05 22:37:35','2017-01-05 22:37:33',1,79),(9257,378,3959,62.07,'2016-12-18',0,'2016-12-19 21:51:40','2016-12-19 21:51:40',1,148),(9258,378,3967,1664.22,'2016-12-18',0,'2016-12-19 21:52:29','2016-12-19 21:52:30',1,182),(9259,378,3968,1585.89,'2016-12-18',0,'2016-12-19 21:53:43','2016-12-19 21:53:43',1,99),(9260,378,3975,81.47,'2016-12-18',0,'2016-12-19 21:54:50','2016-12-19 21:54:50',1,13),(9261,378,3977,509.91,'2016-12-18',0,'2016-12-19 21:55:26','2016-12-19 21:55:26',1,107),(9262,379,1510,2295.24,'2016-12-25',0,'2016-12-26 19:37:12','2016-12-26 19:37:13',1,172),(9263,379,1511,873.72,'2016-12-25',0,'2016-12-26 19:38:07','2016-12-26 19:38:08',1,172),(9265,379,1851,3918,'2016-12-25',0,'2016-12-26 19:40:46','2016-12-26 19:40:48',1,13),(9266,379,1878,2275.86,'2016-12-25',0,'2016-12-26 19:41:57','2016-12-26 19:41:58',1,148),(9267,379,1879,2275.86,'2016-12-25',0,'2016-12-26 19:44:00','2016-12-26 19:44:02',1,148),(9268,379,1880,4137.93,'2016-12-25',0,'2016-12-26 19:47:03','2016-12-26 19:47:04',1,148),(9269,379,1891,9245.68,'2016-12-25',0,'2016-12-26 19:51:06','2016-12-26 19:51:07',1,64),(9271,379,1907,326.51,'2016-12-25',0,'2016-12-26 19:55:48','2016-12-26 19:55:50',1,149),(9272,379,1908,326.51,'2016-12-25',0,'2016-12-26 19:58:57','2016-12-26 19:58:58',1,149),(9278,379,3872,266,'0000-00-00',0,'2016-12-26 20:02:31','2016-12-26 20:02:32',1,79),(9279,379,3926,556.7,'0000-00-00',0,'2016-12-26 20:07:12','2016-12-26 20:07:13',1,84),(9281,379,3952,872.74,'0000-00-00',0,'2016-12-26 20:10:17','2016-12-26 20:10:19',1,95),(9282,379,3974,698,'0000-00-00',0,'2017-01-04 21:56:18','2017-01-04 21:56:16',1,79),(9283,379,1926,1040,'0000-00-00',0,'2017-01-04 22:03:01','2017-01-04 22:03:00',1,79),(9284,380,1756,761.49,'2017-01-01',0,'2017-01-05 19:43:59','2017-01-05 19:43:57',1,95),(9285,380,1761,1414.85,'2017-01-01',0,'2017-01-05 19:44:53','2017-01-05 19:44:52',1,158),(9286,380,1814,707.44,'2017-01-01',0,'2017-01-05 19:45:16','2017-01-05 19:45:14',1,158),(9287,380,1816,707.44,'2017-01-01',0,'2017-01-05 19:45:38','2017-01-05 19:45:37',1,158),(9289,380,1843,775.86,'2017-01-01',0,'2017-01-05 19:46:45','2017-01-05 19:46:43',1,74),(9290,380,1844,775.86,'2017-01-01',0,'2017-01-05 19:46:51','2017-01-05 19:46:49',1,74),(9291,380,1845,326.57,'2017-01-01',0,'2017-01-05 19:46:58','2017-01-05 19:46:56',1,74),(9292,380,1846,326.51,'2017-01-01',0,'2017-01-05 19:48:26','2017-01-05 19:48:24',1,74),(9293,380,1914,665,'2017-01-01',0,'2017-01-05 19:59:31','2017-01-05 19:59:29',1,13),(9295,380,1917,3526,'2017-01-01',0,'2017-01-05 20:04:58','2017-01-05 20:04:56',1,79),(9296,380,1918,3526,'2017-01-01',0,'2017-01-05 20:07:15','2017-01-05 20:07:13',1,79),(9297,380,1919,6206.9,'2017-01-01',0,'2017-01-05 20:07:59','2017-01-05 20:07:57',1,13),(9299,380,1921,1400,'2017-01-01',0,'2017-01-05 20:11:15','2017-01-05 20:11:13',1,72),(9300,380,3891,805.6,'2017-01-01',0,'2017-01-05 20:15:11','2017-01-05 20:15:09',1,13),(9301,380,3898,517.24,'2017-01-01',0,'2017-01-05 20:16:17','2017-01-05 20:16:15',1,188),(9302,380,3915,724.14,'2017-01-01',0,'2017-01-05 20:17:10','2017-01-05 20:17:08',1,184),(9303,380,3979,352.76,'2017-01-01',0,'2017-01-05 20:18:14','2017-01-05 20:18:13',1,173),(9305,380,3981,156.9,'2017-01-01',0,'2017-01-05 20:19:51','2017-01-05 20:19:49',1,158),(9306,380,3982,724.14,'2017-01-01',0,'2017-01-05 20:21:06','2017-01-05 20:21:04',1,79),(9307,380,3983,162.93,'2017-01-01',0,'2017-01-05 20:21:38','2017-01-05 20:21:36',1,79),(9308,380,3984,5379.31,'2017-01-01',0,'2017-01-07 18:26:13','2017-01-07 18:26:16',1,72),(9309,380,3985,724.14,'2017-01-01',0,'2017-01-05 20:23:22','2017-01-05 20:23:20',1,43),(9311,380,1910,4483,'0000-00-00',0,'2017-01-07 00:04:42','2017-01-07 00:04:41',1,158),(9312,380,1909,4245,'0000-00-00',0,'2017-01-07 00:04:39','2017-01-07 00:04:38',1,158),(9313,380,3988,5979,'0000-00-00',0,'2017-01-07 00:19:23','2017-01-07 00:19:23',1,182),(9314,381,1516,637.75,'2017-01-08',0,'2017-01-09 21:12:01','2017-01-09 21:12:03',1,78),(9315,381,1517,145.58,'2017-01-08',0,'2017-01-09 21:42:35','2017-01-09 21:42:37',1,78),(9316,381,1601,291.24,'2017-01-08',0,'2017-01-09 21:43:03','2017-01-09 21:43:05',1,173),(9317,381,1650,291.24,'2017-01-08',0,'2017-01-09 21:44:40','2017-01-09 21:44:42',1,172),(9318,381,1651,765.04,'2017-01-08',0,'2017-01-09 21:44:47','2017-01-09 21:44:49',1,172),(9321,381,1820,653.02,'2017-01-08',0,'2017-01-09 22:15:42','2017-01-09 22:15:44',1,13),(9322,381,1821,653.01,'2017-01-08',0,'2017-01-09 22:15:48','2017-01-09 22:15:50',1,13),(9323,381,1837,860.13,'2017-01-08',0,'2017-01-09 22:16:49','2017-01-09 22:16:51',1,84),(9324,381,1838,765.1,'2017-01-08',0,'2017-01-09 22:20:50','2017-01-09 22:20:52',1,172),(9325,381,1839,326.51,'2017-01-08',0,'2017-01-09 22:21:11','2017-01-09 22:21:13',1,172),(9326,381,1850,2031.27,'2017-01-08',0,'2017-01-09 22:22:24','2017-01-09 22:22:26',1,84),(9328,381,1912,20172,'2017-01-08',0,'2017-01-09 22:29:06','2017-01-09 22:29:08',1,158),(9329,381,1914,1109,'2017-01-08',0,'2017-01-09 22:32:03','2017-01-09 22:32:06',1,13),(9330,381,1922,2079,'2017-01-08',0,'2017-01-09 22:39:16','2017-01-09 22:39:18',1,188),(9331,381,1924,305.17,'2017-01-08',0,'2017-01-09 22:48:21','2017-01-09 22:48:23',1,173),(9332,381,1925,1039.66,'2017-01-08',0,'2017-01-09 22:49:19','2017-01-09 22:49:21',1,173),(9333,381,1928,4244.61,'2017-01-08',0,'2017-01-09 22:51:36','2017-01-09 22:51:39',1,79),(9335,381,3911,724,'2017-01-08',0,'2017-01-09 22:54:47','2017-01-09 22:54:49',1,148),(9336,381,3978,280,'2017-01-08',0,'2017-01-09 22:55:22','2017-01-09 22:55:24',1,158),(9337,381,3986,931.03,'2017-01-08',0,'2017-01-09 22:57:54','2017-01-09 22:57:57',1,173),(9338,381,3989,305.11,'2017-01-08',0,'2017-01-09 22:58:27','2017-01-09 22:58:29',1,84),(9339,381,3991,1965.52,'2017-01-08',0,'2017-01-09 22:59:06','2017-01-09 22:59:09',1,188),(9340,381,3993,4137.93,'2017-01-08',0,'2017-01-09 23:01:05','2017-01-09 23:01:07',1,79),(9341,381,3992,176,'0000-00-00',0,'2017-01-09 23:00:35','2017-01-09 23:00:37',1,173),(9342,382,1514,631.02,'2017-01-15',0,'2017-01-16 22:31:25','2017-01-16 22:31:23',1,64),(9343,382,1601,291.24,'2017-01-15',0,'2017-01-16 22:32:00','2017-01-16 22:31:59',1,173),(9344,382,1711,1108.97,'2017-01-15',0,'2017-01-16 22:34:26','2017-01-16 22:34:24',1,18),(9345,382,1718,220.67,'2017-01-15',0,'2017-01-16 22:35:01','2017-01-16 22:35:00',1,18),(9346,382,1769,6094.2,'2017-01-15',0,'2017-01-16 22:53:56','2017-01-16 22:53:54',1,84),(9347,382,1815,707.41,'2017-01-15',0,'2017-01-16 19:11:23','2017-01-16 19:11:21',1,158),(9348,382,1818,360.03,'2017-01-15',0,'2017-01-16 22:55:59','2017-01-16 22:55:57',1,158),(9349,382,1832,1414.87,'2017-01-15',0,'2017-01-16 22:56:40','2017-01-16 22:56:38',1,84),(9350,382,1849,1328.24,'2017-01-15',0,'2017-01-16 23:11:16','2016-10-10 22:11:14',1,72),(9351,382,1852,653.02,'2017-01-15',0,'2017-01-16 19:20:19','2017-01-16 19:20:17',1,74),(9352,382,1854,707.34,'2017-01-15',0,'2017-01-16 23:52:13','2017-01-16 23:52:10',1,72),(9353,382,1855,707.34,'2017-01-15',0,'2017-01-16 23:52:36','2017-01-16 23:52:33',1,72),(9354,382,1856,10075,'2017-01-15',0,'2017-01-16 23:54:01','2017-01-16 23:53:57',1,69),(9355,382,1929,3918.1,'2017-01-15',0,'2017-01-16 23:58:37','2017-01-16 23:58:33',1,148),(9356,382,1930,4219.34,'2017-01-15',0,'2017-01-16 23:59:54','2017-01-16 23:59:51',1,13),(9357,382,1931,2079.31,'2017-01-15',0,'2017-01-17 00:01:21','2017-01-17 00:01:18',1,188),(9358,382,3953,724.14,'2017-01-15',0,'2017-01-17 15:26:41','2017-01-17 15:26:38',1,79),(9359,382,3994,281.64,'2017-01-15',0,'2017-01-17 15:30:45','2017-01-17 15:30:41',1,188),(9361,383,1748,3918.1,'2017-01-22',0,'2017-01-23 18:35:20','2017-01-23 18:35:20',1,72),(9362,383,1783,761.83,'2017-01-22',0,'2017-01-23 18:39:56','2017-01-23 18:39:56',1,194),(9363,383,1824,9181,'2017-01-22',0,'2017-01-23 18:42:52','2017-01-23 18:42:52',1,13),(9365,383,1920,2275.86,'2017-01-22',0,'2017-01-23 18:45:43','2017-01-23 18:45:43',1,13),(9366,383,1932,653.02,'2017-01-22',0,'2017-01-23 17:23:14','2017-01-23 17:23:14',1,148),(9367,383,3998,162.93,'2017-01-22',0,'2017-01-23 18:54:00','2017-01-23 18:54:00',1,148),(9368,383,3999,1303.45,'2017-01-22',0,'2017-01-23 18:54:11','2017-01-23 18:54:11',1,148),(9369,383,4000,124.14,'2017-01-22',0,'2017-01-23 18:54:22','2017-01-23 18:54:22',1,148),(9370,383,4001,280.17,'2017-01-22',0,'2017-01-23 18:54:31','2017-01-23 18:54:31',1,95),(9371,383,4003,325.86,'2017-01-22',0,'2017-01-23 18:55:43','2017-01-23 18:55:43',1,148),(9373,383,4005,2535,'2017-01-22',0,'2017-01-25 23:36:08','2017-01-25 23:36:09',1,148),(9375,383,1747,24088,'0000-00-00',0,'2017-01-23 18:35:16','2017-01-23 18:35:16',1,72),(9376,384,1849,630.86,'2017-01-29',0,'2017-01-30 17:20:23','2017-01-30 17:20:22',1,72),(9377,384,1899,707.51,'2017-01-29',0,'2017-01-30 17:20:56','2017-01-30 17:20:55',1,69),(9378,384,1903,707.4,'2017-01-29',0,'2017-01-30 17:22:04','2017-01-30 17:22:03',1,158),(9379,384,1933,1126.29,'2017-01-29',0,'2017-01-30 17:23:47','2017-01-30 17:23:46',1,158),(9380,384,1938,353.72,'2017-01-29',0,'2017-01-30 17:24:58','2017-01-30 17:24:57',1,84),(9381,384,1939,1230.46,'2017-01-29',0,'2017-01-30 17:25:15','2017-01-30 17:25:14',1,84),(9382,384,4004,724.14,'2017-01-29',0,'2017-01-30 17:19:39','2017-01-30 17:19:38',1,158),(9383,384,4006,382.16,'2017-01-29',0,'2017-01-30 17:25:56','2017-01-30 17:25:55',1,158),(9384,384,4007,448.28,'2017-01-29',0,'2017-01-30 17:26:19','2017-01-30 17:26:18',1,158),(9385,384,4009,609.66,'2017-01-29',0,'2017-01-30 17:27:52','2017-01-30 17:27:51',1,84),(9386,384,4011,506.49,'2017-01-29',0,'2017-01-30 17:28:10','2017-01-30 17:28:09',1,148),(9387,384,4013,786.31,'2017-01-29',0,'2017-01-30 18:53:28','2017-01-30 18:53:27',1,13),(9389,384,4014,1303.45,'0000-00-00',0,'2017-01-30 17:57:57','2017-01-30 17:57:56',1,43),(9390,385,1778,761.82,'2017-02-05',0,'2017-02-08 21:13:17','2017-02-08 21:13:15',1,84),(9391,385,1832,707.91,'2017-02-05',0,'2017-02-08 21:13:52','2017-02-08 21:13:50',1,84),(9392,385,1838,765.1,'2017-02-05',0,'2017-02-08 21:14:32','2017-02-08 21:14:30',1,172),(9393,385,1839,326.51,'2017-02-05',0,'2017-02-08 21:14:36','2017-02-08 21:14:35',1,172),(9394,385,1840,326.51,'2017-02-05',0,'2017-02-08 21:14:43','2017-02-08 21:14:41',1,172),(9395,385,1841,326.51,'2017-02-05',0,'2017-02-08 21:14:53','2017-02-08 21:14:51',1,172),(9396,385,1866,1450.49,'2017-02-05',0,'2017-02-08 21:19:39','2017-02-08 21:19:37',1,158),(9397,385,1892,354.28,'2017-02-05',0,'2017-02-08 21:20:22','2017-02-08 21:20:20',1,158),(9398,385,1911,1039.66,'2017-02-05',0,'2017-02-08 21:12:12','2017-02-08 21:12:10',1,79),(9403,385,1945,1039.66,'2017-02-05',0,'2017-02-08 19:38:38','2017-02-08 19:38:36',1,198),(9404,385,1946,11476.34,'2017-02-05',0,'2017-02-08 21:31:54','2017-02-08 21:31:52',1,12),(9405,385,3894,1469.48,'2017-02-05',0,'2017-02-08 21:39:06','2017-02-08 21:39:04',1,64),(9406,385,3921,513.88,'2017-02-05',0,'2017-02-08 21:42:25','2017-02-08 21:42:23',1,13),(9407,385,3962,724.14,'2017-02-05',0,'2017-02-08 21:43:17','2017-02-08 21:43:15',1,173),(9408,385,3975,81.46,'2017-02-05',0,'2017-02-08 21:43:35','2017-02-08 21:43:34',1,13),(9409,385,3980,724.14,'2017-02-05',0,'2017-02-08 21:44:19','2017-02-08 21:44:18',1,188),(9410,385,3989,305.11,'2017-02-05',0,'2017-02-08 21:45:06','2017-02-08 21:45:04',1,84),(9411,385,3995,724.14,'2017-02-05',0,'2017-02-08 21:50:26','2017-02-08 21:50:25',1,13),(9412,385,4015,162.93,'2017-02-05',0,'2017-02-08 21:56:05','2017-02-08 21:56:04',1,79),(9413,385,4017,258.62,'2017-02-05',0,'2017-02-08 22:10:08','2017-02-08 22:10:06',1,148),(9415,385,4020,1127.07,'2017-02-05',0,'2017-02-08 22:10:55','2017-02-08 22:10:53',1,188),(9416,385,4021,39.31,'2017-02-05',0,'2017-02-08 22:12:28','2017-02-08 22:12:26',1,148),(9417,385,4023,1412.07,'2017-02-05',0,'2017-02-08 22:12:47','2017-02-08 22:12:46',1,72),(9419,385,4016,162.93,'0000-00-00',0,'2017-02-08 22:09:52','2017-02-08 22:09:50',1,148),(9420,386,1837,860.13,'2017-02-12',0,'2017-02-13 23:04:00','2017-02-13 23:04:00',1,84),(9421,386,1914,219.97,'2017-02-12',0,'2017-02-13 23:08:53','2017-02-13 23:08:53',1,13),(9422,386,1948,4244.61,'2017-02-12',0,'2017-02-18 18:58:34','2017-02-18 18:58:35',1,148),(9423,386,1949,1681.03,'2017-02-12',0,'2017-02-13 23:14:27','2017-02-13 23:14:27',1,84),(9424,386,1950,707.43,'2017-02-12',0,'2017-02-18 19:01:10','2017-02-18 19:01:12',1,148),(9425,386,1951,707.43,'2017-02-12',0,'2017-02-18 19:01:29','2017-02-18 19:01:30',1,148),(9427,386,3985,724.14,'2017-02-12',0,'2017-02-13 23:21:42','2017-02-13 23:21:42',1,43),(9429,386,4025,751.42,'2017-02-12',0,'2017-02-13 23:52:11','2017-02-13 23:52:11',1,84),(9430,386,4027,392.24,'2017-02-12',0,'2017-02-18 18:18:45','2017-02-18 18:18:46',1,158),(9431,386,4029,317.72,'2017-02-12',0,'2017-02-13 23:54:06','2017-02-13 23:54:06',1,158),(9432,386,4030,687.88,'2017-02-12',0,'2017-02-13 23:54:30','2017-02-13 23:54:30',1,84),(9433,386,4031,1567.97,'2017-02-12',0,'2017-02-18 19:08:39','2017-02-18 19:08:41',1,108),(9434,386,4033,784.49,'2017-02-12',0,'2017-02-13 23:55:38','2017-02-13 23:55:38',1,95),(9435,385,1936,4244.61,'0000-00-00',0,'2017-02-13 21:55:22','2017-02-13 21:55:22',1,67),(9436,385,1935,9933.57,'0000-00-00',0,'2017-02-13 21:56:06','2017-02-13 21:56:06',1,67),(9438,387,1806,1306.03,'2017-02-19',0,'2017-02-20 18:37:27','2017-02-20 18:37:27',1,148),(9439,387,1807,3792.41,'2017-02-19',0,'2017-02-20 18:46:27','2017-02-20 18:46:25',1,148),(9440,387,1857,2465.52,'2017-02-19',0,'2017-02-20 18:48:33','2017-02-20 18:48:31',1,69),(9441,387,1904,1580.6,'2017-02-19',0,'2017-02-20 18:51:19','2017-02-20 18:51:17',1,148),(9442,387,1905,653.31,'2017-02-19',0,'2017-02-20 18:52:28','2017-02-20 18:52:26',1,148),(9443,387,1943,10310.34,'2017-02-19',0,'2017-02-20 18:54:04','2017-02-20 18:54:02',1,13),(9444,387,1944,10310.34,'2017-02-19',0,'2017-02-20 18:54:13','2017-02-20 18:54:11',1,13),(9445,387,1952,85344.83,'2017-02-19',0,'2017-02-20 18:55:16','2017-02-20 18:55:14',1,199),(9446,387,1956,707.31,'2017-02-19',0,'2017-02-20 18:58:26','2017-02-20 18:58:24',1,72),(9447,387,3992,176.38,'2017-02-19',0,'2017-02-20 19:03:39','2017-02-20 19:03:38',1,173),(9448,387,4011,506.48,'2017-02-19',0,'2017-02-20 19:04:36','2017-02-20 19:04:34',1,148),(9449,387,4018,6350,'2017-02-19',0,'2017-02-22 23:50:42','2017-02-22 23:50:41',1,84),(9450,387,4024,1408.19,'2017-02-19',0,'2017-02-20 19:07:00','2017-02-20 19:06:59',1,184),(9451,387,4034,767.39,'2017-02-19',0,'2017-02-20 19:07:23','2017-02-20 19:07:21',1,79),(9453,387,4037,176.51,'2017-02-19',0,'2017-02-20 19:08:14','2017-02-20 19:08:13',1,84),(9454,387,1940,1126,'0000-00-00',0,'2017-02-22 23:54:33','2017-02-22 23:54:31',1,158),(9455,388,1814,707.44,'2017-02-26',0,'2017-02-27 18:59:06','2017-02-27 18:59:06',1,158),(9456,388,1816,707.44,'2017-02-26',0,'2017-02-27 18:59:46','2017-02-27 18:59:46',1,158),(9457,388,1840,326.51,'2017-02-26',0,'2017-02-27 19:00:21','2017-02-27 19:00:21',1,172),(9458,388,1841,326.51,'2017-02-26',0,'2017-02-27 19:00:26','2017-02-27 19:00:26',1,172),(9459,388,1854,707.34,'2017-02-26',0,'2017-02-27 19:01:05','2017-02-27 19:01:05',1,72),(9460,388,1855,707.34,'2017-02-26',0,'2017-02-27 19:01:12','2017-02-27 19:01:12',1,72),(9461,388,1896,707.44,'2017-02-26',0,'2017-02-27 19:04:06','2017-02-27 19:04:06',1,72),(9462,388,1899,707.51,'2017-02-26',0,'2017-02-27 19:04:11','2017-02-27 19:04:11',1,69),(9463,388,1903,707.4,'2017-02-26',0,'2017-02-27 19:04:15','2017-02-27 19:04:15',1,158),(9464,388,1941,1265.69,'2017-02-26',0,'2017-02-27 19:05:52','2017-02-27 19:05:52',1,13),(9465,388,1957,1126.29,'2017-02-26',0,'2017-02-27 19:10:54','2017-02-27 19:10:54',1,79),(9466,388,1958,14416.55,'2017-02-26',0,'2017-02-27 19:12:19','2017-02-27 19:12:19',1,184),(9467,388,1959,8996.67,'2017-02-26',0,'2017-02-27 19:13:36','2017-02-27 19:13:36',1,148),(9468,388,3880,724.13,'2017-02-26',0,'2017-02-27 19:22:44','2017-02-27 19:22:44',1,72),(9469,388,3957,586.29,'2017-02-26',0,'2017-02-27 19:23:15','2017-02-27 19:23:15',1,173),(9471,388,4039,191.08,'2017-02-26',0,'2017-02-27 19:24:26','2017-02-27 19:24:26',1,67),(9472,388,4040,112.07,'2017-02-26',0,'2017-02-27 19:24:58','2017-02-27 19:24:58',1,79),(9474,389,1449,647.2,'2017-03-05',0,'2017-03-06 19:23:57','2017-03-06 19:23:57',1,84),(9475,389,1832,707.9,'2017-03-05',0,'2017-03-06 19:24:25','2017-03-06 19:24:25',1,84),(9476,389,1838,765.1,'2017-03-05',0,'2017-03-06 19:24:57','2017-03-06 19:24:57',1,172),(9477,389,1839,326.51,'2017-03-05',0,'2017-03-06 19:25:13','2017-03-06 19:25:12',1,172),(9478,389,1932,653.02,'2017-03-05',0,'2017-03-06 19:27:05','2017-03-06 19:27:04',1,148),(9479,389,1938,353.72,'2017-03-05',0,'2017-03-06 19:27:41','2017-03-06 19:27:40',1,84),(9480,389,1939,1230.46,'2017-03-05',0,'2017-03-06 19:28:12','2017-03-06 19:28:12',1,84),(9482,389,1961,1126.29,'2017-03-05',0,'2017-03-06 19:36:43','2017-03-06 19:36:42',1,13),(9483,389,1962,1126.29,'2017-03-05',0,'2017-03-06 19:37:13','2017-03-06 19:37:12',1,85),(9484,389,1963,4244.61,'2017-03-05',0,'2017-03-06 19:38:09','2017-03-06 19:38:08',1,13),(9485,389,1965,9184.34,'2017-03-05',0,'2017-03-06 19:38:31','2017-03-06 19:38:31',1,184),(9486,389,1966,707.44,'2017-03-05',0,'2017-03-06 19:38:40','2017-03-06 19:38:40',1,79),(9489,389,3926,556.3,'2017-03-05',0,'2017-03-06 19:11:51','2017-03-06 19:11:51',1,84),(9490,389,3952,872.74,'2017-03-05',0,'2017-03-06 19:12:48','2017-03-06 19:12:47',1,95),(9491,389,3964,724.11,'2017-03-05',0,'2017-03-06 19:13:26','2017-03-06 19:13:26',1,13),(9493,389,4043,784.49,'2017-03-05',0,'2017-03-06 19:20:33','2017-03-06 19:20:33',1,84),(9494,389,4044,724.14,'2017-03-05',0,'2017-03-06 19:20:54','2017-03-06 19:20:54',1,84),(9495,389,4045,162.93,'2017-03-05',0,'2017-03-06 19:21:52','2017-03-06 19:21:52',1,184),(9496,389,4046,191.08,'2017-03-05',0,'2017-03-06 19:22:10','2017-03-06 19:22:10',1,79),(9497,389,4047,143.5,'2017-03-05',0,'2017-03-06 19:22:52','2017-03-06 19:22:52',1,84),(9498,389,4048,293.28,'2017-03-05',0,'2017-03-06 19:23:05','2017-03-06 19:23:05',1,84),(9499,389,4049,562.76,'2017-03-05',0,'2017-03-06 19:23:26','2017-03-06 19:23:26',1,184),(9500,389,1960,707.43,'0000-00-00',0,'2017-03-06 19:36:32','2017-03-06 19:36:31',1,79),(9501,389,1711,1108.97,'0000-00-00',0,'2017-03-08 16:26:34','2017-03-08 16:26:34',1,18),(9502,389,1718,220.67,'0000-00-00',0,'2017-03-08 16:27:10','2017-03-08 16:27:10',1,18);
/*!40000 ALTER TABLE `abono_comision` ENABLE KEYS */;
UNLOCK TABLES;

--
-- Table structure for table `abono_prestamo`
--

DROP TABLE IF EXISTS `abono_prestamo`;
/*!40101 SET @saved_cs_client     = @@character_set_client */;
/*!40101 SET character_set_client = utf8 */;
CREATE TABLE `abono_prestamo` (
  `id` int(11) NOT NULL AUTO_INCREMENT,
  `monto` double NOT NULL,
  `prestamo_id` int(11) DEFAULT NULL,
  `asistencia_id` int(11) NOT NULL,
  PRIMARY KEY (`id`),
  KEY `fk_abono_prestamo_prestamo1_idx` (`prestamo_id`),
  KEY `fk_abono_prestamo_asistencia1_idx` (`asistencia_id`),
  CONSTRAINT `fk_abono_prestamo_asistencia1` FOREIGN KEY (`asistencia_id`) REFERENCES `asistencia` (`id`) ON DELETE NO ACTION ON UPDATE NO ACTION,
  CONSTRAINT `fk_abono_prestamo_prestamo1` FOREIGN KEY (`prestamo_id`) REFERENCES `prestamo` (`id`) ON DELETE NO ACTION ON UPDATE NO ACTION
) ENGINE=InnoDB AUTO_INCREMENT=2 DEFAULT CHARSET=utf8;
/*!40101 SET character_set_client = @saved_cs_client */;

--
-- Dumping data for table `abono_prestamo`
--

LOCK TABLES `abono_prestamo` WRITE;
/*!40000 ALTER TABLE `abono_prestamo` DISABLE KEYS */;
INSERT INTO `abono_prestamo` VALUES (1,0,NULL,323);
/*!40000 ALTER TABLE `abono_prestamo` ENABLE KEYS */;
UNLOCK TABLES;

--
-- Table structure for table `accion`
--

DROP TABLE IF EXISTS `accion`;
/*!40101 SET @saved_cs_client     = @@character_set_client */;
/*!40101 SET character_set_client = utf8 */;
CREATE TABLE `accion` (
  `id` int(11) NOT NULL AUTO_INCREMENT,
  `nombre` varchar(45) NOT NULL,
  PRIMARY KEY (`id`)
) ENGINE=InnoDB DEFAULT CHARSET=utf8;
/*!40101 SET character_set_client = @saved_cs_client */;

--
-- Dumping data for table `accion`
--

LOCK TABLES `accion` WRITE;
/*!40000 ALTER TABLE `accion` DISABLE KEYS */;
/*!40000 ALTER TABLE `accion` ENABLE KEYS */;
UNLOCK TABLES;

--
-- Temporary view structure for view `advertencia_comision_activa`
--

DROP TABLE IF EXISTS `advertencia_comision_activa`;
/*!50001 DROP VIEW IF EXISTS `advertencia_comision_activa`*/;
SET @saved_cs_client     = @@character_set_client;
SET character_set_client = utf8;
/*!50001 CREATE VIEW `advertencia_comision_activa` AS SELECT 
 1 AS `id`,
 1 AS `comision_id`,
 1 AS `created_at`,
 1 AS `motivos`,
 1 AS `activo`,
 1 AS `updated_at`*/;
SET character_set_client = @saved_cs_client;

--
-- Table structure for table `almacen`
--

DROP TABLE IF EXISTS `almacen`;
/*!40101 SET @saved_cs_client     = @@character_set_client */;
/*!40101 SET character_set_client = utf8 */;
CREATE TABLE `almacen` (
  `id` int(11) NOT NULL AUTO_INCREMENT,
  `departamento_id` int(11) NOT NULL,
  `nombre` varchar(50) NOT NULL,
  PRIMARY KEY (`id`),
  KEY `fk_almacen_departamento1_idx` (`departamento_id`),
  CONSTRAINT `fk_almacen_departamento1` FOREIGN KEY (`departamento_id`) REFERENCES `departamento` (`id`) ON DELETE NO ACTION ON UPDATE NO ACTION
) ENGINE=InnoDB DEFAULT CHARSET=utf8;
/*!40101 SET character_set_client = @saved_cs_client */;

--
-- Dumping data for table `almacen`
--

LOCK TABLES `almacen` WRITE;
/*!40000 ALTER TABLE `almacen` DISABLE KEYS */;
/*!40000 ALTER TABLE `almacen` ENABLE KEYS */;
UNLOCK TABLES;

--
-- Table structure for table `anticipo_comision`
--

DROP TABLE IF EXISTS `anticipo_comision`;
/*!40101 SET @saved_cs_client     = @@character_set_client */;
/*!40101 SET character_set_client = utf8 */;
CREATE TABLE `anticipo_comision` (
  `id` int(11) NOT NULL AUTO_INCREMENT,
  `monto` double NOT NULL,
  `created_at` timestamp NULL DEFAULT NULL,
  `updated_at` timestamp NULL DEFAULT NULL,
  `fecha` date NOT NULL,
  `aplicado` tinyint(1) NOT NULL DEFAULT '0',
  `motivos` text,
  `comision_id` int(11) NOT NULL,
  `folio` int(11) NOT NULL,
  PRIMARY KEY (`id`),
  KEY `fk_anticipo_comision_comision1_idx` (`comision_id`),
  CONSTRAINT `fk_anticipo_comision_comision1` FOREIGN KEY (`comision_id`) REFERENCES `comision` (`id`) ON DELETE NO ACTION ON UPDATE NO ACTION
) ENGINE=InnoDB AUTO_INCREMENT=21 DEFAULT CHARSET=utf8;
/*!40101 SET character_set_client = @saved_cs_client */;

--
-- Dumping data for table `anticipo_comision`
--

LOCK TABLES `anticipo_comision` WRITE;
/*!40000 ALTER TABLE `anticipo_comision` DISABLE KEYS */;
INSERT INTO `anticipo_comision` VALUES (7,4219.34,'2017-01-13 22:57:11','2017-01-13 22:57:11','2017-01-11',0,'Se recibe el 30% del total de la venta en efectivo',1930,378),(8,10075,'2017-01-14 20:50:16','2017-01-14 20:50:16','2017-01-12',0,'Se recibe el 30% del total de la venta en efectivo',1856,378),(9,2079.31,'2017-01-14 21:01:49','2017-01-14 21:01:49','2017-01-13',0,'Se recibe el 30% del total de la venta en efectivo',1931,378),(10,3918.1,'2017-01-16 16:32:17','2017-01-14 16:32:17','2017-01-09',0,'Complemento del 30% del total de la venta pagado en efectivo',1929,378),(11,1127.07,'2017-02-04 16:48:19','2017-02-04 16:48:19','2017-02-02',0,'Pago total de la venta en una sola exhibicin ',4020,381),(12,1039.66,'2017-02-08 19:13:49','2017-02-08 19:13:49','2017-02-08',0,'Se paga en su totalidad la venta',1945,381),(13,11476.34,'2017-02-08 22:29:58','2017-02-08 22:29:58','2017-02-02',0,'Se recibe en su totalidad el pago correspondiente al 30% de la venta',1946,381),(14,687.88,'2017-02-10 22:15:10','2017-02-10 22:15:10','2017-02-09',0,'Se recibe en efectivo el total de la venta en una sola exhibicin ',4030,382),(15,85344.83,'2017-02-18 19:35:52','2017-02-18 19:35:52','2017-02-17',0,'Se recibe el 30% del total de la venta en efectivo',1952,383),(16,10310.34,'2017-02-18 19:40:27','2017-02-18 19:40:27','2017-02-02',0,'Se recibe el pago total de la venta en efectivo',1944,383),(17,10310.34,'2017-02-18 19:42:27','2017-02-18 19:42:27','2017-02-02',0,'Se recibe el total de la venta en efectivo',1943,383),(18,4244.61,'2017-02-28 23:12:35','2017-02-28 23:12:35','2017-02-28',0,'Se recibe el 43% del total de la venta en efectivo',1963,385),(19,1126.29,'2017-02-28 23:18:19','2017-02-28 23:18:19','2017-02-27',0,'Se paga en su totalidad el servicio',1962,385),(20,14416.55,'2017-03-01 23:41:25','2017-03-01 23:41:25','2017-02-24',0,'Se recibe en su totalidad el pago del terreno',1958,384);
/*!40000 ALTER TABLE `anticipo_comision` ENABLE KEYS */;
UNLOCK TABLES;

--
-- Table structure for table `asesor`
--

DROP TABLE IF EXISTS `asesor`;
/*!40101 SET @saved_cs_client     = @@character_set_client */;
/*!40101 SET character_set_client = utf8 */;
CREATE TABLE `asesor` (
  `id` int(11) NOT NULL AUTO_INCREMENT,
  `persona_id` int(11) NOT NULL,
  `fecha_ingreso` date DEFAULT NULL,
  `activo` tinyint(1) NOT NULL DEFAULT '1',
  `email` varchar(80) DEFAULT NULL,
  PRIMARY KEY (`id`,`persona_id`),
  KEY `fk_asesor_persona1_idx` (`persona_id`),
  CONSTRAINT `fk_asesor_persona1` FOREIGN KEY (`persona_id`) REFERENCES `persona` (`id`) ON DELETE NO ACTION ON UPDATE NO ACTION
) ENGINE=InnoDB AUTO_INCREMENT=200 DEFAULT CHARSET=utf8;
/*!40101 SET character_set_client = @saved_cs_client */;

--
-- Dumping data for table `asesor`
--

LOCK TABLES `asesor` WRITE;
/*!40000 ALTER TABLE `asesor` DISABLE KEYS */;
INSERT INTO `asesor` VALUES (1,1,NULL,0,NULL),(3,12,'2015-01-20',1,NULL),(5,13,'2015-06-15',1,NULL),(6,14,'2015-06-15',1,NULL),(7,15,'2015-06-17',1,NULL),(12,16,'2015-06-15',1,NULL),(13,17,'2015-06-15',1,'dsvillanueva60@hotmail.com'),(18,18,NULL,1,NULL),(19,19,'2015-06-15',1,NULL),(20,20,'2015-06-15',1,NULL),(21,21,'2015-06-15',1,NULL),(22,22,'2015-06-15',1,NULL),(25,23,'2015-06-15',1,NULL),(43,25,'2015-06-15',1,NULL),(50,27,'2015-06-15',1,NULL),(51,28,'2015-06-15',1,NULL),(52,29,'2015-06-15',1,NULL),(54,31,'2015-06-15',1,NULL),(55,32,'2015-06-15',1,NULL),(56,33,'2015-06-15',1,NULL),(57,34,'2015-06-15',1,NULL),(58,35,'2015-06-15',1,NULL),(59,36,'2015-06-15',1,NULL),(60,37,'2015-06-16',1,NULL),(63,39,'2015-06-16',1,NULL),(64,40,'2015-06-16',1,'juanygzzch@hotmail.com'),(65,41,'2015-06-16',1,NULL),(66,42,'2016-11-18',1,NULL),(67,43,'2015-06-16',1,NULL),(68,44,'2015-06-16',1,NULL),(69,45,'2015-06-16',1,NULL),(70,46,'2015-06-16',1,NULL),(71,47,'2015-06-16',1,NULL),(72,48,'2015-06-16',1,NULL),(73,49,'2015-06-16',1,NULL),(74,50,'2015-06-16',1,'sfespeciales@gmail.com'),(75,51,'2015-06-16',1,NULL),(76,52,'2015-06-16',1,NULL),(78,54,'2015-06-16',1,'nelly.e.mtz@live.com'),(79,55,'2015-06-16',1,'ofeliamtz5210@hotmail.com'),(81,53,'2015-06-16',1,NULL),(82,56,'2015-06-16',1,NULL),(83,59,'2015-06-16',1,NULL),(84,60,'2015-06-16',1,'lic.terecortez@hotmail.com'),(85,61,'2015-06-16',1,NULL),(86,58,'2015-06-16',1,NULL),(87,807,'2015-06-16',1,NULL),(88,62,'2015-06-16',1,NULL),(89,63,'2015-06-16',1,NULL),(90,65,'2015-06-16',1,NULL),(91,66,'2015-06-16',1,NULL),(92,67,'2015-06-16',1,NULL),(93,68,'2015-06-16',1,NULL),(94,70,'2015-06-16',1,NULL),(95,71,'2015-06-16',1,NULL),(96,72,'2015-06-15',1,NULL),(98,74,'2015-06-16',1,NULL),(99,75,'2015-06-16',1,NULL),(101,76,'2015-06-16',1,NULL),(102,77,'2015-06-16',1,NULL),(103,78,'2015-06-16',1,NULL),(104,79,'2015-06-16',1,NULL),(105,80,'2015-06-16',1,NULL),(106,64,'2015-06-16',1,NULL),(107,82,'2015-06-16',1,NULL),(108,83,'2015-06-16',1,NULL),(109,84,'2015-06-15',1,NULL),(110,85,'2015-06-16',1,NULL),(111,86,'2015-06-16',1,NULL),(112,87,'2015-06-16',1,NULL),(113,88,'2015-06-16',1,NULL),(114,89,'2015-06-16',1,NULL),(115,90,'2015-06-16',1,NULL),(116,91,'2015-06-16',1,NULL),(117,92,'2015-06-16',1,NULL),(118,93,'2015-06-16',1,NULL),(119,94,'2015-06-16',1,NULL),(123,97,'2015-06-16',1,NULL),(124,98,'2015-06-16',1,NULL),(125,99,'2016-04-07',1,NULL),(126,100,'2015-06-16',1,NULL),(127,101,'2015-06-16',1,NULL),(129,103,'2015-06-16',1,NULL),(130,104,'2015-06-16',1,NULL),(131,105,'2015-06-16',1,NULL),(133,106,'2015-06-16',1,NULL),(134,107,'2015-06-15',1,NULL),(135,108,'2015-06-16',1,NULL),(136,109,'2015-06-15',1,NULL),(137,110,'2015-06-16',1,NULL),(138,111,'2015-06-16',1,NULL),(139,112,'2015-06-16',1,NULL),(140,113,'2015-06-16',1,NULL),(141,114,'2015-06-15',1,NULL),(142,115,'2015-06-15',1,NULL),(143,116,'2015-06-16',1,NULL),(144,117,'2015-06-16',1,NULL),(145,118,NULL,1,NULL),(146,119,'2015-06-16',1,NULL),(148,120,'2015-06-16',1,'lety.previsiones@hotmail.com'),(149,121,'2015-06-16',1,NULL),(150,122,'2015-06-16',1,NULL),(151,123,'2015-06-16',1,NULL),(152,124,NULL,1,NULL),(153,125,NULL,1,NULL),(154,126,'2015-06-16',1,NULL),(156,127,'2015-06-15',1,NULL),(157,128,NULL,1,NULL),(158,129,'2015-06-16',1,NULL),(159,130,NULL,1,NULL),(160,131,NULL,1,NULL),(161,132,NULL,1,NULL),(162,133,NULL,1,NULL),(163,134,NULL,1,NULL),(164,135,'2015-06-15',1,NULL),(167,220,'2016-04-07',1,'edgardomerino@outlook.es'),(168,644,NULL,1,NULL),(169,645,'2016-11-18',1,NULL),(171,646,NULL,1,NULL),(172,221,'2016-04-07',1,'bad_boy8987@hotmail.com'),(173,218,'2016-12-08',1,'bustamante.pfg@gmail.com'),(177,647,NULL,1,NULL),(179,339,NULL,1,NULL),(180,340,NULL,1,NULL),(181,387,'2016-11-18',1,NULL),(182,219,'2016-04-07',1,'0'),(184,24,'2015-06-15',1,'0'),(188,95,'2015-06-16',1,'mcharcov@hotmail.com'),(190,69,'2015-06-16',1,NULL),(194,434,'2016-07-20',1,NULL),(195,449,'2016-07-25',1,NULL),(196,484,'2016-08-22',1,NULL),(197,619,'2016-11-05',1,NULL),(198,760,'2017-02-01',1,' '),(199,783,'2017-02-18',1,' ');
/*!40000 ALTER TABLE `asesor` ENABLE KEYS */;
UNLOCK TABLES;

--
-- Table structure for table `asistencia`
--

DROP TABLE IF EXISTS `asistencia`;
/*!40101 SET @saved_cs_client     = @@character_set_client */;
/*!40101 SET character_set_client = utf8 */;
CREATE TABLE `asistencia` (
  `id` int(11) NOT NULL AUTO_INCREMENT,
  `sa` tinyint(1) NOT NULL DEFAULT '0',
  `do` tinyint(1) NOT NULL DEFAULT '0',
  `lu` tinyint(1) NOT NULL DEFAULT '0',
  `ma` tinyint(1) NOT NULL DEFAULT '0',
  `mi` tinyint(1) NOT NULL DEFAULT '0',
  `ju` tinyint(1) NOT NULL DEFAULT '0',
  `vi` tinyint(1) NOT NULL DEFAULT '0',
  `observaciones` longtext,
  `lista_id` int(11) NOT NULL,
  `empleado_id` int(11) NOT NULL,
  `revisado` tinyint(1) NOT NULL DEFAULT '0',
  `hora_extra` tinyint(1) NOT NULL DEFAULT '0',
  `prima_dominical` tinyint(1) NOT NULL DEFAULT '0',
  `vacaciones` int(11) NOT NULL DEFAULT '0',
  `festivo` tinyint(1) NOT NULL DEFAULT '0',
  `semana_completa` tinyint(1) NOT NULL DEFAULT '0',
  `dias_pago` double NOT NULL DEFAULT '0',
  `revision_contabilidad` tinyint(4) NOT NULL DEFAULT '0',
  `nomina` double NOT NULL DEFAULT '0',
  `nomina_ss` double NOT NULL DEFAULT '0',
  PRIMARY KEY (`id`),
  KEY `fk_asistencia_lista1_idx` (`lista_id`),
  KEY `fk_asistencia_empleado1_idx` (`empleado_id`),
  CONSTRAINT `fk_asistencia_empleado1` FOREIGN KEY (`empleado_id`) REFERENCES `empleado` (`id`) ON DELETE NO ACTION ON UPDATE NO ACTION,
  CONSTRAINT `fk_asistencia_lista1` FOREIGN KEY (`lista_id`) REFERENCES `lista` (`id`) ON DELETE NO ACTION ON UPDATE NO ACTION
) ENGINE=InnoDB AUTO_INCREMENT=358 DEFAULT CHARSET=utf8;
/*!40101 SET character_set_client = @saved_cs_client */;

--
-- Dumping data for table `asistencia`
--

LOCK TABLES `asistencia` WRITE;
/*!40000 ALTER TABLE `asistencia` DISABLE KEYS */;
INSERT INTO `asistencia` VALUES (1,0,0,0,0,0,0,0,NULL,1,1,0,0,0,0,0,0,0,0,0,0),(2,1,0,1,1,1,1,1,' Martes casa Inge',1,2,1,0,0,0,0,0,0,0,0,0),(3,1,0,1,1,1,1,1,NULL,1,3,1,0,0,0,0,0,0,0,0,0),(4,1,0,1,1,1,1,1,NULL,1,4,1,0,0,0,0,0,0,0,0,0),(5,1,0,1,1,1,1,1,' Martes casa Inge',1,5,1,0,0,0,0,0,0,0,0,0),(6,1,0,1,1,1,1,1,NULL,1,6,1,0,0,0,0,0,0,0,0,0),(7,1,0,1,1,1,1,1,NULL,1,7,1,0,0,0,0,0,0,0,0,0),(8,1,0,1,1,1,1,1,' Casa Inge viernes 27 de nov',1,8,1,0,0,0,0,0,0,0,0,0),(9,1,0,1,1,1,1,1,NULL,1,9,1,0,0,0,0,0,0,0,0,0),(10,0,0,0,0,0,0,0,NULL,1,10,0,0,0,0,0,0,0,0,0,0),(11,1,0,1,1,1,1,1,' guardia',1,11,1,0,0,0,0,0,0,0,0,0),(12,1,1,1,1,1,1,1,' Pagar prima, pagar hora extra del jueves y pagar un dia mas por el descanso que no tom',1,12,1,0,0,0,0,0,0,0,0,0),(13,1,0,1,1,1,1,1,' pagar una hora extra del jueves',1,13,1,0,0,0,0,0,0,0,0,0),(14,1,0,1,1,1,1,1,NULL,1,14,1,0,0,0,0,0,0,0,0,0),(15,1,0,1,1,1,1,1,NULL,1,15,1,0,0,0,0,0,0,0,0,0),(16,0,0,0,0,0,0,0,NULL,1,16,0,0,0,0,0,0,0,0,0,0),(17,1,0,1,1,1,1,1,NULL,1,17,1,0,0,0,0,0,0,0,0,0),(18,1,0,1,1,1,1,1,NULL,1,18,1,0,0,0,0,0,0,0,0,0),(19,1,0,1,1,1,1,1,NULL,1,19,1,0,0,0,0,0,0,0,0,0),(20,0,0,0,0,0,0,0,NULL,1,20,0,0,0,0,0,0,0,0,0,0),(21,1,0,1,1,1,1,1,NULL,1,21,1,0,0,0,0,0,0,0,0,0),(22,0,0,0,0,0,0,0,NULL,1,22,0,0,0,0,0,0,0,0,0,0),(23,1,0,1,1,1,1,1,NULL,1,23,1,0,0,0,0,0,0,0,0,0),(24,1,0,1,1,1,1,1,NULL,1,24,1,0,0,0,0,0,0,0,0,0),(25,1,0,1,1,1,1,1,NULL,1,25,1,0,0,0,0,0,0,0,0,0),(26,1,0,1,1,1,1,1,NULL,1,26,1,0,0,0,0,0,0,0,0,0),(27,1,0,1,1,1,1,1,NULL,1,27,1,0,0,0,0,0,0,0,0,0),(28,1,1,1,1,1,1,1,'Pagar hora extra del jueves mas el dia extra mas prima dominical',1,28,1,0,0,0,0,0,0,0,0,0),(29,1,1,1,0,1,1,1,' Casa del Inge Miercoles y viernes, pagar prima dominical',1,29,1,0,0,0,0,0,0,0,0,0),(30,1,0,1,1,1,1,1,NULL,1,30,1,0,0,0,0,0,0,0,0,0),(31,1,0,1,1,1,1,1,'   Martes casa inge',2,2,1,0,0,0,0,0,0,0,0,0),(32,1,0,1,1,1,1,1,NULL,2,3,1,0,0,0,0,0,0,0,0,0),(33,1,0,1,1,1,1,1,NULL,2,4,1,0,0,0,0,0,0,0,0,0),(34,1,0,1,1,1,1,1,'  Martes casa Inge',2,5,1,0,0,0,0,0,0,0,0,0),(35,1,0,1,1,1,1,1,NULL,2,6,1,0,0,0,0,0,0,0,0,0),(36,1,0,1,1,1,1,1,NULL,2,7,1,0,0,0,0,0,0,0,0,0),(37,1,0,1,1,1,1,1,' Miercoles fue a la casa del inge',2,8,1,0,0,0,0,0,0,0,0,0),(38,1,0,1,1,1,1,1,NULL,2,9,1,0,0,0,0,0,0,0,0,0),(39,1,0,1,1,1,1,1,NULL,2,11,1,0,0,0,0,0,0,0,0,0),(40,1,1,1,1,1,1,1,' Pagar un dia mas prima',2,12,1,0,0,0,0,0,0,0,0,0),(41,1,1,1,0,1,1,1,' Pagar prima',2,13,1,0,0,0,0,0,0,0,0,0),(42,0,0,0,0,0,0,0,' Vacaciones',2,14,1,0,0,0,0,0,0,0,0,0),(43,1,1,1,1,1,0,1,' Pagar prima mas una hora extra del viernes',2,15,1,0,0,0,0,0,0,0,0,0),(44,1,0,1,1,1,1,1,NULL,2,17,1,0,0,0,0,0,0,0,0,0),(45,1,0,1,1,1,1,1,NULL,2,18,1,0,0,0,0,0,0,0,0,0),(46,1,0,1,1,1,1,1,NULL,2,19,1,0,0,0,0,0,0,0,0,0),(47,1,1,1,1,0,1,1,'   Agregar hora extra de la semana pasada viernes',2,21,1,0,0,0,0,0,0,0,0,0),(48,1,0,1,1,1,1,1,NULL,2,23,1,0,0,0,0,0,0,0,0,0),(49,1,0,1,1,1,1,1,NULL,2,24,1,0,0,0,0,0,0,0,0,0),(50,1,0,1,0,1,1,1,NULL,2,25,1,0,0,0,0,0,0,0,0,0),(51,1,0,1,1,1,1,1,NULL,2,26,1,0,0,0,0,0,0,0,0,0),(52,1,0,1,1,1,1,1,NULL,2,27,1,0,0,0,0,0,0,0,0,0),(53,1,0,1,1,1,1,1,NULL,2,28,1,0,0,0,0,0,0,0,0,0),(54,1,0,1,1,1,1,1,' Miercoles casa inge',2,29,1,0,0,0,0,0,0,0,0,0),(55,1,0,1,1,1,1,1,NULL,2,30,1,0,0,0,0,0,0,0,0,0),(56,1,0,1,1,1,1,1,'   Martes casa Inge',3,2,1,0,0,0,0,0,0,0,0,0),(57,1,0,1,1,1,1,1,NULL,3,3,1,0,0,0,0,0,0,0,0,0),(58,1,0,1,1,1,1,1,NULL,3,4,1,0,0,0,0,0,0,0,0,0),(59,1,0,1,1,1,1,1,' Martes casa Inge',3,5,1,0,0,0,0,0,0,0,0,0),(60,1,0,1,1,1,1,1,NULL,3,6,1,0,0,0,0,0,0,0,0,0),(61,1,0,1,1,1,1,1,NULL,3,7,1,0,0,0,0,0,0,0,0,0),(62,1,0,1,1,1,1,1,NULL,3,8,1,0,0,0,0,0,0,0,0,0),(63,1,0,1,1,1,1,1,NULL,3,9,1,0,0,0,0,0,0,0,0,0),(64,1,1,1,1,1,1,1,' Guardia',3,11,1,0,0,0,0,0,0,0,0,0),(65,1,1,1,1,1,1,1,' Pagar el dia mas prima dominical',3,12,1,0,0,0,0,0,0,0,0,0),(66,1,0,1,1,1,1,1,NULL,3,13,1,0,0,0,0,0,0,0,0,0),(67,0,0,0,0,0,0,0,' vacaciones',3,14,1,0,0,0,0,0,0,0,0,0),(68,1,1,1,1,1,0,1,' Pagar prima',3,15,1,0,0,0,0,0,0,0,0,0),(69,1,0,1,1,1,1,1,NULL,3,17,1,0,0,0,0,0,0,0,0,0),(70,1,0,1,1,1,1,1,NULL,3,18,1,0,0,0,0,0,0,0,0,0),(71,1,0,1,1,1,1,1,NULL,3,19,1,0,0,0,0,0,0,0,0,0),(72,1,0,1,1,1,1,1,NULL,3,21,1,0,0,0,0,0,0,0,0,0),(73,1,0,1,1,1,1,1,NULL,3,23,1,0,0,0,0,0,0,0,0,0),(74,1,0,1,1,1,1,1,NULL,3,24,1,0,0,0,0,0,0,0,0,0),(75,1,0,1,1,1,1,1,NULL,3,25,1,0,0,0,0,0,0,0,0,0),(76,1,0,1,1,1,1,1,NULL,3,26,1,0,0,0,0,0,0,0,0,0),(77,1,0,1,1,1,1,1,NULL,3,27,1,0,0,0,0,0,0,0,0,0),(78,1,1,1,1,0,1,1,' Pagar prima',3,28,1,0,0,0,0,0,0,0,0,0),(79,1,1,1,0,0,1,1,' Pagar prima, descanso el martes y miercoles falt',3,29,1,0,0,0,0,0,0,0,0,0),(80,1,0,1,1,1,1,1,NULL,3,30,1,0,0,0,0,0,0,0,0,0),(81,1,0,1,1,1,1,1,' Retirar bono por un mes, el martes fue a la casa del Inge.',4,2,1,0,0,0,0,0,0,0,0,0),(82,1,0,1,1,1,1,1,NULL,4,3,1,0,0,0,0,0,0,0,0,0),(83,1,0,0,0,1,1,1,' Falt lunes y martes',4,4,1,0,0,0,0,0,0,0,0,0),(84,1,0,1,1,1,1,1,' Martes, casa del Inge',4,5,1,0,0,0,0,0,0,0,0,0),(85,1,0,1,1,1,1,1,'   Pidi medio dia el Jueves, queda pendiente checar si repondr ',4,6,1,0,0,0,0,0,0,0,0,0),(86,1,0,1,1,1,1,1,NULL,4,7,1,0,0,0,0,0,0,0,0,0),(87,1,0,1,1,1,1,1,NULL,4,8,1,0,0,0,0,0,0,0,0,0),(88,1,0,1,1,1,1,1,NULL,4,9,1,0,0,0,0,0,0,0,0,0),(89,1,0,1,1,1,1,1,' Guardia',4,11,1,0,0,0,0,0,0,0,0,0),(90,1,0,1,1,1,1,1,NULL,4,12,1,0,0,0,0,0,0,0,0,0),(91,1,1,1,0,1,1,1,' Pagar prima',4,13,1,0,0,0,0,0,0,0,0,0),(92,1,0,1,1,1,1,1,' Entr a partir del lunes pagar 5 dias',4,14,1,0,0,0,0,0,0,0,0,0),(93,1,1,1,1,1,0,1,' pagar prima',4,15,1,0,0,0,0,0,0,0,0,0),(94,1,0,1,1,1,1,1,NULL,4,17,1,0,0,0,0,0,0,0,0,0),(95,1,0,1,1,1,1,1,NULL,4,18,1,0,0,0,0,0,0,0,0,0),(96,1,0,1,1,1,1,1,NULL,4,19,1,0,0,0,0,0,0,0,0,0),(97,1,1,1,1,1,1,1,' Pagar un dia mas y prima dominical',4,21,1,0,0,0,0,0,0,0,0,0),(98,1,0,1,1,1,1,1,NULL,4,23,1,0,0,0,0,0,0,0,0,0),(99,1,0,1,1,1,1,1,NULL,4,24,1,0,0,0,0,0,0,0,0,0),(100,1,0,0,1,1,1,1,' Falt el lunes',4,25,1,0,0,0,0,0,0,0,0,0),(101,1,0,1,1,1,1,1,NULL,4,26,1,0,0,0,0,0,0,0,0,0),(102,1,0,1,1,1,1,1,NULL,4,27,1,0,0,0,0,0,0,0,0,0),(103,1,0,1,1,1,1,1,NULL,4,28,1,0,0,0,0,0,0,0,0,0),(104,1,0,1,1,1,1,1,'Reporte de vacaciones a partir de maana sbado 20 de diciiembre',4,29,1,0,0,0,0,0,0,0,0,0),(105,1,0,0,1,1,1,1,' Falt el lunes',4,30,1,0,0,0,0,0,0,0,0,0),(106,0,0,0,0,0,0,0,NULL,5,2,0,0,0,0,0,0,0,0,0,0),(107,0,0,0,0,0,0,0,NULL,5,3,0,0,0,0,0,0,0,0,0,0),(108,0,0,0,0,0,0,0,NULL,5,4,0,0,0,0,0,0,0,0,0,0),(109,0,0,0,0,0,0,0,NULL,5,5,0,0,0,0,0,0,0,0,0,0),(110,0,0,0,0,0,0,0,NULL,5,6,0,0,0,0,0,0,0,0,0,0),(111,0,0,0,0,0,0,0,NULL,5,7,0,0,0,0,0,0,0,0,0,0),(112,0,0,0,0,0,0,0,NULL,5,8,0,0,0,0,0,0,0,0,0,0),(113,0,0,0,0,0,0,0,NULL,5,9,0,0,0,0,0,0,0,0,0,0),(114,0,0,0,0,0,0,0,NULL,5,11,0,0,0,0,0,0,0,0,0,0),(115,0,0,0,0,0,0,0,NULL,5,12,0,0,0,0,0,0,0,0,0,0),(116,0,0,0,0,0,0,0,NULL,5,13,0,0,0,0,0,0,0,0,0,0),(117,0,0,0,0,0,0,0,NULL,5,14,0,0,0,0,0,0,0,0,0,0),(118,0,0,0,0,0,0,0,NULL,5,15,0,0,0,0,0,0,0,0,0,0),(119,0,0,0,0,0,0,0,NULL,5,17,0,0,0,0,0,0,0,0,0,0),(120,0,0,0,0,0,0,0,NULL,5,18,0,0,0,0,0,0,0,0,0,0),(121,0,0,0,0,0,0,0,NULL,5,19,0,0,0,0,0,0,0,0,0,0),(122,0,0,0,0,0,0,0,NULL,5,21,0,0,0,0,0,0,0,0,0,0),(123,0,0,0,0,0,0,0,NULL,5,23,0,0,0,0,0,0,0,0,0,0),(124,0,0,0,0,0,0,0,NULL,5,24,0,0,0,0,0,0,0,0,0,0),(125,0,0,0,0,0,0,0,NULL,5,25,0,0,0,0,0,0,0,0,0,0),(126,0,0,0,0,0,0,0,NULL,5,26,0,0,0,0,0,0,0,0,0,0),(127,0,0,0,0,0,0,0,NULL,5,27,0,0,0,0,0,0,0,0,0,0),(128,0,0,0,0,0,0,0,NULL,5,28,0,0,0,0,0,0,0,0,0,0),(129,0,0,0,0,0,0,0,NULL,5,29,0,0,0,0,0,0,0,0,0,0),(130,0,0,0,0,0,0,0,NULL,5,30,0,0,0,0,0,0,0,0,0,0),(131,0,0,0,0,0,0,0,NULL,6,3,0,0,0,0,0,0,0,0,0,0),(132,0,0,0,0,0,0,0,NULL,6,4,0,0,0,0,0,0,0,0,0,0),(133,0,0,0,0,0,0,0,NULL,6,5,0,0,0,0,0,0,0,0,0,0),(134,0,0,0,0,0,0,0,NULL,6,6,0,0,0,0,0,0,0,0,0,0),(135,0,0,0,0,0,0,0,NULL,6,7,0,0,0,0,0,0,0,0,0,0),(136,0,0,0,0,0,0,0,NULL,6,8,0,0,0,0,0,0,0,0,0,0),(137,0,0,0,0,0,0,0,NULL,6,9,0,0,0,0,0,0,0,0,0,0),(138,0,0,0,0,0,0,0,NULL,6,11,0,0,0,0,0,0,0,0,0,0),(139,0,0,0,0,0,0,0,NULL,6,12,0,0,0,0,0,0,0,0,0,0),(140,0,0,0,0,0,0,0,NULL,6,13,0,0,0,0,0,0,0,0,0,0),(141,0,0,0,0,0,0,0,NULL,6,14,0,0,0,0,0,0,0,0,0,0),(142,0,0,0,0,0,0,0,NULL,6,15,0,0,0,0,0,0,0,0,0,0),(143,0,0,0,0,0,0,0,NULL,6,17,0,0,0,0,0,0,0,0,0,0),(144,0,0,0,0,0,0,0,NULL,6,18,0,0,0,0,0,0,0,0,0,0),(145,0,0,0,0,0,0,0,NULL,6,19,0,0,0,0,0,0,0,0,0,0),(146,0,0,0,0,0,0,0,NULL,6,21,0,0,0,0,0,0,0,0,0,0),(147,0,0,0,0,0,0,0,NULL,6,23,0,0,0,0,0,0,0,0,0,0),(148,0,0,0,0,0,0,0,NULL,6,24,0,0,0,0,0,0,0,0,0,0),(149,0,0,0,0,0,0,0,NULL,6,25,0,0,0,0,0,0,0,0,0,0),(150,0,0,0,0,0,0,0,NULL,6,26,0,0,0,0,0,0,0,0,0,0),(151,0,0,0,0,0,0,0,NULL,6,27,0,0,0,0,0,0,0,0,0,0),(152,0,0,0,0,0,0,0,NULL,6,28,0,0,0,0,0,0,0,0,0,0),(153,0,0,0,0,0,0,0,NULL,6,29,0,0,0,0,0,0,0,0,0,0),(154,0,0,0,0,0,0,0,NULL,6,30,0,0,0,0,0,0,0,0,0,0),(155,0,0,0,0,1,1,1,'   Pagar 3 dias, regres el miercoles de vacaciones',7,3,1,0,0,0,0,0,0,0,0,0),(156,1,0,1,1,1,1,1,NULL,7,4,1,0,0,0,0,0,0,0,0,0),(157,1,0,1,1,1,1,1,NULL,7,6,1,0,0,0,0,0,0,0,0,0),(158,1,0,1,1,1,1,1,NULL,7,7,1,0,0,0,0,0,0,0,0,0),(159,1,0,1,1,1,1,1,NULL,7,8,1,0,0,0,0,0,0,0,0,0),(160,1,0,1,1,1,1,1,NULL,7,9,1,0,0,0,0,0,0,0,0,0),(161,1,0,1,1,1,1,1,NULL,7,11,1,0,0,0,0,0,0,0,0,0),(162,1,1,0,1,1,1,1,'   Pagar prima, descanso el lunes , 2 horas extra del jueves y miercoles, exhumacion y construccion',7,12,1,0,0,0,0,0,0,0,0,0),(163,1,0,1,1,1,1,1,NULL,7,13,1,0,0,0,0,0,0,0,0,0),(164,1,0,1,1,1,1,1,NULL,7,14,1,0,0,0,0,0,0,0,0,0),(165,1,1,1,1,1,0,1,'pagar prima, descans en jueves, se programan vacaciones 1 semana a partir de hoy 8 enero  ',7,15,1,0,0,0,0,0,0,0,0,0),(166,1,0,1,1,1,1,1,NULL,7,17,1,0,0,0,0,0,0,0,0,0),(167,1,0,1,1,1,1,1,NULL,7,18,1,0,0,0,0,0,0,0,0,0),(168,1,0,1,1,1,1,1,NULL,7,19,1,0,0,0,0,0,0,0,0,0),(169,1,0,1,1,1,1,1,NULL,7,21,1,0,0,0,0,0,0,0,0,0),(170,1,1,1,1,1,1,1,'   Pagar 1 dia mas prima, no ha descansado, +1 hora extra lunes',7,24,1,0,0,0,0,0,0,0,0,0),(171,1,0,1,1,1,1,1,NULL,7,25,1,0,0,0,0,0,0,0,0,0),(172,1,0,1,1,1,0,1,' Falta el jueves',7,26,1,0,0,0,0,0,0,0,0,0),(173,1,0,1,1,0,1,1,' falta el miercoles',7,27,1,0,0,0,0,0,0,0,0,0),(174,1,0,1,1,1,1,1,NULL,7,28,1,0,0,0,0,0,0,0,0,0),(175,1,1,1,0,1,1,1,' Pagar prima, descanso el martes',7,29,1,0,0,0,0,0,0,0,0,0),(176,1,0,1,1,1,1,1,NULL,7,30,1,0,0,0,0,0,0,0,0,0),(177,1,0,1,1,1,1,1,NULL,8,3,1,0,0,0,0,0,0,0,0,0),(178,1,0,1,1,1,1,1,' Checar cuando le tocan sus vacaciones',8,4,1,0,0,0,0,0,0,0,0,0),(179,1,0,1,1,1,1,1,NULL,8,6,1,0,0,0,0,0,0,0,0,0),(180,1,0,1,1,1,1,1,NULL,8,7,1,0,0,0,0,0,0,0,0,0),(181,1,0,1,1,1,1,1,NULL,8,8,1,0,0,0,0,0,0,0,0,0),(182,1,0,1,1,1,1,1,NULL,8,9,1,0,0,0,0,0,0,0,0,0),(183,1,0,1,1,1,1,1,NULL,8,11,1,0,0,0,0,0,0,0,0,0),(184,1,1,0,1,1,1,1,' pagar prima, descans el lunes',8,12,1,0,0,0,0,0,0,0,0,0),(185,1,1,1,0,1,1,1,'   pagar prima, descans el martes\r\npagar dias pendientes de vacaciones',8,13,1,0,0,0,0,0,0,0,0,0),(186,1,1,0,1,1,1,1,' Pagar prima dominical',8,14,1,0,0,0,0,0,0,0,0,0),(187,1,0,0,0,0,0,0,'Vacaciones a partir del domingo, regresa el siguiente domingo 17 de enero del 2016 ',8,15,1,0,0,0,0,0,0,0,0,0),(188,1,0,1,1,1,1,1,NULL,8,17,1,0,0,0,0,0,0,0,0,0),(189,1,0,1,1,1,1,1,NULL,8,18,1,0,0,0,0,0,0,0,0,0),(190,1,0,1,1,1,1,1,NULL,8,19,1,0,0,0,0,0,0,0,0,0),(191,1,1,1,1,1,1,1,' Pagar 1 dia mas prima, no descans',8,21,1,0,0,0,0,0,0,0,0,0),(192,1,0,1,1,1,1,1,NULL,8,24,1,0,0,0,0,0,0,0,0,0),(193,1,0,1,1,1,1,1,NULL,8,25,1,0,0,0,0,0,0,0,0,0),(194,1,0,1,1,1,1,1,NULL,8,26,1,0,0,0,0,0,0,0,0,0),(195,1,0,1,1,1,1,1,NULL,8,27,1,0,0,0,0,0,0,0,0,0),(196,1,0,1,1,1,1,1,' checar bono como  de Jardinero',8,28,1,0,0,0,0,0,0,0,0,0),(197,0,0,1,0,1,1,1,'falt el sabado y se suspendi el martes, registrar 2 faltas',8,29,1,0,0,0,0,0,0,0,0,0),(198,1,0,1,1,1,1,1,'   Pagar bono que perteneca a Bersan, checar con departamento de Mantenimiento ya que cubri el puesto de jardinero esta semanqa',8,30,1,0,0,0,0,0,0,0,0,0),(199,0,0,1,1,1,1,1,' Entr el lunes, le corresponden solo 5 dias',8,31,1,0,0,0,0,0,0,0,0,0),(200,1,0,1,1,1,1,1,NULL,9,3,1,0,0,0,0,0,0,0,0,0),(201,1,0,1,1,1,1,1,NULL,9,4,1,0,0,0,0,0,0,0,0,0),(202,1,0,1,1,1,1,1,' Fue a la casa del Inge. el miercoles',9,6,1,0,0,0,0,0,0,0,0,0),(203,1,0,1,1,1,1,1,NULL,9,7,1,0,0,0,0,0,0,0,0,0),(204,1,0,1,1,1,1,1,NULL,9,8,1,0,0,0,0,0,0,0,0,0),(205,1,0,1,1,1,1,1,NULL,9,9,1,0,0,0,0,0,0,0,0,0),(206,1,0,1,1,1,1,1,NULL,9,11,1,0,0,0,0,0,0,0,0,0),(207,1,1,0,1,1,1,1,' Pagar prima dominical, pagar 2 horas extra de servicios del miercoles y jueves',9,12,1,0,0,0,0,0,0,0,0,0),(208,1,1,1,0,1,1,1,' Pagar prima dominical, pagar 1 hora extra de servicio del miercoles',9,13,1,0,0,0,0,0,0,0,0,0),(209,1,0,1,1,1,1,1,NULL,9,14,1,0,0,0,0,0,0,0,0,0),(210,1,1,1,1,1,0,1,' Pagar prima, se le deben 2 dias extra, ',9,15,1,0,0,0,0,0,0,0,0,0),(211,1,0,1,1,1,1,1,NULL,9,17,1,0,0,0,0,0,0,0,0,0),(212,1,0,1,1,1,1,1,NULL,9,18,1,0,0,0,0,0,0,0,0,0),(213,1,0,1,1,1,1,1,NULL,9,19,1,0,0,0,0,0,0,0,0,0),(214,1,0,1,1,1,1,1,NULL,9,21,1,0,0,0,0,0,0,0,0,0),(215,1,1,1,1,0,1,1,' Pagar prima dominical',9,24,1,0,0,0,0,0,0,0,0,0),(216,1,0,0,1,1,1,1,' Falt el lunes',9,25,1,0,0,0,0,0,0,0,0,0),(217,1,0,1,1,1,1,1,NULL,9,26,1,0,0,0,0,0,0,0,0,0),(218,1,0,1,1,1,1,1,NULL,9,27,1,0,0,0,0,0,0,0,0,0),(219,1,0,1,1,1,1,1,NULL,9,28,1,0,0,0,0,0,0,0,0,0),(220,1,1,1,0,1,1,1,' Pagar prima dominical, pagar 1 hora extra servicio miercoles',9,29,1,0,0,0,0,0,0,0,0,0),(221,1,1,1,1,0,1,1,' Pagar prima dominical',9,30,1,0,0,0,0,0,0,0,0,0),(222,1,0,1,1,1,1,1,NULL,9,31,1,0,0,0,0,0,0,0,0,0),(223,0,0,0,1,0,1,1,' Nuevo ingreso desde el martes, falt el miercoles',9,32,1,0,0,0,0,0,0,0,0,0),(224,1,0,1,1,1,1,1,NULL,10,3,1,0,0,0,0,0,0,1,0,0),(225,1,0,1,1,1,1,1,NULL,10,4,1,0,0,0,0,0,0,1,0,0),(226,1,0,1,1,1,1,1,'Descontar, checar entradas y salidas, lunes 1/2 dia, checar entrada del martes y checar 1/2 dia del miercoles, NO PAGAR bono de gasolina',10,6,1,0,0,0,0,0,0,0,0,0),(227,1,0,1,1,1,1,1,NULL,10,7,1,0,0,0,0,0,0,0,0,0),(228,1,0,1,1,1,1,1,NULL,10,8,1,0,0,0,0,0,0,0,0,0),(229,1,0,0,1,1,1,1,' Falt el lunes, descontar entradas tarde',10,9,1,0,0,0,0,0,0,0,0,0),(230,1,0,1,1,1,1,1,NULL,10,11,1,0,0,0,0,0,0,0,0,0),(231,1,0,1,1,1,1,1,NULL,10,12,1,0,0,0,0,0,0,0,0,0),(232,1,1,0,1,1,1,1,'Pagar prima dominical descans el lunes ',10,13,1,0,0,0,0,0,0,0,0,0),(233,1,1,0,1,1,1,1,' Pagar prima dominical descans el lunes',10,14,1,0,0,0,0,0,0,0,0,0),(234,1,1,1,1,0,1,1,'Pagar prima dominical, descans miercoles',10,15,1,0,0,0,0,0,0,0,0,0),(235,1,0,1,1,1,1,1,NULL,10,17,1,0,0,0,0,0,0,0,0,0),(236,1,0,1,1,1,1,1,NULL,10,18,1,0,0,0,0,0,0,0,0,0),(237,1,0,1,1,1,1,1,NULL,10,19,1,0,0,0,0,0,0,0,0,0),(238,1,1,1,1,1,1,1,'Pagar prima dominical, pagar dia extra, no descans',10,21,1,0,0,0,0,0,0,0,0,0),(239,1,0,1,1,1,1,1,NULL,10,24,1,0,0,0,0,0,0,0,0,0),(240,1,0,1,1,1,1,1,NULL,10,25,1,0,0,0,0,0,0,0,0,0),(241,1,0,1,1,1,1,1,NULL,10,26,1,0,0,0,0,0,0,0,0,0),(242,1,0,1,1,0,1,1,' falt el miercoles',10,27,1,0,0,0,0,0,0,0,0,0),(243,1,0,1,1,1,1,1,NULL,10,28,1,0,0,0,0,0,0,0,0,0),(244,1,0,1,1,1,1,1,NULL,10,29,1,0,0,0,0,0,0,0,0,0),(245,1,1,1,1,1,0,1,'    Pagar prima dominical descans el Jueves',10,30,1,0,0,0,0,0,0,0,0,0),(246,1,0,1,1,1,1,1,NULL,10,31,1,0,0,0,0,0,0,0,0,0),(247,1,0,1,1,1,1,1,NULL,10,32,1,0,0,0,0,0,0,0,0,0),(296,1,0,1,1,1,1,1,'',13,3,1,0,0,0,0,0,7,1,1318,1318),(297,1,0,1,1,1,1,1,NULL,13,4,1,0,0,0,0,0,7,1,1318,1318),(298,1,0,1,1,1,1,1,NULL,13,6,1,0,0,0,0,0,7,1,1698,1698),(299,1,0,1,1,1,1,1,NULL,13,7,1,0,0,0,0,0,7,1,1318,1318),(300,1,0,1,1,1,1,1,NULL,13,8,1,0,0,0,0,0,7,1,1318,1318),(301,1,0,1,1,1,1,1,NULL,13,9,1,0,0,0,0,0,7,1,1502,1502),(302,1,0,1,1,1,1,1,NULL,13,11,1,0,0,0,0,0,7,1,1840,1840),(303,1,0,1,1,1,1,1,NULL,13,12,1,0,0,0,0,0,7,1,1318,1318),(304,1,0,1,1,1,1,1,NULL,13,13,1,0,0,0,0,0,7,1,1318,1318),(305,1,0,1,1,1,1,1,NULL,13,14,1,0,0,0,0,0,7,1,1318,1318),(306,1,0,1,1,1,1,1,NULL,13,15,1,0,0,0,0,0,7,1,1840,1840),(307,1,0,1,1,1,1,1,NULL,13,17,1,0,0,0,0,0,7,1,4300,4300),(308,1,0,1,1,1,1,1,NULL,13,18,1,0,0,0,0,0,7,1,1915,1915),(309,1,0,1,1,1,1,1,NULL,13,19,1,0,0,0,0,0,7,1,1533,1533),(310,1,0,1,1,1,1,1,NULL,13,21,1,0,0,0,0,0,7,1,1785,1785),(311,1,0,1,1,1,1,1,NULL,13,24,1,0,0,0,0,0,7,1,1506,1506),(312,1,0,1,1,1,1,1,NULL,13,25,1,0,0,0,0,0,7,1,1318,1318),(313,1,0,1,1,1,1,1,NULL,13,26,1,0,0,0,0,0,7,1,1318,1318),(314,1,0,1,1,1,1,1,NULL,13,27,1,0,0,0,0,0,7,1,1318,1318),(315,1,0,1,1,1,1,1,NULL,13,28,1,0,0,0,0,0,7,1,1318,1318),(316,1,0,1,1,1,1,1,NULL,13,29,1,0,0,0,0,0,7,1,1785,1785),(317,1,0,1,1,1,1,1,NULL,13,30,1,0,0,0,0,0,7,1,1318,1318),(318,1,0,1,1,1,1,1,NULL,13,31,1,0,0,0,0,0,7,1,1318,1318),(319,1,0,1,1,1,1,1,NULL,13,32,1,0,0,0,0,0,7,1,1318,1318),(320,1,0,1,1,1,1,1,NULL,13,33,1,0,0,0,0,0,7,1,1318,1318),(321,1,0,1,1,1,1,1,NULL,13,34,1,0,0,0,0,0,7,1,1986,1918),(322,1,0,1,1,1,1,1,NULL,13,35,1,0,0,0,0,0,7,1,3107,3000),(323,1,0,1,1,1,1,1,'   ',13,36,1,4,0,0,0,0,7,1,1506,1318),(324,1,0,1,1,1,1,1,NULL,13,37,1,0,0,0,0,0,7,1,1318,1318),(325,1,0,1,1,1,1,1,NULL,13,38,1,0,0,0,0,0,7,1,1450,1450),(326,1,0,1,1,1,1,1,NULL,13,39,1,0,0,0,0,0,7,1,1500,1500),(327,1,1,1,1,1,1,1,' ',14,3,1,0,1,0,0,0,7,1,1365,1318),(328,1,1,1,1,1,1,1,' ',14,4,1,0,1,0,0,0,7,1,1365,1318),(329,1,1,1,1,1,1,1,' ',14,6,1,0,1,0,0,0,7,1,1759,1698),(330,1,1,1,1,1,1,1,' ',14,7,1,0,1,0,0,0,7,1,1365,1318),(331,1,1,1,1,1,1,1,' ',14,8,1,0,1,0,0,0,7,1,1365,1318),(332,1,1,1,1,1,1,1,' ',14,9,1,0,1,0,0,0,7,1,1556,1502),(333,1,1,1,1,1,1,1,' ',14,11,1,0,1,0,0,0,7,1,1906,1840),(334,1,1,1,1,1,1,1,' ',14,12,1,0,1,0,0,0,7,1,1365,1318),(335,1,1,1,1,1,1,1,' ',14,13,1,0,1,0,0,0,7,1,1365,1318),(336,1,1,1,1,1,1,1,' ',14,14,1,0,1,0,0,0,7,1,1365,1318),(337,1,1,1,1,1,1,1,' ',14,15,1,0,1,0,0,0,7,1,1906,1840),(338,1,1,1,1,1,1,1,' ',14,17,1,0,1,0,0,0,7,1,4454,4300),(339,1,1,1,1,1,1,1,' ',14,18,1,0,1,0,0,0,7,1,1983,1915),(340,1,1,1,1,1,1,1,' ',14,19,1,0,1,0,0,0,7,1,1588,1533),(341,1,1,1,1,1,1,1,' ',14,21,1,0,1,0,0,0,7,1,1849,1785),(342,1,1,1,1,1,1,1,' ',14,24,1,0,1,0,0,0,7,1,1560,1506),(343,1,1,1,1,1,1,1,' ',14,25,1,0,1,0,0,0,7,1,1365,1318),(344,1,1,1,1,1,1,1,' ',14,26,1,0,1,0,0,0,7,1,1365,1318),(345,1,1,1,1,1,1,1,' ',14,27,1,0,1,0,0,0,7,1,1365,1318),(346,1,1,1,1,1,1,1,' ',14,28,1,0,1,0,0,0,7,1,1365,1318),(347,1,1,1,1,1,1,1,' ',14,29,1,0,1,0,0,0,7,1,1849,1785),(348,1,1,1,1,1,1,1,' ',14,30,1,0,1,0,0,0,7,1,1365,1318),(349,1,1,1,1,1,1,1,' ',14,31,1,0,1,0,0,0,7,1,1365,1318),(350,1,1,1,1,1,1,1,' ',14,32,1,0,1,0,0,0,7,1,1365,1318),(351,1,1,1,1,1,1,1,' ',14,33,1,0,1,0,0,0,7,1,1365,1318),(352,1,1,1,1,1,1,1,' ',14,34,1,0,1,0,0,0,7,1,1986,1918),(353,1,1,1,1,1,1,1,' ',14,35,1,0,1,0,0,0,7,1,3107,3000),(354,1,1,1,1,1,1,1,' ',14,36,1,0,1,0,0,0,7,1,1365,1318),(355,1,1,1,1,1,1,1,' ',14,37,1,0,1,0,0,0,7,1,1365,1318),(356,1,1,1,1,1,1,1,' ',14,38,1,0,1,0,0,0,7,1,1502,1450),(357,1,1,1,1,1,1,1,' ',14,39,1,0,1,0,0,0,7,1,1554,1500);
/*!40000 ALTER TABLE `asistencia` ENABLE KEYS */;
UNLOCK TABLES;

--
-- Table structure for table `beneficiario`
--

DROP TABLE IF EXISTS `beneficiario`;
/*!40101 SET @saved_cs_client     = @@character_set_client */;
/*!40101 SET character_set_client = utf8 */;
CREATE TABLE `beneficiario` (
  `id` int(11) NOT NULL AUTO_INCREMENT,
  `venta_lote_id` int(11) NOT NULL,
  `persona_id` int(11) NOT NULL,
  `actual` tinyint(1) NOT NULL DEFAULT '1',
  PRIMARY KEY (`id`,`persona_id`),
  KEY `fk_beneficiario_persona1_idx` (`persona_id`),
  KEY `fk_beneficiario_venta_lote1_idx` (`venta_lote_id`),
  CONSTRAINT `fk_beneficiario_persona1` FOREIGN KEY (`persona_id`) REFERENCES `persona` (`id`) ON DELETE NO ACTION ON UPDATE NO ACTION,
  CONSTRAINT `fk_beneficiario_venta_lote1` FOREIGN KEY (`venta_lote_id`) REFERENCES `venta_lote` (`id`) ON DELETE NO ACTION ON UPDATE NO ACTION
) ENGINE=InnoDB DEFAULT CHARSET=utf8;
/*!40101 SET character_set_client = @saved_cs_client */;

--
-- Dumping data for table `beneficiario`
--

LOCK TABLES `beneficiario` WRITE;
/*!40000 ALTER TABLE `beneficiario` DISABLE KEYS */;
/*!40000 ALTER TABLE `beneficiario` ENABLE KEYS */;
UNLOCK TABLES;

--
-- Table structure for table `bono_mtto`
--

DROP TABLE IF EXISTS `bono_mtto`;
/*!40101 SET @saved_cs_client     = @@character_set_client */;
/*!40101 SET character_set_client = utf8 */;
CREATE TABLE `bono_mtto` (
  `id` int(11) NOT NULL AUTO_INCREMENT,
  `monto` double NOT NULL DEFAULT '0',
  `activo` tinyint(1) NOT NULL DEFAULT '0',
  `asistencia_id` int(11) NOT NULL,
  PRIMARY KEY (`id`),
  KEY `fk_bono_mtto_asistencia1_idx` (`asistencia_id`),
  CONSTRAINT `fk_bono_mtto_asistencia1` FOREIGN KEY (`asistencia_id`) REFERENCES `asistencia` (`id`) ON DELETE NO ACTION ON UPDATE NO ACTION
) ENGINE=InnoDB AUTO_INCREMENT=42 DEFAULT CHARSET=utf8;
/*!40101 SET character_set_client = @saved_cs_client */;

--
-- Dumping data for table `bono_mtto`
--

LOCK TABLES `bono_mtto` WRITE;
/*!40000 ALTER TABLE `bono_mtto` DISABLE KEYS */;
INSERT INTO `bono_mtto` VALUES (14,0,0,296),(15,0,0,297),(16,0,0,298),(17,0,0,299),(18,0,0,300),(19,0,0,302),(20,0,0,311),(21,0,0,312),(22,0,0,313),(23,0,0,314),(24,0,0,315),(25,0,0,318),(26,0,0,319),(27,0,0,320),(28,0,0,327),(29,0,0,328),(30,0,0,329),(31,0,0,330),(32,0,0,331),(33,0,0,333),(34,0,0,342),(35,0,0,343),(36,0,0,344),(37,0,0,345),(38,0,0,346),(39,0,0,349),(40,0,0,350),(41,0,0,351);
/*!40000 ALTER TABLE `bono_mtto` ENABLE KEYS */;
UNLOCK TABLES;

--
-- Table structure for table `capacidad`
--

DROP TABLE IF EXISTS `capacidad`;
/*!40101 SET @saved_cs_client     = @@character_set_client */;
/*!40101 SET character_set_client = utf8 */;
CREATE TABLE `capacidad` (
  `id` int(11) NOT NULL AUTO_INCREMENT,
  `construccion_id` int(11) NOT NULL,
  `concepto_capacidad_id` int(11) NOT NULL,
  `cantidad` int(11) NOT NULL,
  PRIMARY KEY (`id`),
  KEY `fk_capacidad_construccion1_idx` (`construccion_id`),
  KEY `fk_capacidad_concepto_capacidad1_idx` (`concepto_capacidad_id`),
  CONSTRAINT `concepto_capacidad_id` FOREIGN KEY (`concepto_capacidad_id`) REFERENCES `concepto_capacidad` (`id`) ON DELETE NO ACTION ON UPDATE NO ACTION,
  CONSTRAINT `construccion_id` FOREIGN KEY (`construccion_id`) REFERENCES `construccion` (`id`) ON DELETE NO ACTION ON UPDATE NO ACTION
) ENGINE=InnoDB AUTO_INCREMENT=343 DEFAULT CHARSET=utf8;
/*!40101 SET character_set_client = @saved_cs_client */;

--
-- Dumping data for table `capacidad`
--

LOCK TABLES `capacidad` WRITE;
/*!40000 ALTER TABLE `capacidad` DISABLE KEYS */;
INSERT INTO `capacidad` VALUES (1,1,1,5),(2,1,2,4),(3,2,1,4),(5,3,1,5),(6,3,2,4),(7,4,1,3),(8,5,1,3),(9,6,1,4),(10,7,1,4),(11,8,1,4),(12,9,1,4),(13,10,1,4),(14,11,1,4),(15,12,1,4),(16,13,1,4),(17,14,1,4),(18,15,1,2),(19,16,1,2),(20,17,1,2),(21,18,1,4),(22,19,1,4),(23,20,1,2),(24,21,1,2),(25,22,1,2),(26,23,1,2),(27,24,1,2),(28,25,1,2),(29,26,1,2),(30,27,1,2),(31,28,1,2),(32,29,1,2),(33,30,1,2),(34,31,1,2),(35,32,1,2),(36,33,1,2),(37,34,1,2),(38,35,1,2),(39,36,1,2),(40,37,1,2),(41,38,1,2),(42,39,1,2),(43,40,1,2),(44,41,1,2),(45,42,1,2),(46,43,1,2),(47,44,1,2),(48,45,1,2),(49,46,1,2),(50,47,1,2),(51,48,1,2),(52,49,1,2),(53,50,1,2),(54,51,1,2),(55,52,1,2),(56,53,1,2),(57,54,1,2),(58,55,1,2),(59,56,1,2),(60,57,1,2),(61,58,1,2),(62,59,1,3),(63,60,1,2),(64,61,1,2),(65,62,1,2),(66,63,1,2),(67,64,1,3),(68,65,1,2),(69,66,1,2),(70,67,1,2),(71,68,1,2),(72,69,1,2),(73,70,1,2),(74,71,1,2),(75,72,1,2),(76,73,1,2),(77,74,1,2),(78,75,1,2),(79,76,1,4),(80,77,1,4),(81,78,1,3),(82,79,1,3),(83,80,1,3),(84,81,1,3),(85,82,1,3),(86,83,1,3),(87,84,1,3),(88,85,1,3),(89,86,1,3),(90,87,1,3),(91,88,1,3),(92,89,1,3),(93,90,1,3),(94,91,1,3),(95,92,1,3),(96,93,1,3),(97,94,1,3),(98,95,1,3),(99,96,1,3),(100,97,1,3),(101,98,1,3),(102,99,1,3),(103,100,1,3),(104,101,1,3),(105,102,1,3),(106,103,1,3),(107,104,1,3),(108,105,1,3),(109,106,1,3),(110,107,1,3),(111,108,1,3),(112,109,1,3),(113,110,1,15),(114,110,2,8),(115,111,1,5),(116,111,2,4),(117,112,1,10),(118,112,2,8),(119,113,1,5),(120,113,2,4),(121,114,1,4),(122,115,1,4),(123,116,1,4),(124,117,1,4),(125,118,1,4),(126,119,1,4),(127,120,1,4),(128,121,1,4),(129,122,1,4),(130,123,1,4),(131,124,1,4),(132,125,1,4),(133,126,1,4),(134,127,1,4),(135,128,1,4),(136,129,1,4),(137,130,1,4),(138,131,1,4),(139,132,1,4),(140,133,1,4),(141,134,1,4),(142,135,1,4),(143,136,1,4),(144,137,1,4),(145,138,1,4),(146,139,1,4),(147,140,1,4),(148,141,1,4),(149,142,1,3),(150,143,1,3),(151,144,1,3),(152,145,1,3),(153,146,1,3),(154,147,1,3),(155,148,1,3),(156,149,1,3),(157,150,1,3),(158,151,1,3),(159,152,1,3),(160,153,1,3),(161,154,1,3),(162,155,1,3),(163,156,1,4),(164,157,1,4),(165,158,1,4),(166,159,1,4),(227,160,1,15),(228,160,2,8),(229,161,1,4),(230,162,1,4),(231,163,1,4),(232,164,1,4),(233,165,1,4),(234,166,1,4),(235,167,1,4),(236,168,1,4),(237,169,1,4),(238,170,1,4),(239,171,1,4),(240,172,1,4),(241,173,1,4),(242,174,1,4),(243,175,1,4),(244,176,1,4),(245,177,1,4),(246,178,1,4),(247,179,1,4),(248,180,1,4),(249,181,1,4),(250,182,1,4),(251,183,1,4),(252,184,1,4),(253,185,1,4),(254,186,1,4),(255,187,1,4),(256,188,1,4),(257,189,1,4),(258,190,1,4),(259,191,1,4),(260,192,1,4),(261,193,1,4),(262,194,1,4),(263,195,1,4),(264,196,1,4),(265,197,1,4),(266,198,1,4),(267,199,1,4),(268,200,1,3),(269,201,1,3),(270,202,1,3),(271,203,1,5),(272,203,2,4),(273,204,1,4),(274,204,2,0),(275,205,1,2),(276,206,1,10),(277,206,2,8),(278,207,1,10),(279,207,2,8),(280,208,1,10),(281,208,2,8),(282,209,1,10),(283,209,2,8),(284,210,1,10),(285,210,2,8),(286,211,1,2),(287,212,1,8),(288,212,2,4),(289,213,1,2),(290,214,1,10),(291,214,2,8),(292,215,1,5),(293,216,1,5),(294,217,1,5),(295,218,1,4),(296,219,1,4),(297,220,1,4),(298,221,1,4),(299,222,1,4),(300,223,1,4),(301,224,1,4),(302,225,1,4),(303,226,1,4),(304,227,1,4),(305,228,1,4),(306,229,1,4),(307,230,1,4),(308,231,1,4),(309,232,1,4),(311,234,1,6),(312,235,1,4),(313,236,1,10),(314,236,2,8),(315,238,1,2),(316,239,1,4),(317,240,1,4),(318,241,1,4),(319,242,1,4),(320,243,1,4),(321,244,1,2),(322,245,1,4),(323,246,1,4),(324,247,1,4),(325,248,1,4),(326,249,1,4),(327,250,1,4),(328,251,1,4),(329,252,1,4),(330,253,1,2),(331,254,1,2),(332,255,1,4),(333,256,1,2),(334,257,1,4),(335,258,1,4),(336,259,1,5),(337,259,2,1),(338,260,1,4),(339,261,1,4),(340,262,1,4),(341,263,1,4),(342,264,1,4);
/*!40000 ALTER TABLE `capacidad` ENABLE KEYS */;
UNLOCK TABLES;

--
-- Table structure for table `caracteristica`
--

DROP TABLE IF EXISTS `caracteristica`;
/*!40101 SET @saved_cs_client     = @@character_set_client */;
/*!40101 SET character_set_client = utf8 */;
CREATE TABLE `caracteristica` (
  `id` int(11) NOT NULL AUTO_INCREMENT,
  `descripcion` varchar(45) NOT NULL,
  PRIMARY KEY (`id`)
) ENGINE=InnoDB DEFAULT CHARSET=utf8;
/*!40101 SET character_set_client = @saved_cs_client */;

--
-- Dumping data for table `caracteristica`
--

LOCK TABLES `caracteristica` WRITE;
/*!40000 ALTER TABLE `caracteristica` DISABLE KEYS */;
/*!40000 ALTER TABLE `caracteristica` ENABLE KEYS */;
UNLOCK TABLES;

--
-- Table structure for table `cesped`
--

DROP TABLE IF EXISTS `cesped`;
/*!40101 SET @saved_cs_client     = @@character_set_client */;
/*!40101 SET character_set_client = utf8 */;
CREATE TABLE `cesped` (
  `id` int(11) NOT NULL AUTO_INCREMENT,
  `venta_mantenimiento_id` int(11) NOT NULL,
  `cantidad` double NOT NULL,
  PRIMARY KEY (`id`),
  KEY `fk_cesped_venta_mantenimiento1_idx` (`venta_mantenimiento_id`),
  CONSTRAINT `fk_cesped_venta_mantenimiento1` FOREIGN KEY (`venta_mantenimiento_id`) REFERENCES `venta_mantenimiento` (`id`) ON DELETE NO ACTION ON UPDATE NO ACTION
) ENGINE=InnoDB DEFAULT CHARSET=utf8;
/*!40101 SET character_set_client = @saved_cs_client */;

--
-- Dumping data for table `cesped`
--

LOCK TABLES `cesped` WRITE;
/*!40000 ALTER TABLE `cesped` DISABLE KEYS */;
/*!40000 ALTER TABLE `cesped` ENABLE KEYS */;
UNLOCK TABLES;

--
-- Table structure for table `cliente`
--

DROP TABLE IF EXISTS `cliente`;
/*!40101 SET @saved_cs_client     = @@character_set_client */;
/*!40101 SET character_set_client = utf8 */;
CREATE TABLE `cliente` (
  `id` int(11) NOT NULL AUTO_INCREMENT,
  `persona_id` int(11) NOT NULL,
  `colonia_id` int(11) NOT NULL,
  `estado_civil_id` int(11) NOT NULL,
  `fecha_nacimiento` date NOT NULL DEFAULT '0000-00-00',
  `referencias` text,
  `calle` varchar(150) NOT NULL,
  `numero_exterior` varchar(10) NOT NULL,
  `numero_interior` varchar(10) DEFAULT NULL,
  `latitud` float DEFAULT NULL,
  `longitud` float DEFAULT NULL,
  `email` varchar(100) DEFAULT NULL,
  `sexo` char(1) DEFAULT NULL,
  PRIMARY KEY (`id`,`persona_id`),
  KEY `fk_cliente_persona1_idx` (`persona_id`),
  KEY `fk_cliente_colonia1_idx` (`colonia_id`),
  KEY `fk_cliente_estado_civil1_idx` (`estado_civil_id`),
  CONSTRAINT `fk_cliente_colonia1` FOREIGN KEY (`colonia_id`) REFERENCES `colonia` (`id`) ON DELETE NO ACTION ON UPDATE NO ACTION,
  CONSTRAINT `fk_cliente_estado_civil1` FOREIGN KEY (`estado_civil_id`) REFERENCES `estado_civil` (`id`) ON DELETE NO ACTION ON UPDATE NO ACTION,
  CONSTRAINT `fk_cliente_persona1` FOREIGN KEY (`persona_id`) REFERENCES `persona` (`id`) ON DELETE CASCADE ON UPDATE CASCADE
) ENGINE=InnoDB AUTO_INCREMENT=578 DEFAULT CHARSET=utf8;
/*!40101 SET character_set_client = @saved_cs_client */;

--
-- Dumping data for table `cliente`
--

LOCK TABLES `cliente` WRITE;
/*!40000 ALTER TABLE `cliente` DISABLE KEYS */;
INSERT INTO `cliente` VALUES (1,222,0,0,'0000-00-00',NULL,'','',NULL,NULL,NULL,NULL,NULL),(2,223,582,1,'0000-00-00','','','','',NULL,NULL,'demo@demo.com',NULL),(3,224,0,0,'0000-00-00',NULL,'','',NULL,NULL,NULL,NULL,NULL),(4,225,0,0,'0000-00-00',NULL,'','',NULL,NULL,NULL,NULL,NULL),(5,226,0,0,'0000-00-00',NULL,'','',NULL,NULL,NULL,NULL,NULL),(6,227,0,0,'0000-00-00',NULL,'','',NULL,NULL,NULL,NULL,NULL),(7,228,0,0,'0000-00-00',NULL,'','',NULL,NULL,NULL,NULL,NULL),(8,229,0,0,'0000-00-00',NULL,'','',NULL,NULL,NULL,NULL,NULL),(9,230,0,0,'0000-00-00',NULL,'','',NULL,NULL,NULL,NULL,NULL),(10,231,0,0,'0000-00-00',NULL,'','',NULL,NULL,NULL,NULL,NULL),(11,232,0,1,'0000-00-00','','','','',NULL,NULL,'',NULL),(12,233,0,0,'0000-00-00',NULL,'','',NULL,NULL,NULL,NULL,NULL),(13,234,0,0,'0000-00-00',NULL,'','',NULL,NULL,NULL,NULL,NULL),(14,235,0,0,'0000-00-00',NULL,'','',NULL,NULL,NULL,NULL,NULL),(15,236,0,0,'0000-00-00',NULL,'','',NULL,NULL,NULL,NULL,NULL),(16,237,0,1,'0000-00-00','','','','',NULL,NULL,'',NULL),(17,238,0,0,'0000-00-00',NULL,'','',NULL,NULL,NULL,NULL,NULL),(18,239,0,0,'0000-00-00',NULL,'','',NULL,NULL,NULL,NULL,NULL),(19,240,0,0,'0000-00-00',NULL,'','',NULL,NULL,NULL,NULL,NULL),(20,241,0,0,'0000-00-00',NULL,'','',NULL,NULL,NULL,NULL,NULL),(21,242,0,0,'0000-00-00',NULL,'','',NULL,NULL,NULL,NULL,NULL),(22,243,0,0,'0000-00-00',NULL,'','',NULL,NULL,NULL,NULL,NULL),(23,244,0,0,'0000-00-00',NULL,'','',NULL,NULL,NULL,NULL,NULL),(24,245,0,0,'0000-00-00',NULL,'','',NULL,NULL,NULL,NULL,NULL),(25,246,0,0,'0000-00-00',NULL,'','',NULL,NULL,NULL,NULL,NULL),(26,247,0,0,'0000-00-00',NULL,'','',NULL,NULL,NULL,NULL,NULL),(27,248,0,0,'0000-00-00',NULL,'','',NULL,NULL,NULL,NULL,NULL),(28,249,0,0,'0000-00-00',NULL,'','',NULL,NULL,NULL,NULL,NULL),(29,250,0,0,'0000-00-00',NULL,'','',NULL,NULL,NULL,NULL,NULL),(30,251,0,0,'0000-00-00',NULL,'','',NULL,NULL,NULL,NULL,NULL),(31,252,0,0,'0000-00-00',NULL,'','',NULL,NULL,NULL,NULL,NULL),(32,253,0,0,'0000-00-00',NULL,'','',NULL,NULL,NULL,NULL,NULL),(33,254,0,0,'0000-00-00',NULL,'','',NULL,NULL,NULL,NULL,NULL),(34,255,0,0,'0000-00-00',NULL,'','',NULL,NULL,NULL,NULL,NULL),(35,256,0,0,'0000-00-00',NULL,'','',NULL,NULL,NULL,NULL,NULL),(36,257,0,0,'0000-00-00',NULL,'','',NULL,NULL,NULL,NULL,NULL),(37,258,0,0,'0000-00-00',NULL,'','',NULL,NULL,NULL,NULL,NULL),(38,259,0,0,'0000-00-00',NULL,'','',NULL,NULL,NULL,NULL,NULL),(39,260,0,0,'0000-00-00',NULL,'','',NULL,NULL,NULL,NULL,NULL),(40,261,0,0,'0000-00-00',NULL,'','',NULL,NULL,NULL,NULL,NULL),(41,262,0,0,'0000-00-00',NULL,'','',NULL,NULL,NULL,NULL,NULL),(42,263,0,0,'0000-00-00',NULL,'','',NULL,NULL,NULL,NULL,NULL),(43,264,0,0,'0000-00-00',NULL,'','',NULL,NULL,NULL,NULL,NULL),(44,265,0,0,'0000-00-00',NULL,'','',NULL,NULL,NULL,NULL,NULL),(45,266,0,0,'0000-00-00',NULL,'','',NULL,NULL,NULL,NULL,NULL),(46,267,0,0,'0000-00-00',NULL,'','',NULL,NULL,NULL,NULL,NULL),(47,268,0,0,'0000-00-00',NULL,'','',NULL,NULL,NULL,NULL,NULL),(48,269,0,0,'0000-00-00',NULL,'','',NULL,NULL,NULL,NULL,NULL),(49,270,0,0,'0000-00-00',NULL,'','',NULL,NULL,NULL,NULL,NULL),(50,271,0,0,'0000-00-00',NULL,'','',NULL,NULL,NULL,NULL,NULL),(51,272,0,0,'0000-00-00',NULL,'','',NULL,NULL,NULL,NULL,NULL),(52,273,0,0,'0000-00-00',NULL,'','',NULL,NULL,NULL,NULL,NULL),(53,274,0,0,'0000-00-00',NULL,'','',NULL,NULL,NULL,NULL,NULL),(54,275,0,0,'0000-00-00',NULL,'','',NULL,NULL,NULL,NULL,NULL),(55,276,0,0,'0000-00-00',NULL,'','',NULL,NULL,NULL,NULL,NULL),(56,277,0,0,'0000-00-00',NULL,'','',NULL,NULL,NULL,NULL,NULL),(57,278,0,0,'0000-00-00',NULL,'','',NULL,NULL,NULL,NULL,NULL),(58,279,0,0,'0000-00-00',NULL,'','',NULL,NULL,NULL,NULL,NULL),(59,280,0,0,'0000-00-00',NULL,'','',NULL,NULL,NULL,NULL,NULL),(60,281,0,0,'0000-00-00',NULL,'','',NULL,NULL,NULL,NULL,NULL),(61,282,0,0,'0000-00-00',NULL,'','',NULL,NULL,NULL,NULL,NULL),(62,283,0,0,'0000-00-00',NULL,'','',NULL,NULL,NULL,NULL,NULL),(63,284,0,0,'0000-00-00',NULL,'','',NULL,NULL,NULL,NULL,NULL),(64,285,0,0,'0000-00-00',NULL,'','',NULL,NULL,NULL,NULL,NULL),(65,286,0,0,'0000-00-00',NULL,'','',NULL,NULL,NULL,NULL,NULL),(66,287,0,0,'0000-00-00',NULL,'','',NULL,NULL,NULL,NULL,NULL),(67,288,0,0,'0000-00-00',NULL,'','',NULL,NULL,NULL,NULL,NULL),(68,289,0,0,'0000-00-00',NULL,'','',NULL,NULL,NULL,NULL,NULL),(69,290,0,0,'0000-00-00',NULL,'','',NULL,NULL,NULL,NULL,NULL),(70,291,0,0,'0000-00-00',NULL,'','',NULL,NULL,NULL,NULL,NULL),(71,292,0,0,'0000-00-00',NULL,'','',NULL,NULL,NULL,NULL,NULL),(72,293,0,0,'0000-00-00',NULL,'','',NULL,NULL,NULL,NULL,NULL),(73,294,0,0,'0000-00-00',NULL,'','',NULL,NULL,NULL,NULL,NULL),(74,295,0,0,'0000-00-00',NULL,'','',NULL,NULL,NULL,NULL,NULL),(75,296,0,0,'0000-00-00',NULL,'','',NULL,NULL,NULL,NULL,NULL),(76,297,0,0,'0000-00-00',NULL,'','',NULL,NULL,NULL,NULL,NULL),(77,298,0,0,'0000-00-00',NULL,'','',NULL,NULL,NULL,NULL,NULL),(78,299,0,0,'0000-00-00',NULL,'','',NULL,NULL,NULL,NULL,NULL),(79,300,0,0,'0000-00-00',NULL,'','',NULL,NULL,NULL,NULL,NULL),(80,301,0,0,'0000-00-00',NULL,'','',NULL,NULL,NULL,NULL,NULL),(81,302,0,0,'0000-00-00',NULL,'','',NULL,NULL,NULL,NULL,NULL),(82,303,0,0,'0000-00-00',NULL,'','',NULL,NULL,NULL,NULL,NULL),(83,304,0,0,'0000-00-00',NULL,'','',NULL,NULL,NULL,NULL,NULL),(84,305,0,0,'0000-00-00',NULL,'','',NULL,NULL,NULL,NULL,NULL),(85,306,0,0,'0000-00-00',NULL,'','',NULL,NULL,NULL,NULL,NULL),(86,307,0,0,'0000-00-00',NULL,'','',NULL,NULL,NULL,NULL,NULL),(87,308,0,0,'0000-00-00',NULL,'','',NULL,NULL,NULL,NULL,NULL),(88,309,0,0,'0000-00-00',NULL,'','',NULL,NULL,NULL,NULL,NULL),(89,310,582,1,'0000-00-00','','','','',NULL,NULL,'demo@demo.com',NULL),(90,311,0,0,'0000-00-00',NULL,'','',NULL,NULL,NULL,NULL,NULL),(91,312,0,0,'0000-00-00',NULL,'','',NULL,NULL,NULL,NULL,NULL),(92,313,0,0,'0000-00-00',NULL,'','',NULL,NULL,NULL,NULL,NULL),(93,314,0,0,'0000-00-00',NULL,'','',NULL,NULL,NULL,NULL,NULL),(94,315,0,0,'0000-00-00',NULL,'','',NULL,NULL,NULL,NULL,NULL),(95,316,0,0,'0000-00-00',NULL,'','',NULL,NULL,NULL,NULL,NULL),(96,317,0,0,'0000-00-00',NULL,'','',NULL,NULL,NULL,NULL,NULL),(97,318,0,0,'0000-00-00',NULL,'','',NULL,NULL,NULL,NULL,NULL),(98,319,0,0,'0000-00-00',NULL,'','',NULL,NULL,NULL,NULL,NULL),(99,320,0,0,'0000-00-00',NULL,'','',NULL,NULL,NULL,NULL,NULL),(100,321,0,0,'0000-00-00',NULL,'','',NULL,NULL,NULL,NULL,NULL),(101,322,0,0,'0000-00-00',NULL,'','',NULL,NULL,NULL,NULL,NULL),(102,323,0,0,'0000-00-00',NULL,'','',NULL,NULL,NULL,NULL,NULL),(103,324,0,0,'0000-00-00',NULL,'','',NULL,NULL,NULL,NULL,NULL),(104,325,0,0,'0000-00-00',NULL,'','',NULL,NULL,NULL,NULL,NULL),(105,326,0,0,'0000-00-00',NULL,'','',NULL,NULL,NULL,NULL,NULL),(106,327,0,0,'0000-00-00',NULL,'','',NULL,NULL,NULL,NULL,NULL),(107,328,0,0,'0000-00-00',NULL,'','',NULL,NULL,NULL,NULL,NULL),(108,329,0,0,'0000-00-00',NULL,'','',NULL,NULL,NULL,NULL,NULL),(109,330,0,0,'0000-00-00',NULL,'','',NULL,NULL,NULL,NULL,NULL),(110,331,0,0,'0000-00-00',NULL,'','',NULL,NULL,NULL,NULL,NULL),(111,332,0,0,'0000-00-00',NULL,'','',NULL,NULL,NULL,NULL,NULL),(112,333,0,0,'0000-00-00',NULL,'','',NULL,NULL,NULL,NULL,NULL),(113,334,0,0,'0000-00-00',NULL,'','',NULL,NULL,NULL,NULL,NULL),(114,335,0,0,'0000-00-00',NULL,'','',NULL,NULL,NULL,NULL,NULL),(115,336,0,0,'0000-00-00',NULL,'','',NULL,NULL,NULL,NULL,NULL),(116,337,0,0,'0000-00-00',NULL,'','',NULL,NULL,NULL,NULL,NULL),(117,338,0,0,'0000-00-00',NULL,'','',NULL,NULL,NULL,NULL,NULL),(118,7,582,2,'2016-05-31','','aguanaval','664','38',NULL,NULL,'elnazavalderrama@gmail.com','M'),(121,341,582,2,'2016-05-19','','conocido','38','38',NULL,NULL,'demo@gmail.com','F'),(122,341,582,2,'2016-05-19','','conocido','38','38',NULL,NULL,'demo@gmail.com','F'),(123,343,0,0,'0000-00-00',NULL,'','',NULL,NULL,NULL,NULL,NULL),(124,344,0,0,'0000-00-00',NULL,'','',NULL,NULL,NULL,NULL,NULL),(125,345,0,0,'0000-00-00',NULL,'','',NULL,NULL,NULL,NULL,NULL),(126,346,0,0,'0000-00-00',NULL,'','',NULL,NULL,NULL,NULL,NULL),(127,347,0,0,'0000-00-00',NULL,'','',NULL,NULL,NULL,NULL,NULL),(128,348,0,0,'0000-00-00',NULL,'','',NULL,NULL,NULL,NULL,NULL),(129,349,0,0,'0000-00-00',NULL,'','',NULL,NULL,NULL,NULL,NULL),(130,350,0,0,'0000-00-00',NULL,'','',NULL,NULL,NULL,NULL,NULL),(131,351,0,0,'0000-00-00',NULL,'','',NULL,NULL,NULL,NULL,NULL),(132,352,0,0,'0000-00-00',NULL,'','',NULL,NULL,NULL,NULL,NULL),(133,353,0,0,'0000-00-00',NULL,'','',NULL,NULL,NULL,NULL,NULL),(134,354,0,0,'0000-00-00',NULL,'','',NULL,NULL,NULL,NULL,NULL),(135,355,0,0,'0000-00-00',NULL,'','',NULL,NULL,NULL,NULL,NULL),(136,356,0,0,'0000-00-00',NULL,'','',NULL,NULL,NULL,NULL,NULL),(137,357,0,0,'0000-00-00',NULL,'','',NULL,NULL,NULL,NULL,NULL),(138,358,0,0,'0000-00-00',NULL,'','',NULL,NULL,NULL,NULL,NULL),(139,359,0,0,'0000-00-00',NULL,'','',NULL,NULL,NULL,NULL,NULL),(140,360,0,0,'0000-00-00',NULL,'','',NULL,NULL,NULL,NULL,NULL),(141,361,582,1,'0000-00-00','','','','',NULL,NULL,'demo@demo.com','F'),(142,362,0,0,'0000-00-00',NULL,'','',NULL,NULL,NULL,NULL,NULL),(143,363,0,0,'0000-00-00',NULL,'','',NULL,NULL,NULL,NULL,NULL),(144,364,0,0,'0000-00-00',NULL,'','',NULL,NULL,NULL,NULL,NULL),(145,365,0,0,'0000-00-00',NULL,'','',NULL,NULL,NULL,NULL,NULL),(146,366,0,0,'0000-00-00',NULL,'','',NULL,NULL,NULL,NULL,NULL),(147,367,0,0,'0000-00-00',NULL,'','',NULL,NULL,NULL,NULL,NULL),(148,368,0,0,'0000-00-00',NULL,'','',NULL,NULL,NULL,NULL,NULL),(149,369,0,0,'0000-00-00',NULL,'','',NULL,NULL,NULL,NULL,NULL),(150,370,582,1,'0000-00-00','','','','',NULL,NULL,'demo@demo.com',NULL),(151,371,0,0,'0000-00-00',NULL,'','',NULL,NULL,NULL,NULL,NULL),(152,372,0,0,'0000-00-00',NULL,'','',NULL,NULL,NULL,NULL,NULL),(153,373,0,0,'0000-00-00',NULL,'','',NULL,NULL,NULL,NULL,NULL),(154,374,0,0,'0000-00-00',NULL,'','',NULL,NULL,NULL,NULL,NULL),(155,375,0,0,'0000-00-00',NULL,'','',NULL,NULL,NULL,NULL,NULL),(156,376,0,0,'0000-00-00',NULL,'','',NULL,NULL,NULL,NULL,NULL),(157,377,0,0,'0000-00-00',NULL,'','',NULL,NULL,NULL,NULL,NULL),(158,378,0,0,'0000-00-00',NULL,'','',NULL,NULL,NULL,NULL,NULL),(159,379,0,0,'0000-00-00',NULL,'','',NULL,NULL,NULL,NULL,NULL),(160,380,0,0,'0000-00-00',NULL,'','',NULL,NULL,NULL,NULL,NULL),(161,381,0,0,'0000-00-00',NULL,'','',NULL,NULL,NULL,NULL,NULL),(162,382,0,0,'0000-00-00',NULL,'','',NULL,NULL,NULL,NULL,NULL),(163,383,0,0,'0000-00-00',NULL,'','',NULL,NULL,NULL,NULL,NULL),(164,384,0,0,'0000-00-00',NULL,'','',NULL,NULL,NULL,NULL,NULL),(165,385,0,0,'0000-00-00',NULL,'','',NULL,NULL,NULL,NULL,NULL),(166,386,0,0,'0000-00-00',NULL,'','',NULL,NULL,NULL,NULL,NULL),(167,388,582,2,'2016-05-27','','aguanaval','664','',NULL,NULL,'demo@mail.com','M'),(168,389,582,1,'2016-05-28','','aguanaval','664','',NULL,NULL,'demo@demo.com','M'),(169,390,582,1,'2016-05-28','','aguanaval','664','',NULL,NULL,'demo@demo.com','F'),(170,391,582,2,'2016-05-28','','aguanaval','664','',NULL,NULL,'demo@demo.com','M'),(171,392,582,2,'2016-05-31','','aguanaval','664','',NULL,NULL,'demo@demo.com','M'),(172,393,582,2,'2016-06-01','','aguanaval','664','',NULL,NULL,'demo@demo','F'),(173,394,2,1,'2016-06-01','','Rayon','221','',NULL,NULL,'demo@demo','M'),(174,395,582,1,'2016-06-01','','aguanaval','664','',NULL,NULL,'demo@demo','M'),(175,396,582,1,'2016-06-01','','aguanaval','664','',NULL,NULL,'demo@demo','F'),(176,397,582,1,'2016-06-01','','aguanaval','664','',NULL,NULL,'demo@demo','M'),(177,398,582,1,'2016-06-17','','aguanaval','664','',NULL,NULL,'demo@demo.com','M'),(178,399,181,1,'2016-06-22','','Cuatro Parques','2236','',NULL,NULL,'demo@demo.com','F'),(179,400,582,1,'2016-07-16','','aguanaval 660','660','38',NULL,NULL,'demo@demo.com','M'),(180,401,582,1,'2016-07-18','','aguanaval','38','',NULL,NULL,'demo@demo.com','M'),(181,402,582,1,'2016-07-18','','aguanaval 660','38','',NULL,NULL,'demo@demo.com','M'),(182,403,582,1,'2016-07-19','','aguanaval 660','660','',NULL,NULL,'demo@demo.com','F'),(183,404,582,1,'2016-07-19','','aguanaval','38','',NULL,NULL,'demo@demo.com','M'),(184,405,582,1,'2016-07-19','','aguanaval','38','',NULL,NULL,'demo@demo.com','F'),(185,406,582,1,'2016-07-19','','aguanaval','38','',NULL,NULL,'demo@demo','F'),(186,407,582,1,'2016-07-19','','aguanaval','38','',NULL,NULL,'demo@demo.com.mx','M'),(187,408,582,1,'2016-07-19','','aguanaval','','',NULL,NULL,'demo@demo.com','M'),(188,409,582,1,'2016-07-19','','aguanaval','664','',NULL,NULL,'demo@demo.com','F'),(189,410,582,1,'2016-07-19','','aguanaval','38','',NULL,NULL,'demo@demo.com','M'),(190,411,582,1,'2016-07-19','','aguanaval','660','',NULL,NULL,'demo@demo.com','F'),(191,412,582,1,'2016-07-19','','aguanaval','38','',NULL,NULL,'demo@demo.com','M'),(192,413,582,1,'2016-07-19','','aguanaval','660','',NULL,NULL,'demo@demo.com','F'),(193,414,582,1,'2016-07-19','','aguanaval','660','',NULL,NULL,'demo@demo.com','F'),(194,415,582,1,'2016-07-19','','aguanaval','660','',NULL,NULL,'demo@demo.com','F'),(195,416,582,2,'2016-07-19','','aguanaval','38','',NULL,NULL,'demo@demo.com','F'),(196,417,582,1,'2016-07-19','','aguanaval','660','',NULL,NULL,'demo@demo.com','M'),(197,418,582,1,'2016-07-19','','aguanaval','660','',NULL,NULL,'demo@demo.com','F'),(198,419,1,1,'2016-07-20','','aguanaval','660','',NULL,NULL,'demo@demo.com','M'),(199,420,582,1,'2016-07-20','','aguanaval','660','',NULL,NULL,'demo@demo','F'),(200,421,582,2,'2016-07-20','','aguanaval','660','',NULL,NULL,'demo@demo.com','F'),(201,422,582,1,'2016-07-20','','aguanaval','660','',NULL,NULL,'demo@demo.com','F'),(202,423,582,1,'2016-07-20','','aguanaval 664','660','',NULL,NULL,'demo@demo','F'),(203,424,582,1,'2016-07-20','','aguanaval','38','',NULL,NULL,'demo@demo.com','F'),(204,425,582,1,'2016-07-20','','aguanaval','660','',NULL,NULL,'demo@demo.com','F'),(205,426,582,1,'2016-07-20','','aguanaval','660','',NULL,NULL,'demo@demo.com','F'),(206,427,582,1,'2016-07-20','','aguanaval','38','',NULL,NULL,'demo@demo.com','M'),(207,428,582,1,'2016-07-20','','aguanaval','660','',NULL,NULL,'demo@demo.com','M'),(208,429,582,1,'2016-07-20','','aguanaval','660','',NULL,NULL,'demo@demo.com','M'),(209,430,582,1,'2016-07-20','','aguanaval','660','',NULL,NULL,'demo@demo.com','F'),(210,431,582,1,'2016-07-20','','aguanaval','660','',NULL,NULL,'demo@demo.com','F'),(211,432,582,1,'2016-07-20','','aguanaval','660','',NULL,NULL,'demo@demo','F'),(212,433,582,1,'2016-07-20','','aguanaval','660','',NULL,NULL,'demo@demo.com','M'),(213,435,582,1,'2016-07-20','','aguanaval','660','',NULL,NULL,'demo@demo.com','F'),(214,436,582,1,'2016-07-20','','aguanaval','660','',NULL,NULL,'demo@demo.com','F'),(215,437,582,1,'2016-07-20','','aguanaval','660','',NULL,NULL,'demo@demo.com','M'),(216,438,582,1,'2016-07-20','','aguanaval','660','',NULL,NULL,'demo@demo','M'),(217,439,582,1,'2016-07-20','','aguanaval','660','',NULL,NULL,'demo@demo.com','M'),(218,440,582,1,'2016-07-20','','aguanaval','660','',NULL,NULL,'demo@demo.com','F'),(219,441,582,1,'2016-07-20','','aguanaval','660','',NULL,NULL,'demo@demo.com','M'),(220,442,582,1,'2016-07-20','','aguanaval','660','',NULL,NULL,'demo@demo.com','F'),(221,443,582,1,'2016-07-20','','aguanaval ','660','',NULL,NULL,'demo@demo.com','M'),(222,444,582,1,'2016-07-20','','aguanaval','660','',NULL,NULL,'demo@demo.com','M'),(223,445,582,1,'2016-07-20','','aguanaval','38','',NULL,NULL,'demo@demo.com','F'),(224,446,582,1,'2016-07-20','','aguanaval','660','',NULL,NULL,'demo@demo.com','F'),(225,447,582,1,'2016-07-20','','aguanaval','660','',NULL,NULL,'demo@demo.com','M'),(226,448,584,1,'2016-07-20','','aguanaval','660','',NULL,NULL,'demo@demo.com','M'),(227,450,582,1,'2016-07-25','','aguanaval','660','',NULL,NULL,'demo@demo.com','M'),(228,451,582,1,'2016-07-25','','aguanaval 660','38','',NULL,NULL,'demo@demo.com','F'),(229,452,582,1,'2016-07-25','','aguanaval','660','',NULL,NULL,'demo@demo.com','M'),(230,453,582,1,'2016-07-25','','aguanaval','660','',NULL,NULL,'demo@demo.com','M'),(231,454,582,1,'2016-07-27','','aguanaval','660','',NULL,NULL,'demo@demo.com','F'),(232,455,582,1,'2016-08-01','','aguanaval','38','',NULL,NULL,'demo@demo.com','M'),(233,456,582,1,'2016-08-01','','aguanaval','38','',NULL,NULL,'demo@demo.com','F'),(234,457,582,1,'2016-08-02','','aguanaval','660','',NULL,NULL,'demo@demo.com','M'),(235,458,582,1,'2016-08-02','','agaunaval','660','',NULL,NULL,'demo@demo.com','M'),(236,459,582,1,'2016-08-02','','aguanaval','660','',NULL,NULL,'demo@demo.com','F'),(237,460,582,1,'2016-08-02','','aguanaval','660','',NULL,NULL,'demo@demo.com','F'),(238,461,582,1,'1989-03-31','','Aguanaval','660','',NULL,NULL,'demo@demo.com','M'),(239,462,582,1,'1989-03-31','','Aguanaval','660','',NULL,NULL,'demo@demo.com','F'),(240,463,582,1,'1989-03-31','','Aguanaval','660','',NULL,NULL,'demo@demo.com','M'),(241,464,582,1,'1989-03-31','','Aguanaval','660','',NULL,NULL,'demo@demo.com','F'),(242,465,582,1,'1989-03-31','','Aguanaval','660','',NULL,NULL,'demo@demo.com','F'),(243,466,582,1,'1989-03-31','','Aguanaval','660','',NULL,NULL,'demo@demo.com','F'),(244,467,582,1,'1989-03-31','','Aguanaval','660','',NULL,NULL,'demo@demo.com','M'),(245,468,582,1,'1989-03-31','','Aguanaval','660','',NULL,NULL,'demo@demo.com','M'),(246,469,582,1,'1989-03-31','','Aguanaval','660','',NULL,NULL,'demo@demo.com','M'),(247,470,582,1,'1989-03-31','','Aguanaval','660','',NULL,NULL,'demo@demo.com','M'),(248,471,582,1,'1989-03-31','','Aguanaval','660','',NULL,NULL,'demo@demo.com','F'),(249,472,582,1,'1989-03-31','','Aguanaval','660','',NULL,NULL,'demo@demo.com','F'),(250,473,582,1,'1989-03-31','','Aguanaval','660','',NULL,NULL,'demo@demo.com','F'),(251,474,582,1,'1989-03-31','','Aguanaval','660','',NULL,NULL,'demo@demo.com','F'),(252,475,582,1,'1989-03-31','','Aguanaval','660','',NULL,NULL,'demo@demo.com','F'),(253,476,582,1,'1989-03-31','','Aguanaval','660','',NULL,NULL,'demo@demo.com','M'),(254,477,582,1,'1989-03-31','','Aguanaval','660','',NULL,NULL,'demo@demo.com','F'),(255,478,582,1,'1989-03-31','','Aguanaval','660','',NULL,NULL,'demo@demo.com','F'),(256,479,582,1,'1989-03-31','','Aguanaval','660','',NULL,NULL,'demo@demo.com','F'),(257,480,582,1,'1989-03-31','','Aguanaval','660','',NULL,NULL,'demo@demo.com','F'),(258,481,582,1,'1989-03-31','','Aguanaval','660','',NULL,NULL,'demo@demo.com','F'),(259,482,582,1,'1989-03-31','','Aguanaval','660','',NULL,NULL,'demo@demo.com','F'),(260,483,582,1,'1989-03-31','','Aguanaval','660','',NULL,NULL,'demo@demo.com','F'),(261,485,582,1,'1989-03-31','','Aguanaval','660','',NULL,NULL,'demo@demo.com','M'),(262,486,582,1,'1989-03-31','','Aguanaval','660','',NULL,NULL,'demo@demo.com','F'),(263,487,582,1,'1989-03-31','','Aguanaval','660','',NULL,NULL,'demo@demo.com','F'),(264,488,582,1,'1989-03-31','','Aguanaval','660','',NULL,NULL,'demo@demo.com','F'),(265,489,582,1,'1989-03-31','','Aguanaval','660','',NULL,NULL,'demo@demo.com','F'),(266,490,582,1,'1989-03-31','','Aguanaval','660','',NULL,NULL,'demo@demo.com','F'),(267,491,582,1,'1989-03-31','','Aguanaval','660','',NULL,NULL,'demo@demo.com','F'),(268,492,582,1,'1989-03-31','','Aguanaval','660','',NULL,NULL,'demo@demo.com','F'),(269,493,582,1,'1989-03-31','','Aguanaval','660','',NULL,NULL,'demo@demo.com','F'),(270,494,582,1,'1989-03-31','','Aguanaval','660','',NULL,NULL,'demo@demo.com','M'),(271,495,582,1,'1989-03-31','','Aguanaval','660','',NULL,NULL,'demo@demo.com','F'),(272,496,582,1,'1989-03-31','','Aguanaval','660','',NULL,NULL,'demo@demo.com','F'),(273,497,582,1,'1989-03-31','','Aguanaval','660','',NULL,NULL,'demo@demo.com','F'),(274,498,582,1,'1989-03-31','','Aguanaval','660','',NULL,NULL,'demo@demo.com','M'),(275,499,582,1,'1989-03-31','','Aguanaval','660','',NULL,NULL,'demo@demo.com','F'),(276,500,582,1,'1989-03-31','','Aguanaval','660','',NULL,NULL,'demo@demo.com','F'),(277,501,582,1,'1989-03-31','','Aguanaval','660','',NULL,NULL,'demo@demo.com','F'),(278,502,582,1,'1989-03-31','','Aguanaval','660','',NULL,NULL,'demo@demo.com','F'),(279,503,582,1,'1989-03-31','','Aguanaval','660','',NULL,NULL,'demo@demo.com','F'),(280,504,582,1,'1989-03-31','','Aguanaval','660','',NULL,NULL,'demo@demo.com','M'),(281,505,582,1,'1989-03-31','','Aguanaval','660','',NULL,NULL,'demo@demo.com','F'),(282,506,582,1,'1989-03-31','','Aguanaval','660','',NULL,NULL,'demo@demo.com',NULL),(283,507,582,1,'1989-03-31','','Aguanaval','660','',NULL,NULL,'demo@demo.com','F'),(284,508,582,1,'1989-03-31','','Aguanaval','660','',NULL,NULL,'demo@demo.com','F'),(285,509,582,1,'1989-03-31','','Aguanaval','660','',NULL,NULL,'demo@demo.com','F'),(286,510,582,1,'1989-03-31','','Aguanaval','660','',NULL,NULL,'demo@demo.com','F'),(287,511,582,1,'1989-03-31','','Aguanaval','660','',NULL,NULL,'demo@demo.com','F'),(288,512,582,1,'1989-03-31','','Aguanaval','660','',NULL,NULL,'demo@demo.com','F'),(289,513,582,1,'1989-03-31','','Aguanaval','660','',NULL,NULL,'demo@demo.com','F'),(290,514,582,1,'1989-03-31','','Aguanaval','660','',NULL,NULL,'demo@demo.com','F'),(291,515,582,1,'1989-03-31','','Aguanaval','660','',NULL,NULL,'demo@demo.com','F'),(292,516,582,1,'1989-03-31','','Aguanaval','660','',NULL,NULL,'demo@demo.com','M'),(293,517,582,1,'1989-03-31','','Aguanaval','660','',NULL,NULL,'demo@demo.com','M'),(294,518,582,1,'1989-03-31','','Aguanaval','660','',NULL,NULL,'demo@demo.com','F'),(295,519,582,1,'1989-03-31','','Aguanaval','660','',NULL,NULL,'demo@demo.com','F'),(296,520,582,1,'1989-03-31','','Aguanaval','660','',NULL,NULL,'demo@demo.com','F'),(297,521,582,1,'1989-03-31','','Aguanaval','660','',NULL,NULL,'demo@demo.com','F'),(298,522,582,1,'1989-03-31','','Aguanaval','660','',NULL,NULL,'demo@demo.com','F'),(299,523,582,1,'1989-03-31','','Aguanaval','660','',NULL,NULL,'demo@demo.com','F'),(300,524,582,1,'1989-03-31','','Aguanaval','660','',NULL,NULL,'demo@demo.com','F'),(301,525,582,1,'1989-03-31','','Aguanaval','660','',NULL,NULL,'demo@demo.com','F'),(302,526,582,1,'1989-03-31','','Aguanaval','660','',NULL,NULL,'demo@demo.com','F'),(303,527,582,1,'1989-03-31','','Aguanaval','660','',NULL,NULL,'demo@demo.com','F'),(304,528,582,1,'1989-03-31','','Aguanaval','660','',NULL,NULL,'demo@demo.com','F'),(305,529,582,1,'1989-03-31','','Aguanaval','660','',NULL,NULL,'demo@demo.com','F'),(306,530,582,1,'1989-03-31','','Aguanaval','660','',NULL,NULL,'demo@demo.com','F'),(307,531,582,1,'1989-03-31','','Aguanaval','660','',NULL,NULL,'demo@demo.com','F'),(308,532,582,1,'1989-03-31','','Aguanaval','660','',NULL,NULL,'demo@demo.com','F'),(309,533,582,1,'1989-03-31','','Aguanaval','660','',NULL,NULL,'demo@demo.com','F'),(310,534,582,1,'1989-03-31','','Aguanaval','660','',NULL,NULL,'demo@demo.com','F'),(311,535,582,1,'1989-03-31','','Aguanaval','660','',NULL,NULL,'demo@demo.com','F'),(312,536,582,1,'1989-03-31','','Aguanaval','660','',NULL,NULL,'demo@demo.com','M'),(313,537,582,1,'1989-03-31','','Aguanaval','660','',NULL,NULL,'demo@demo.com','F'),(314,538,582,1,'1989-03-31','','Aguanaval','660','',NULL,NULL,'demo@demo.com','M'),(315,539,582,1,'1989-03-31','','Aguanaval','660','',NULL,NULL,'demo@demo.com','F'),(316,540,582,1,'1989-03-31','','Aguanaval','660','',NULL,NULL,'demo@demo.com','F'),(317,541,582,1,'1989-03-31','','Aguanaval','660','',NULL,NULL,'demo@demo.com','M'),(318,542,582,1,'1989-03-31','','Aguanaval','660','',NULL,NULL,'demo@demo.com','F'),(319,543,582,1,'1989-03-31','','Aguanaval','660','',NULL,NULL,'demo@demo.com','F'),(320,544,582,1,'1989-03-31','','Aguanaval','660','',NULL,NULL,'demo@demo.com','M'),(321,545,582,1,'1989-03-31','','Aguanaval','660','',NULL,NULL,'demo@demo.com','F'),(322,546,582,1,'1989-03-31','','Aguanaval','660','',NULL,NULL,'demo@demo.com','F'),(323,547,582,1,'1989-03-31','','Aguanaval','660','',NULL,NULL,'demo@demo.com','F'),(324,548,582,1,'1989-03-31','','Aguanaval','660','',NULL,NULL,'demo@demo.com','F'),(325,549,582,1,'1989-03-31','','Aguanaval','660','',NULL,NULL,'demo@demo.com','F'),(326,550,582,1,'1989-03-31','','Aguanaval','660','',NULL,NULL,'demo@demo.com','F'),(327,551,582,1,'1989-03-31','','Aguanaval','660','',NULL,NULL,'demo@demo.com','F'),(328,552,582,1,'1989-03-31','','Aguanaval','660','',NULL,NULL,'demo@demo.com','F'),(329,553,582,1,'1989-03-31','','Aguanaval','660','',NULL,NULL,'demo@demo.com','F'),(330,554,582,1,'1989-03-31','','Aguanaval','660','',NULL,NULL,'demo@demo.com','F'),(331,555,582,1,'1989-03-31','','Aguanaval','660','',NULL,NULL,'demo@demo.com','F'),(332,556,582,1,'1989-03-31','','Aguanaval','660','',NULL,NULL,'demo@demo.com',NULL),(333,557,582,1,'1989-03-31','','Aguanaval','660','',NULL,NULL,'demo@demo.com','F'),(334,558,582,1,'1989-03-31','','Aguanaval','660','',NULL,NULL,'demo@demo.com','F'),(335,559,582,1,'1989-03-31','','Aguanaval','660','',NULL,NULL,'demo@demo.com','F'),(336,560,582,1,'1989-03-31','','Aguanaval','660','',NULL,NULL,'demo@demo.com','F'),(337,561,582,1,'1989-03-31','','Aguanaval','660','',NULL,NULL,'demo@demo.com','M'),(338,562,582,1,'1989-03-31','','Aguanaval','660','',NULL,NULL,'demo@demo.com','F'),(339,563,582,1,'1989-03-31','','Aguanaval','660','',NULL,NULL,'demo@demo.com','F'),(340,564,582,1,'1989-03-31','','Aguanaval','660','',NULL,NULL,'demo@demo.com','M'),(341,565,582,1,'1989-03-31','','Aguanaval','660','',NULL,NULL,'demo@demo.com','F'),(342,566,582,1,'1989-03-31','','Aguanaval','660','',NULL,NULL,'demo@demo.com','M'),(343,567,582,1,'1989-03-31','','Aguanaval','660','',NULL,NULL,'demo@demo.com','F'),(344,568,582,1,'1989-03-31','','Aguanaval','660','',NULL,NULL,'demo@demo.com','F'),(345,569,582,1,'1989-03-31','','Aguanaval','660','',NULL,NULL,'demo@demo.com','M'),(346,570,582,1,'1989-03-31','','Aguanaval','660','',NULL,NULL,'demo@demo.com','M'),(347,571,582,1,'1989-03-31','','Aguanaval','660','',NULL,NULL,'demo@demo.com','F'),(348,572,582,1,'1989-03-31','','Aguanaval','660','',NULL,NULL,'demo@demo.com','F'),(349,573,582,1,'1989-03-31','','Aguanaval','660','',NULL,NULL,'demo@demo.com','M'),(350,574,582,1,'1989-03-31','','Aguanaval','660','',NULL,NULL,'demo@demo.com','F'),(351,575,582,1,'1989-03-31','','Aguanaval','660','',NULL,NULL,'demo@demo.com','F'),(352,576,582,1,'1989-03-31','','Aguanaval','660','',NULL,NULL,'demo@demo.com','F'),(353,577,582,1,'1989-03-31','','Aguanaval','660','',NULL,NULL,'demo@demo.com','F'),(354,578,582,1,'1989-03-31','','Aguanaval','660','',NULL,NULL,'demo@demo.com','F'),(355,579,582,1,'1989-03-31','','Aguanaval','660','',NULL,NULL,'demo@demo.com','F'),(356,580,582,1,'1989-03-31','','Aguanaval','660','',NULL,NULL,'demo@demo.com','F'),(357,581,582,1,'1989-03-31','','Aguanaval','660','',NULL,NULL,'demo@demo.com','F'),(358,582,582,1,'1989-03-31','','Aguanaval','660','',NULL,NULL,'demo@demo.com','M'),(359,583,582,1,'1989-03-31','','Aguanaval','660','',NULL,NULL,'demo@demo.com','M'),(360,584,582,1,'1989-03-31','','Aguanaval','660','',NULL,NULL,'demo@demo.com','F'),(361,585,582,1,'1989-03-31','','Aguanaval','660','',NULL,NULL,'demo@demo.com','F'),(362,586,582,1,'1989-03-31','','Aguanaval','660','',NULL,NULL,'demo@demo.com','F'),(363,587,582,1,'1989-03-31','','Aguanaval','660','',NULL,NULL,'demo@demo.com','F'),(364,588,582,1,'1989-03-31','','Aguanaval','660','',NULL,NULL,'demo@demo.com','F'),(365,589,582,1,'1989-03-31','','Aguanaval','660','',NULL,NULL,'demo@demo.com','F'),(366,590,582,1,'1989-03-31','','Aguanaval','660','',NULL,NULL,'demo@demo.com','F'),(367,591,582,1,'1989-03-31','','Aguanaval','660','',NULL,NULL,'demo@demo.com','F'),(368,592,582,1,'1989-03-31','','Aguanaval','660','',NULL,NULL,'demo@demo.com','F'),(369,593,582,1,'1989-03-31','','Aguanaval','660','',NULL,NULL,'demo@demo.com','M'),(370,594,582,1,'1989-03-31','','Aguanaval','660','',NULL,NULL,'demo@demo.com','F'),(371,595,582,1,'1989-03-31','','Aguanaval','660','',NULL,NULL,'demo@demo.com','M'),(372,596,582,1,'1989-03-31','','Aguanaval','660','',NULL,NULL,'demo@demo.com','F'),(373,597,582,1,'1989-03-31','','Aguanaval','660','',NULL,NULL,'demo@demo.com','F'),(374,598,582,1,'1989-03-31','','Aguanaval','660','',NULL,NULL,'demo@demo.com','F'),(375,599,582,1,'1989-03-31','','Aguanaval','660','',NULL,NULL,'demo@demo.com','F'),(376,600,582,1,'1989-03-31','','Aguanaval','660','',NULL,NULL,'demo@demo.com','M'),(377,601,582,1,'1989-03-31','','Aguanaval','660','',NULL,NULL,'demo@demo.com','F'),(378,602,582,1,'1989-03-31','','Aguanaval','660','',NULL,NULL,'demo@demo.com','F'),(379,603,582,1,'1989-03-31','','Aguanaval','660','',NULL,NULL,'demo@demo.com','F'),(380,604,582,1,'1989-03-31','','Aguanaval','660','',NULL,NULL,'demo@demo.com','F'),(381,605,582,1,'1989-03-31','','Aguanaval','660','',NULL,NULL,'demo@demo.com','F'),(382,606,582,1,'1989-03-31','','Aguanaval','660','',NULL,NULL,'demo@demo.com','F'),(383,607,582,1,'1989-03-31','','Aguanaval','660','',NULL,NULL,'demo@demo.com','F'),(384,608,582,1,'1989-03-31','','Aguanaval','660','',NULL,NULL,'demo@demo.com','F'),(385,609,582,1,'1989-03-31','','Aguanaval','660','',NULL,NULL,'demo@demo.com','F'),(386,610,582,1,'1989-03-31','','Aguanaval','660','',NULL,NULL,'demo@demo.com','M'),(387,611,582,1,'1989-03-31','','Aguanaval','660','',NULL,NULL,'demo@demo.com','F'),(388,612,582,1,'1989-03-31','','Aguanaval','660','',NULL,NULL,'demo@demo.com','F'),(389,613,582,1,'1989-03-31','','Aguanaval','660','',NULL,NULL,'demo@demo.com','M'),(390,614,582,1,'1989-03-31','','Aguanaval','660','',NULL,NULL,'demo@demo.com','F'),(391,615,582,1,'1989-03-31','','Aguanaval','660','',NULL,NULL,'demo@demo.com','F'),(392,616,582,1,'1989-03-31','','Aguanaval','660','',NULL,NULL,'demo@demo.com',NULL),(393,617,582,1,'1989-03-31','','Aguanaval','660','',NULL,NULL,'demo@demo.com','F'),(394,618,582,1,'1989-03-31','','Aguanaval','660','',NULL,NULL,'demo@demo.com','M'),(395,620,582,1,'1989-03-31','','Aguanaval','660','',NULL,NULL,'demo@demo.com','F'),(396,621,582,1,'1989-03-31','','Aguanaval','660','',NULL,NULL,'demo@demo.com','F'),(397,622,582,1,'1989-03-31','','Aguanaval','660','',NULL,NULL,'demo@demo.com','F'),(398,623,582,1,'1989-03-31','','Aguanaval','660','',NULL,NULL,'demo@demo.com','F'),(399,624,582,1,'1989-03-31','','Aguanaval','660','',NULL,NULL,'demo@demo.com','F'),(400,625,582,1,'1989-03-31','','Aguanaval','660','',NULL,NULL,'demo@demo.com','M'),(401,626,582,1,'1989-03-31','','Aguanaval','660','',NULL,NULL,'demo@demo.com','M'),(402,627,582,1,'1989-03-31','','Aguanaval','660','',NULL,NULL,'demo@demo.com','M'),(403,628,582,1,'1989-03-31','','Aguanaval','660','',NULL,NULL,'demo@demo.com','M'),(404,629,582,1,'1989-03-31','','Aguanaval','660','',NULL,NULL,'demo@demo.com','M'),(405,630,582,1,'1989-03-31','','Aguanaval','660','',NULL,NULL,'demo@demo.com','F'),(406,631,582,1,'1989-03-31','','Aguanaval','660','',NULL,NULL,'demo@demo.com','M'),(407,632,582,1,'1989-03-31','','Aguanaval','660','',NULL,NULL,'demo@demo.com','M'),(408,633,582,1,'1989-03-31','','Aguanaval','660','',NULL,NULL,'demo@demo.com','F'),(409,67,582,1,'1989-03-31','','Aguanaval','660','',NULL,NULL,'demo@demo.com',NULL),(410,634,582,1,'1989-03-31','','Aguanaval','660','',NULL,NULL,'demo@demo.com','F'),(411,635,582,1,'1989-03-31','','Aguanaval','660','',NULL,NULL,'demo@demo.com','M'),(412,636,582,1,'1989-03-31','','Aguanaval','660','',NULL,NULL,'demo@demo.com','M'),(413,637,582,1,'1989-03-31','','Aguanaval','660','',NULL,NULL,'demo@demo.com','F'),(414,638,582,1,'1989-03-31','','Aguanaval','660','',NULL,NULL,'demo@demo.com','F'),(415,639,582,1,'1989-03-31','','Aguanaval','660','',NULL,NULL,'demo@demo.com','M'),(416,640,582,1,'1989-03-31','','Aguanaval','660','',NULL,NULL,'demo@demo.com','F'),(417,641,582,1,'1989-03-31','','Aguanaval','660','',NULL,NULL,'demo@demo.com','F'),(418,642,582,1,'1989-03-31','','Aguanaval','660','',NULL,NULL,'demo@demo.com','F'),(419,643,582,1,'1989-03-31','','Aguanaval','660','',NULL,NULL,'demo@demo.com','F'),(420,648,582,1,'1989-03-31','','Aguanaval','660','',NULL,NULL,'demo@demo.com','F'),(421,649,582,1,'1989-03-31','','Aguanaval','660','',NULL,NULL,'demo@demo.com','F'),(422,650,582,1,'1989-03-31','','Aguanaval','660','',NULL,NULL,'demo@demo.com','F'),(423,651,582,1,'1989-03-31','','Aguanaval','660','',NULL,NULL,'demo@demo.com','F'),(424,652,582,1,'1989-03-31','','Aguanaval','660','',NULL,NULL,'demo@demo.com','F'),(425,653,582,1,'1989-03-31','','Aguanaval','660','',NULL,NULL,'demo@demo.com','F'),(426,654,582,1,'1989-03-31','','Aguanaval','660','',NULL,NULL,'demo@demo.com','F'),(427,655,582,1,'1989-03-31','','Aguanaval','660','',NULL,NULL,'demo@demo.com','F'),(428,656,582,1,'1989-03-31','','Aguanaval','660','',NULL,NULL,'demo@demo.com','F'),(429,657,582,1,'1989-03-31','','Aguanaval','660','',NULL,NULL,'demo@demo.com','F'),(430,658,582,1,'1989-03-31','','Aguanaval','660','',NULL,NULL,'demo@demo.com','F'),(431,659,582,1,'1989-03-31','','Aguanaval','660','',NULL,NULL,'demo@demo.com','M'),(432,660,582,1,'1989-03-31','','Aguanaval','660','',NULL,NULL,'demo@demo.com','F'),(433,661,582,1,'1989-03-31','','Aguanaval','660','',NULL,NULL,'demo@demo.com','F'),(434,662,582,1,'1989-03-31','','Aguanaval','660','',NULL,NULL,'demo@demo.com','F'),(435,663,582,1,'1989-03-31','','Aguanaval','660','',NULL,NULL,'demo@demo.com','F'),(436,664,582,1,'1989-03-31','','Aguanaval','660','',NULL,NULL,'demo@demo.com','F'),(437,665,582,1,'1989-03-31','','Aguanaval','660','',NULL,NULL,'demo@demo.com','F'),(438,666,582,1,'1989-03-31','','Aguanaval','660','',NULL,NULL,'demo@demo.com','F'),(439,667,582,1,'1989-03-31','','Aguanaval','660','',NULL,NULL,'demo@demo.com','F'),(440,668,582,1,'1989-03-31','','Aguanaval','660','',NULL,NULL,'demo@demo.com','F'),(441,669,582,1,'1989-03-31','','Aguanaval','660','',NULL,NULL,'demo@demo.com','F'),(442,670,582,1,'1989-03-31','','Aguanaval','660','',NULL,NULL,'demo@demo.com','F'),(443,671,582,1,'1989-03-31','','Aguanaval','660','',NULL,NULL,'demo@demo.com','F'),(444,672,582,1,'1989-03-31','','Aguanaval','660','',NULL,NULL,'demo@demo.com','F'),(445,673,582,1,'1989-03-31','','Aguanaval','660','',NULL,NULL,'demo@demo.com','F'),(446,674,582,1,'1989-03-31','','Aguanaval','660','',NULL,NULL,'demo@demo.com','F'),(447,675,582,1,'1989-03-31','','Aguanaval','660','',NULL,NULL,'demo@demo.com','F'),(448,676,582,1,'1989-03-31','','Aguanaval','660','',NULL,NULL,'demo@demo.com','F'),(449,677,582,1,'1989-03-31','','Aguanaval','660','',NULL,NULL,'demo@demo.com','F'),(450,678,582,1,'1989-03-31','','Aguanaval','660','',NULL,NULL,'demo@demo.com','F'),(451,679,582,1,'1989-03-31','','Aguanaval','660','',NULL,NULL,'demo@demo.com','F'),(452,680,582,1,'1989-03-31','','Aguanaval','660','',NULL,NULL,'demo@demo.com','F'),(453,681,582,1,'1989-03-31','','Aguanaval','660','',NULL,NULL,'demo@demo.com','F'),(454,682,582,1,'1989-03-31','','Aguanaval','660','',NULL,NULL,'demo@demo.com','F'),(455,683,582,1,'1989-03-31','','Aguanaval','660','',NULL,NULL,'demo@demo.com','F'),(456,684,582,1,'1989-03-31','','Aguanaval','660','',NULL,NULL,'demo@demo.com','F'),(457,685,582,1,'1989-03-31','','Aguanaval','660','',NULL,NULL,'demo@demo.com','F'),(458,686,582,1,'1989-03-31','','Aguanaval','660','',NULL,NULL,'demo@demo.com','M'),(459,687,582,1,'1989-03-31','','Aguanaval','660','',NULL,NULL,'demo@demo.com','M'),(460,688,582,1,'1989-03-31','','Aguanaval','660','',NULL,NULL,'demo@demo.com','F'),(461,689,582,1,'1989-03-31','','Aguanaval','660','',NULL,NULL,'demo@demo.com','F'),(462,690,582,1,'1989-03-31','','Aguanaval','660','',NULL,NULL,'demo@demo.com','F'),(463,691,582,1,'1989-03-31','','Aguanaval','660','',NULL,NULL,'demo@demo.com','M'),(464,692,582,1,'1989-03-31','','Aguanaval','660','',NULL,NULL,'demo@demo.com','F'),(465,693,582,1,'1989-03-31','','Aguanaval','660','',NULL,NULL,'demo@demo.com','F'),(466,694,582,1,'1989-03-31','','Aguanaval','660','',NULL,NULL,'demo@demo.com','F'),(467,695,582,1,'1989-03-31','','Aguanaval','660','',NULL,NULL,'demo@demo.com','M'),(468,696,582,1,'1989-03-31','','Aguanaval','660','',NULL,NULL,'demo@demo.com','M'),(469,697,582,1,'1989-03-31','','Aguanaval','660','',NULL,NULL,'demo@demo.com','M'),(470,698,582,1,'1989-03-31','','Aguanaval','660','',NULL,NULL,'demo@demo.com','F'),(471,699,582,1,'1989-03-31','','Aguanaval','660','',NULL,NULL,'demo@demo.com','M'),(472,700,582,1,'1989-03-31','','Aguanaval','660','',NULL,NULL,'demo@demo.com','M'),(473,701,582,1,'1989-03-31','','Aguanaval','660','',NULL,NULL,'demo@demo.com','M'),(474,702,582,1,'1989-03-31','','Aguanaval','660','',NULL,NULL,'demo@demo.com','F'),(475,703,582,1,'1989-03-31','','Aguanaval','660','',NULL,NULL,'demo@demo.com','F'),(476,704,582,1,'1989-03-31','','Aguanaval','660','',NULL,NULL,'demo@demo.com',NULL),(477,705,582,1,'1989-03-31','','Aguanaval','660','',NULL,NULL,'demo@demo.com','F'),(478,706,582,1,'1989-03-31','','Aguanaval','660','',NULL,NULL,'demo@demo.com','F'),(479,707,582,1,'1989-03-31','','Aguanaval','660','',NULL,NULL,'demo@demo.com','F'),(480,708,582,1,'1989-03-31','','Aguanaval','660','',NULL,NULL,'demo@demo.com','F'),(481,709,582,1,'1989-03-31','','Aguanaval','660','',NULL,NULL,'demo@demo.com','M'),(482,710,582,1,'1989-03-31','','Aguanaval','660','',NULL,NULL,'demo@demo.com','M'),(483,711,582,1,'1989-03-31','','Aguanaval','660','',NULL,NULL,'demo@demo.com','F'),(484,712,582,1,'1989-03-31','','Aguanaval','660','',NULL,NULL,'demo@demo.com','F'),(485,713,582,1,'1989-03-31','','Aguanaval','660','',NULL,NULL,'demo@demo.com','F'),(486,714,582,1,'1989-03-31','','Aguanaval','660','',NULL,NULL,'demo@demo.com','M'),(487,715,582,1,'1989-03-31','','Aguanaval','660','',NULL,NULL,'demo@demo.com','F'),(488,716,582,1,'1989-03-31','','Aguanaval','660','',NULL,NULL,'demo@demo.com','F'),(489,717,582,1,'1989-03-31','','Aguanaval','660','',NULL,NULL,'demo@demo.com','F'),(490,718,582,1,'1989-03-31','','Aguanaval','660','',NULL,NULL,'demo@demo.com','M'),(491,719,582,1,'1989-03-31','','Aguanaval','660','',NULL,NULL,'demo@demo.com','M'),(492,720,582,1,'1989-03-31','','Aguanaval','660','',NULL,NULL,'demo@demo.com','F'),(493,721,582,1,'1989-03-31','','Aguanaval','660','',NULL,NULL,'demo@demo.com','F'),(494,722,582,1,'1989-03-31','','Aguanaval','660','',NULL,NULL,'demo@demo.com','F'),(495,723,582,1,'1989-03-31','','Aguanaval','660','',NULL,NULL,'demo@demo.com','F'),(496,724,582,1,'1989-03-31','','Aguanaval','660','',NULL,NULL,'demo@demo.com','F'),(497,725,582,1,'1989-03-31','','Aguanaval','660','',NULL,NULL,'demo@demo.com','F'),(498,726,582,1,'1989-03-31','','Aguanaval','660','',NULL,NULL,'demo@demo.com','F'),(499,727,582,1,'1989-03-31','','Aguanaval','660','',NULL,NULL,'demo@demo.com','F'),(500,728,582,1,'1989-03-31','','Aguanaval','660','',NULL,NULL,'demo@demo.com','M'),(501,729,582,1,'1989-03-31','','Aguanaval','660','',NULL,NULL,'demo@demo.com','F'),(502,730,582,1,'1989-03-31','','Aguanaval','660','',NULL,NULL,'demo@demo.com','M'),(503,731,582,1,'1989-03-31','','Aguanaval','660','',NULL,NULL,'demo@demo.com','F'),(504,732,582,1,'1989-03-31','','Aguanaval','660','',NULL,NULL,'demo@demo.com','F'),(505,733,582,1,'1989-03-31','','Aguanaval','660','',NULL,NULL,'demo@demo.com','F'),(506,734,582,1,'1989-03-31','','Aguanaval','660','',NULL,NULL,'demo@demo.com','F'),(507,735,582,1,'1989-03-31','','Aguanaval','660','',NULL,NULL,'demo@demo.com','F'),(508,736,582,1,'1989-03-31','','Aguanaval','660','',NULL,NULL,'demo@demo.com','F'),(509,737,582,1,'1989-03-31','','Aguanaval','660','',NULL,NULL,'demo@demo.com','M'),(510,738,582,1,'1989-03-31','','Aguanaval','660','',NULL,NULL,'demo@demo.com','M'),(511,739,582,1,'1989-03-31','','Aguanaval','660','',NULL,NULL,'demo@demo.com','F'),(512,740,582,1,'1989-03-31','','Aguanaval','660','',NULL,NULL,'demo@demo.com','F'),(513,741,582,1,'1989-03-31','','Aguanaval','660','',NULL,NULL,'demo@demo.com','F'),(514,742,582,1,'1989-03-31','','Aguanaval','660','',NULL,NULL,'demo@demo.com','F'),(515,743,582,1,'1989-03-31','','Aguanaval','660','',NULL,NULL,'demo@demo.com','F'),(516,744,582,1,'1989-03-31','','Aguanaval','660','',NULL,NULL,'demo@demo.com','M'),(517,745,582,1,'1989-03-31','','Aguanaval','660','',NULL,NULL,'demo@demo.com','F'),(518,746,582,1,'1989-03-31','','Aguanaval','660','',NULL,NULL,'demo@demo.com','F'),(519,747,582,1,'1989-03-31','','Aguanaval','660','',NULL,NULL,'demo@demo.com','F'),(520,748,582,1,'1989-03-31','','Aguanaval','660','',NULL,NULL,'demo@demo.com','M'),(521,749,582,1,'1989-03-31','','Aguanaval','660','',NULL,NULL,'demo@demo.com','M'),(522,750,582,1,'1989-03-31','','Aguanaval','660','',NULL,NULL,'demo@demo.com','M'),(523,751,582,1,'1989-03-31','','Aguanaval','660','',NULL,NULL,'demo@demo.com','M'),(524,752,582,1,'1989-03-31','','Aguanaval','660','',NULL,NULL,'demo@demo.com','F'),(525,753,582,1,'1989-03-31','','Aguanaval','660','',NULL,NULL,'demo@demo.com','M'),(526,754,582,1,'1989-03-31','','Aguanaval','660','',NULL,NULL,'demo@demo.com','F'),(527,755,582,1,'1989-03-31','','Aguanaval','660','',NULL,NULL,'demo@demo.com','M'),(528,756,582,1,'1989-03-31','','Aguanaval','660','',NULL,NULL,'demo@demo.com','F'),(529,757,582,1,'1989-03-31','','Aguanaval','660','',NULL,NULL,'demo@demo.com','F'),(530,758,582,1,'1989-03-31','','Aguanaval','660','',NULL,NULL,'demo@demo.com','M'),(531,759,582,1,'1989-03-31','','Aguanaval','660','',NULL,NULL,'demo@demo.com','M'),(532,761,582,1,'1989-03-31','','Aguanaval','660','',NULL,NULL,'demo@demo.com',NULL),(533,762,582,1,'1989-03-31','','Aguanaval','660','',NULL,NULL,'demo@demo.com','F'),(534,763,582,1,'1989-03-31','','Aguanaval','660','',NULL,NULL,'demo@demo.com','F'),(535,764,582,1,'1989-03-31','','Aguanaval','660','',NULL,NULL,'demo@demo.com','F'),(536,765,582,1,'1989-03-31','','Aguanaval','660','',NULL,NULL,'demo@demo.com','F'),(537,766,582,1,'1989-03-31','','Aguanaval','660','',NULL,NULL,'demo@demo.com','M'),(538,767,582,1,'1989-03-31','','Aguanaval','660','',NULL,NULL,'demo@demo.com','F'),(539,768,582,1,'1989-03-31','','Aguanaval','660','',NULL,NULL,'demo@demo.com',NULL),(540,769,582,1,'1989-03-31','','Aguanaval','660','',NULL,NULL,'demo@demo.com','F'),(541,770,582,1,'1989-03-31','','Aguanaval','660','',NULL,NULL,'demo@demo.com','M'),(542,771,582,1,'1989-03-31','','Aguanaval','660','',NULL,NULL,'demo@demo.com','M'),(543,772,582,1,'1989-03-31','','Aguanaval','660','',NULL,NULL,'demo@demo.com','M'),(544,773,582,1,'1989-03-31','','Aguanaval','660','',NULL,NULL,'demo@demo.com','F'),(545,774,582,1,'1989-03-31','','Aguanaval','660','',NULL,NULL,'demo@demo.com','F'),(546,775,582,1,'1989-03-31','','Aguanaval','660','',NULL,NULL,'demo@demo.com','F'),(547,776,582,1,'1989-03-31','','Aguanaval','660','',NULL,NULL,'demo@demo.com','M'),(548,777,582,1,'1989-03-31','','Aguanaval','660','',NULL,NULL,'demo@demo.com','M'),(549,778,582,1,'1989-03-31','','Aguanaval','660','',NULL,NULL,'demo@demo.com','M'),(550,779,582,1,'1989-03-31','','Aguanaval','660','',NULL,NULL,'demo@demo.com','F'),(551,780,582,1,'1989-03-31','','Aguanaval','660','',NULL,NULL,'demo@demo.com','F'),(552,781,582,1,'1989-03-31','','Aguanaval','660','',NULL,NULL,'demo@demo.com','M'),(553,782,582,1,'1989-03-31','','Aguanaval','660','',NULL,NULL,'demo@demo.com','M'),(554,784,582,1,'1989-03-31','','Aguanaval','660','',NULL,NULL,'demo@demo.com','F'),(555,785,582,1,'1989-03-31','','Aguanaval','660','',NULL,NULL,'demo@demo.com','F'),(556,786,582,1,'1989-03-31','','Aguanaval','660','',NULL,NULL,'demo@demo.com','F'),(557,787,582,1,'1989-03-31','','Aguanaval','660','',NULL,NULL,'demo@demo.com','F'),(558,788,582,1,'1989-03-31','','Aguanaval','660','',NULL,NULL,'demo@demo.com','F'),(559,789,582,1,'1989-03-31','','Aguanaval','660','',NULL,NULL,'demo@demo.com','M'),(560,790,582,1,'1989-03-31','','Aguanaval','660','',NULL,NULL,'demo@demo.com','F'),(561,791,582,1,'1989-03-31','','Aguanaval','660','',NULL,NULL,'demo@demo.com','F'),(562,792,582,1,'1989-03-31','','Aguanaval','660','',NULL,NULL,'demo@demo.com','M'),(563,793,582,1,'1989-03-31','','Aguanaval','660','',NULL,NULL,'demo@demo.com','F'),(564,794,582,1,'1989-03-31','','Aguanaval','660','',NULL,NULL,'demo@demo.com',NULL),(565,795,582,1,'1989-03-31','','Aguanaval','660','',NULL,NULL,'demo@demo.com','F'),(566,796,582,1,'1989-03-31','','Aguanaval','660','',NULL,NULL,'demo@demo.com',NULL),(567,797,582,1,'1989-03-31','','Aguanaval','660','',NULL,NULL,'demo@demo.com','F'),(568,798,582,1,'1989-03-31','','Aguanaval','660','',NULL,NULL,'demo@demo.com','F'),(569,799,582,1,'1989-03-31','','Aguanaval','660','',NULL,NULL,'demo@demo.com','F'),(570,800,582,1,'1989-03-31','','Aguanaval','660','',NULL,NULL,'demo@demo.com','F'),(571,801,582,1,'1989-03-31','','Aguanaval','660','',NULL,NULL,'demo@demo.com','F'),(572,802,582,1,'1989-03-31','','Aguanaval','660','',NULL,NULL,'demo@demo.com',NULL),(573,803,582,1,'1989-03-31','','Aguanaval','660','',NULL,NULL,'demo@demo.com','M'),(574,804,582,1,'1989-03-31','','Aguanaval','660','',NULL,NULL,'demo@demo.com','F'),(575,805,582,1,'1989-03-31','','Aguanaval','660','',NULL,NULL,'demo@demo.com',NULL),(576,806,582,1,'1989-03-31','','Aguanaval','660','',NULL,NULL,'demo@demo.com','F'),(577,808,582,1,'1989-03-31','','Aguanaval','660','',NULL,NULL,'demo@demo.com',NULL);
/*!40000 ALTER TABLE `cliente` ENABLE KEYS */;
UNLOCK TABLES;

--
-- Table structure for table `colonia`
--

DROP TABLE IF EXISTS `colonia`;
/*!40101 SET @saved_cs_client     = @@character_set_client */;
/*!40101 SET character_set_client = utf8 */;
CREATE TABLE `colonia` (
  `id` int(11) NOT NULL AUTO_INCREMENT,
  `municipio_id` int(11) NOT NULL,
  `nombre` varchar(80) NOT NULL,
  `codigo_postal` varchar(5) NOT NULL,
  PRIMARY KEY (`id`),
  KEY `fk_colonia_municipio1_idx` (`municipio_id`),
  CONSTRAINT `fk_colonia_municipio1` FOREIGN KEY (`municipio_id`) REFERENCES `municipio` (`id`) ON DELETE NO ACTION ON UPDATE NO ACTION
) ENGINE=InnoDB AUTO_INCREMENT=5020 DEFAULT CHARSET=utf8;
/*!40101 SET character_set_client = @saved_cs_client */;

--
-- Dumping data for table `colonia`
--

LOCK TABLES `colonia` WRITE;
/*!40000 ALTER TABLE `colonia` DISABLE KEYS */;
INSERT INTO `colonia` VALUES (1,40,'La Finca','64000'),(2,40,'Monterrey Centro','64000'),(3,40,'Amway','64004'),(4,40,'Consulado General de los Estados Unidos de Norteamrica','64006'),(5,40,'Secretaria de Hacienda y Crdito Publico','64007'),(6,40,'Palacio de Gobierno Del Estado de Nuevo Leon','64009'),(7,40,'Obrera','64010'),(8,40,'Desarrollo Urbano Reforma','64018'),(9,40,'Nuevo Centro Monterrey','64018'),(10,40,'Condominios Constitucin','64019'),(11,40,'Mitras Sur','64020'),(12,40,'Gonzalitos','64020'),(13,40,'Lomas','64030'),(14,40,'Chepevera','64030'),(15,40,'Deportivo Obispado','64040'),(16,40,'Maria Luisa','64040'),(17,40,'Unidad Aldama','64040'),(18,40,'Exseminario','64049'),(19,40,'Jardn','64050'),(20,40,'Jardines del Cerro','64050'),(21,40,'Obispado','64060'),(22,40,'El Mirador Centro','64070'),(23,40,'San Bernabe','64100'),(24,40,'Privadas de Lincoln','64100'),(25,40,'Barrio Antiguo Cd. Solidaridad','64100'),(26,40,'Barrio San Carlos 1 Sector','64100'),(27,40,'Mirasol Sector 3 (San Felipe)','64102'),(28,40,'Las Plazas','64102'),(29,40,'Urbi Villa del Cedro 1er. Sector','64102'),(30,40,'Urbi Villa del Rey 2do Sector','64102'),(31,40,'Mirasol','64102'),(32,40,'Barrio Aztln','64102'),(33,40,'Barrio Santa Isabel','64102'),(34,40,'Barrio San Luis 1 Sector','64102'),(35,40,'Urbi Villa Bonita 1er. Sector 2da. Etapa','64102'),(36,40,'Barrio San Carlos 3 Sector','64102'),(37,40,'Barrio San Carlos 4 Sector','64102'),(38,40,'Urbi Villa del Cedro 2do Sector','64102'),(39,40,'Barrio San Pedro 2 Sector','64102'),(40,40,'Barrio Puerta del Sol','64102'),(41,40,'Arcos del Sol 1 Sector','64102'),(42,40,'Arcos del Sol 4 Sector','64102'),(43,40,'Barrio del Parque 1 Sector 1 Etapa','64102'),(44,40,'Barrio Estrella Norte y Sur','64102'),(45,40,'Arcos del Sol Elite','64102'),(46,40,'Barrio de La Industria','64102'),(47,40,'Barrio del Parque 2 Etapa','64102'),(48,40,'Barrio del Parque','64102'),(49,40,'Barrio Chapultepec Sur','64102'),(50,40,'Las Estaciones','64102'),(51,40,'Arcos del Sol 7 Sector','64102'),(52,40,'Barrio Alameda','64102'),(53,40,'Barrio San Pedro 1 Sector','64102'),(54,40,'Villas de San Bernabe','64102'),(55,40,'Arcos del Sol 2 Sector','64102'),(56,40,'Arcos del Sol 5 Sector','64102'),(57,40,'Barrio San Carlos 2 Sector','64102'),(58,40,'Barrio Mirasol II','64102'),(59,40,'Barrio Moderna','64102'),(60,40,'Barrio del Prado','64102'),(61,40,'Barrio Margaritas 1 Sector 1 Etapa','64102'),(62,40,'Arcos del Sol 3 Sector','64102'),(63,40,'Barrio San Luis 2 Sector','64102'),(64,40,'Barrio Topo Chico','64102'),(65,40,'Barrio Acero','64102'),(66,40,'Barrio Chapultepec Norte','64102'),(67,40,'Urbi Villa del Rey 1er. Sector','64102'),(68,40,'Estrella Sector Elite','64102'),(69,40,'Jardines del Rey','64102'),(70,40,'Barrio Margaritas 1 Sector 2 Etapa','64102'),(71,40,'La Alianza P-128','64103'),(72,40,'Las Fuentes (P-53, 54, 134)','64103'),(73,40,'San Rodolfo I (P- 89, 139)','64103'),(74,40,'Hermenegildo Galeana','64103'),(75,40,'Jose Maria Pino Surez','64103'),(76,40,'Jernimo Trevio (P-35)','64103'),(77,40,'Santa Ana (P- 63)','64103'),(78,40,'El Palmar (P-96, 141)','64103'),(79,40,'La Alianza Trazo Rosario (P- 90)','64103'),(80,40,'La Alianza Sector O (P-67)','64103'),(81,40,'La Alianza Sector R (P-8-9)','64103'),(82,40,'Los Angeles (P-49, 50, 133)','64103'),(83,40,'Ignacio Manuel Altamirano','64103'),(84,40,'Valle de la Esperanza','64103'),(85,40,'San Gabriel','64103'),(86,40,'Urbi Villa Colonial','64103'),(87,40,'La Alianza Sector B','64103'),(88,40,'La Alianza Sector I (P-58,68)','64103'),(89,40,'La Alianza Sector J (P-79,137,87)','64103'),(90,40,'La Alianza Sector K (P-43,51)','64103'),(91,40,'La Alianza Sector V (P-68)','64103'),(92,40,'Periodistas de Mxico 1 Etapa','64103'),(93,40,'Balcones de San Bernab','64103'),(94,40,'Villas del Carmen','64103'),(95,40,'Josefa Ortiz de Dominguez','64103'),(96,40,'Madero','64103'),(97,40,'Prof. Miguel Ramos Arizpe','64103'),(98,40,'Valles de San Bernab III','64103'),(99,40,'Los Nogales I y II (P-98, 109)','64103'),(100,40,'Arboledas de San Bernabe','64103'),(101,40,'Ampliacin Nogales (P-87)','64103'),(102,40,'La Alianza Trazo de A (P-28)','64103'),(103,40,'Villas de San Sebastin','64103'),(104,40,'San David I (P- 33)','64103'),(105,40,'Eugenio Garza Sada','64103'),(106,40,'Martn de Zavala (P-34)','64103'),(107,40,'San Antonio (P-37)','64103'),(108,40,'Las Torres','64103'),(109,40,'La Alianza Sector M (P-61)','64103'),(110,40,'La Alianza Sector Q (P-90)','64103'),(111,40,'Homero Lpez Ortiz','64103'),(112,40,'Villas de San Agustn','64103'),(113,40,'Aniceto Corpus (P-60)','64103'),(114,40,'Diego de Montemayor','64103'),(115,40,'Fray Servando Teresa de Mier','64103'),(116,40,'La Alianza Trazo Marco (P- 52)','64103'),(117,40,'Valles de San Bernab','64103'),(118,40,'San Pedro (P-72, 76, 736)','64103'),(119,40,'La Alianza Trazo Barrn (P- 93)','64103'),(120,40,'Jardines de La Alianza','64103'),(121,40,'La Alianza Sector L (P-107)','64103'),(122,40,'La Alianza Sector P (P-88)','64103'),(123,40,'La Alianza Sector S (P-28)','64103'),(124,40,'Prados San Bernab','64103'),(125,40,'La Alianza Sector C','64103'),(126,40,'Ignacio Altamirano','64103'),(127,40,'Aniceto Corpus II','64103'),(128,40,'Cuauhtmoc','64103'),(129,40,'Jose Maria Morelos','64103'),(130,40,'La Alianza Trazo Mao (P- 46)','64103'),(131,40,'Los Nogales III (P-102)','64103'),(132,40,'Portales de Valles de San Bernab','64103'),(133,40,'Ing J. M. Maldonado T. (P-11, 19, 22, 23)','64103'),(134,40,'La Alianza Sector F (P-142)','64103'),(135,40,'Paseo de San Bernab','64103'),(136,40,'Villas de La Alianza','64103'),(137,40,'Comercial Lincoln Poniente','64103'),(138,40,'Rmulo Lozano Morales','64103'),(139,40,'Lorenzo Garza (P-1)','64103'),(140,40,'Alfonso Reyes (P-38)','64103'),(141,40,'Arboledas de Escobedo (P-44)','64103'),(142,40,'Cerradas del Poniente','64103'),(143,40,'La Alianza Sector D (P-94)','64103'),(144,40,'La Alianza Sector E (P-47,48)','64103'),(145,40,'La Alianza Sector H (P-140,192)','64103'),(146,40,'La Alianza Sector T (P-24)','64103'),(147,40,'Venustiano Carranza','64103'),(148,40,'Vicente Surez','64103'),(149,40,'San Isidro (P-108)','64103'),(150,40,'La Alianza Sector N (P-71,74)','64103'),(151,40,'Misin San Bernab','64103'),(152,40,'La Alianza Trazo Marcelino (P-130)','64103'),(153,40,'Meja Barrn','64103'),(154,40,'Periodistas','64103'),(155,40,'Unin Antorchista','64103'),(156,40,'San Bernab II (F-120)','64104'),(157,40,'San Bernab III','64104'),(158,40,'San Bernab IV (F-124)','64104'),(159,40,'Ampliacin Villa Bonita','64105'),(160,40,'San Bernab XII (F-115)','64105'),(161,40,'San Bernab IX  (F-112)','64105'),(162,40,'Villa Bonita 1 Sector','64105'),(163,40,'Fomerrey 114','64105'),(164,40,'San Bernab X (F-113)','64105'),(165,40,'San Bernab XIV (F-109)','64106'),(166,40,'San Bernab XV (F-119)','64106'),(167,40,'Fomerrey 110','64106'),(168,40,'San Bernab XIII (F-116)','64106'),(169,40,'Colina de San Bernab (F-25)','64107'),(170,40,'Plutarco Elias Calles 1 - 2','64108'),(171,40,'San Bernab (F-105)','64109'),(172,40,'3 de Febrero','64109'),(173,40,'San Bernab (F-51)','64109'),(174,40,'Misin Lincoln 2 Sector','64110'),(175,40,'Misin Lincoln 3 Sector','64110'),(176,40,'Misin Lincoln 1 Sector','64110'),(177,40,'Madre Selva','64110'),(178,40,'Lomas de Cumbres 1 Sector','64116'),(179,40,'Cumbre Alta','64116'),(180,40,'Villa Cumbres 1 Sector','64116'),(181,40,'Villa de Cumbres 2 Sector','64116'),(182,40,'Lomas de Cumbres 2 Sector','64116'),(183,40,'Balcones de Las Mitras 2 Sector','64117'),(184,40,'Lomas de Villa Alegre','64117'),(185,40,'Balcones de las Mitras','64117'),(186,40,'Colinas de Valle Verde','64117'),(187,40,'Valle Verde 2 Sector','64117'),(188,40,'Balcones de Las Mitras 1 S. 1 Etapa','64117'),(189,40,'Colinas de Valle Verde 3 Sector','64117'),(190,40,'Paseo de las Mitras','64118'),(191,40,'Fidel Velzquez (S. N. A. T.)','64119'),(192,40,'Loma Linda','64120'),(193,40,'Villa Alegre','64130'),(194,40,'Valle de Santa Lucia (Granja Sanitaria)','64140'),(195,40,'Unidad Modelo','64140'),(196,40,'Lomas Modelo 2 Sector','64140'),(197,40,'Lomas Modelo','64140'),(198,40,'Paso del guila','64145'),(199,40,'Genaro Rojas Vzquez','64148'),(200,40,'lvaro Obregn','64150'),(201,40,'Villa Santa Cecilia','64150'),(202,40,'Santa Cecilia','64150'),(203,40,'Rincn Santa Cecilia','64157'),(204,40,'Valle Santa Cecilia','64157'),(205,40,'Lomas de Santa Cecilia','64158'),(206,40,'Mitra Dorada','64159'),(207,40,'Lomas Modelo Norte','64159'),(208,40,'Cerritos Modelo (F-76)','64159'),(209,40,'Nueva Modelo (F-8)','64160'),(210,40,'Jardn Modelo','64160'),(211,40,'16 de Septiembre','64160'),(212,40,'Nueva Galicia','64160'),(213,40,'15 de Marzo','64160'),(214,40,'Santa Cruz (F- 10)','64160'),(215,40,'Esperanza o Pea Elizondo','64160'),(216,40,'Residencial Ral Rangel Fras','64165'),(217,40,'Casa Sol','64165'),(218,40,'Unin de Fierreros','64165'),(219,40,'Aztln','64166'),(220,40,'Lomas de La Unidad Modelo','64167'),(221,40,'Abelardo Zapata','64168'),(222,40,'Condocasa Mitras','64170'),(223,40,'Felipe Angeles','64170'),(224,40,'San Francisco de Ass','64170'),(225,40,'Villa Mitras','64170'),(226,40,'Borton','64178'),(227,40,'Del Maestro','64180'),(228,40,'Torres Pravia','64180'),(229,40,'Nueva Morelos','64180'),(230,40,'Morelos','64180'),(231,40,'Privada Cumbres','64180'),(232,40,'Valle Morelos','64180'),(233,40,'5 de Mayo','64186'),(234,40,'Central','64190'),(235,40,'C. R. O. C.','64200'),(236,40,'CROC Infonavit','64200'),(237,40,'Valle de San Martn (F-24)','64204'),(238,40,'Lomas de Topo Chico','64205'),(239,40,'El Porvenir','64206'),(240,40,'Laderas del Topo Chico (F-23)','64206'),(241,40,'Conquistadores','64208'),(242,40,'Tierra Propia (F-35)','64209'),(243,40,'7 de Noviembre (F-82)','64210'),(244,40,'San Martn','64210'),(245,40,'Dif (F-15)','64210'),(246,40,'Fomerrey 1','64210'),(247,40,'Fomerrey 10','64210'),(248,40,'Articulo 27 (F-96)','64210'),(249,40,'Libertadores de Amrica','64215'),(250,40,'Ren lvarez','64215'),(251,40,'Balcones de Aztln','64215'),(252,40,'23 de Marzo','64215'),(253,40,'San Bernab VIII (F-125)','64217'),(254,40,'Pepenadores (F-87)','64217'),(255,40,'PROVILEON San Bernab','64217'),(256,40,'Popular','64217'),(257,40,'Municipal Ampliacin','64218'),(258,40,'Benito Jurez (Tiraderos de Basura)','64218'),(259,40,'Felipe Zambrano','64219'),(260,40,'Gloria Mendiola (Tierra Propia)','64219'),(261,40,'Lomas de San Martn','64220'),(262,40,'1 de Mayo (F-97)','64220'),(263,40,'5 de Mayo (F-93)','64225'),(264,40,'La Amistad','64226'),(265,40,'Villa San ngel Topo Chico','64227'),(266,40,'Francisco Villa','64228'),(267,40,'19 de Abril','64229'),(268,40,'Oscar Herrera Hosking','64229'),(269,40,'San ngel (F-78)','64230'),(270,40,'Fray Servando Teresa de Mier (F-6)','64233'),(271,40,'18 de Febrero','64234'),(272,40,'Las Pedreras (F-106)','64235'),(273,40,'Unidad Del Pueblo','64235'),(274,40,'Las Pedreras Ampliacin (F-116)','64235'),(275,40,'Tierra y Libertad Sector Heroico','64236'),(276,40,'La Esperanza (Tierra Propia)','64237'),(277,40,'Fomerrey Sector Poniente','64237'),(278,40,'Predio Zapata','64238'),(279,40,'Los Dorados','64240'),(280,40,'Moctezuma','64240'),(281,40,'Francisco Gonzlez Bocanegra','64240'),(282,40,'Rafael Buelna','64240'),(283,40,'Martires de San Cosme','64240'),(284,40,'21 de Marzo 2 Sector','64240'),(285,40,'Tierra y Libertad Sector Sur','64244'),(286,40,'Cnop','64245'),(287,40,'Tierra y Libertad Sector Centro','64246'),(288,40,'Plan de San Luis','64247'),(289,40,'Madero','64248'),(290,40,'Tierra y Libertad Sector Norte','64249'),(291,40,'Unidad Reforma Urbana','64249'),(292,40,'Pablo Gonzlez','64250'),(293,40,'Josefa Ortiz de Dominguez','64250'),(294,40,'Loma Bonita','64250'),(295,40,'Ferrocarrilera','64250'),(296,40,'Valle del Topo Chico 6 Sector','64250'),(297,40,'Residencial Aztln','64250'),(298,40,'Unin Benito Garza Cant','64250'),(299,40,'Flores Magn 3 Sector','64250'),(300,40,'Loma Bonita 2 Sector','64250'),(301,40,'Carmen Serdan','64258'),(302,40,'Valle del Topo Chico','64259'),(303,40,'Constituyentes del 57','64260'),(304,40,'Luis Echeverra (F-75)','64260'),(305,40,'Hogares Ferrocarrileros Infonavit','64260'),(306,40,'Kennedy','64260'),(307,40,'Lomas de Anhuac','64260'),(308,40,'Nogales Topo Chico','64260'),(309,40,'Monterrey Conjunto Habitacional','64260'),(310,40,'Hroe de Nacozari','64260'),(311,40,'Hogares Ferrocarrileros','64260'),(312,40,'Topo Chico','64260'),(313,40,'La Meseta','64264'),(314,40,'Avila Camacho','64265'),(315,40,'Unin Benito Jurez','64265'),(316,40,'Cndido Daz','64265'),(317,40,'Belisario Domnguez','64266'),(318,40,'Nueva Topo Chico','64266'),(319,40,'Unin Cuauhtmoc','64268'),(320,40,'Divisin del Norte','64268'),(321,40,'4 de Diciembre','64268'),(322,40,'Primero de Junio','64268'),(323,40,'10 de Junio','64268'),(324,40,'Lzaro Crdenas','64269'),(325,40,'Santa Fe Nor Poniente','64270'),(326,40,'Simn Bolvar','64270'),(327,40,'Plaza Insurgentes','64270'),(328,40,'San Jos','64270'),(329,40,'Narciso Mendoza','64280'),(330,40,'Bernardo Reyes','64280'),(331,40,'Nio Artillero','64280'),(332,40,'Pueblo Quieto','64280'),(333,40,'Hidalgo','64290'),(334,40,'Popular','64290'),(335,40,'Regina','64290'),(336,40,'Predio Estrella','64299'),(337,40,'AKRA','64299'),(338,40,'Industrial','64299'),(339,40,'Jardn de las Mitras','64300'),(340,40,'Valle de las Mitras','64300'),(341,40,'Torres Lincoln','64310'),(342,40,'Premier Lincoln','64310'),(343,40,'Residencial Abraham Lincoln','64310'),(344,40,'Industrial Abraham Lincoln','64310'),(345,40,'Mitras Norte','64320'),(346,40,'Francisco Garca Naranjo (INDECO)','64330'),(347,40,'Francisco Garca Naranjo (PROVILEON)','64330'),(348,40,'San Jorge','64330'),(349,40,'Valle Verde 3er Sector','64339'),(350,40,'Valle Verde 4to Sector','64339'),(351,40,'Cumbres Platino','64340'),(352,40,'Cumbres Elite Sector Villas','64340'),(353,40,'Privadas de Cumbres','64340'),(354,40,'Hacienda Mitras 4 Sector','64340'),(355,40,'Hacienda Mitras 1 Etapa','64340'),(356,40,'Cumbres Elite Sector La Hacienda','64340'),(357,40,'Cumbres Le Fontaine','64340'),(358,40,'Hacienda Mitras 2 Etapa','64340'),(359,40,'Hacienda Mitras','64340'),(360,40,'Pedregal Cumbres 3-4  Sector','64344'),(361,40,'Pedregal Cumbres 1 Sector','64344'),(362,40,'Pedregal Cumbres 2 Sector','64344'),(363,40,'Cumbre Allegro','64345'),(364,40,'Cumbres Renacimiento','64346'),(365,40,'Cumbres Rodeo','64346'),(366,40,'Privada Cumbres Diamante','64346'),(367,40,'Cumbres del Sol Etapa 2','64346'),(368,40,'Cumbres Providencia','64346'),(369,40,'Cumbres San ngel','64346'),(370,40,'Hacienda Santa Clara','64346'),(371,40,'Cumbres San Agustn','64346'),(372,40,'Mirador de Las Mitras 4 Sector 1 Etapa','64346'),(373,40,'Mirador de Las Mitras 3 Sector','64346'),(374,40,'Real de Cumbres','64346'),(375,40,'Paseo de Cumbres','64346'),(376,40,'Mirador de Las Mitras 2 Sector','64346'),(377,40,'Cima del Bosque','64346'),(378,40,'Portal de San Antonio 1 Sector 1 Etapa','64347'),(379,40,'Valle de las Cumbres','64347'),(380,40,'Cumbres Oro Residencial','64347'),(381,40,'Misin Cumbres 2 Sector','64347'),(382,40,'Portal de Cumbres 1 Sector 3a Etapa','64347'),(383,40,'Valle de Las Cumbres 2 Sector','64347'),(384,40,'Cumbres Oro Sector Regency','64347'),(385,40,'Portal de Cumbres 2 Sector 1 Etapa','64347'),(386,40,'Jardines de las Cumbres','64347'),(387,40,'Portal de Cumbres 2 Sector 2 Etapa','64347'),(388,40,'Cumbres Quinta Real','64347'),(389,40,'Mirador de Las Mitras 4 Sector 2 Etapa','64347'),(390,40,'Portal de Cumbres 3 Sector','64347'),(391,40,'Mirador de las Mitras','64348'),(392,40,'Portal de Cumbres','64348'),(393,40,'Misin de las Cumbres','64348'),(394,40,'Cumbres Elite','64349'),(395,40,'Puerta de Hierro','64349'),(396,40,'Privadas Cumbres Elite','64349'),(397,40,'Cerradas de Cumbres','64349'),(398,40,'Los Almendros','64349'),(399,40,'Cumbres Madeira','64349'),(400,40,'Cumbres las Palmas','64349'),(401,40,'Cumbres Santa Clara','64349'),(402,40,'Colonial Cumbres','64349'),(403,40,'Cumbres Callejuelas 1 Sector','64349'),(404,40,'Valle de INFONAVIT VI Sector','64350'),(405,40,'Valle del INFONAVIT San Bernab 1-B','64350'),(406,40,'Valle de INFONAVIT I Sector','64350'),(407,40,'Valle de INFONAVIT IV Sector','64350'),(408,40,'Valle de INFONAVIT V Sector','64350'),(409,40,'Valle de INFONAVIT III Sector','64350'),(410,40,'Valle de INFONAVIT II Sector','64350'),(411,40,'Valle Verde 1 Sector','64360'),(412,40,'Villa Dorada','64360'),(413,40,'Cumbres Campanario','64360'),(414,40,'Patronato Cruz Verde','64365'),(415,40,'Condocasas Cumbres','64366'),(416,40,'Cima de las Cumbres','64366'),(417,40,'Cumbrescondido','64366'),(418,40,'Villa Dorada (Manzana 18-24)','64366'),(419,40,'Cumbres Sector La Esperanza','64367'),(420,40,'La Esperanza','64367'),(421,40,'La Escondida Centro Urbano','64367'),(422,40,'Rincn de las Cumbres','64368'),(423,40,'Valle de los Cedros','64369'),(424,40,'Los Cedros','64370'),(425,40,'Los Altos','64370'),(426,40,'Burcratas Federales','64380'),(427,40,'Adolfo Lopez Mateos','64380'),(428,40,'Burcratas del Estado','64380'),(429,40,'Zapata','64390'),(430,40,'Antonio I. Villarreal','64390'),(431,40,'UH.Lzaro Crdenas','64390'),(432,40,'Estrella','64400'),(433,40,'Del Prado','64410'),(434,40,'Bella Vista','64410'),(435,40,'Pedro Lozano','64420'),(436,40,'Jurez','64420'),(437,40,'Progreso','64420'),(438,40,'Garza Nieto','64420'),(439,40,'Heriberto Jara','64429'),(440,40,'Urdiales','64430'),(441,40,'Ferrocarrilero (Predio 21)','64440'),(442,40,'Industrial','64440'),(443,40,'Cervecera Cuauhtmoc Sa','64442'),(444,40,'15 de Mayo (Larralde)','64450'),(445,40,'Tijerina','64460'),(446,40,'Mitras Centro','64460'),(447,40,'Obrerista','64470'),(448,40,'Talleres','64480'),(449,40,'10 de Marzo','64488'),(450,40,'Rubn Jaramillo','64489'),(451,40,'Sarabia','64490'),(452,40,'Del Norte','64500'),(453,40,'Residencial Vidriera','64508'),(454,40,'Unin Mariano Escobedo','64510'),(455,40,'Mariano Escobedo','64510'),(456,40,'Juana de Arco','64510'),(457,40,'Coyoacn','64510'),(458,40,'Industrial Benito Jurez','64517'),(459,40,'Centrika 2 Sector','64520'),(460,40,'Centrika Victoria','64520'),(461,40,'Centrika del Lago','64520'),(462,40,'Cementos','64520'),(463,40,'Vidriera','64520'),(464,40,'Centrika 1 Sector 1a. Etapa','64520'),(465,40,'Victoria','64520'),(466,40,'Centrika Crisoles','64520'),(467,40,'Las Flores','64530'),(468,40,'Moderna','64530'),(469,40,'Madero Norte','64530'),(470,40,'Jardines de la Moderna','64536'),(471,40,'Parque Industrial Regiomontano','64540'),(472,40,'Villas de Linda Vista','64540'),(473,40,'Fontanares Churubusco Sur','64540'),(474,40,'Los Fresnos','64540'),(475,40,'Santa Fe','64540'),(476,40,'Del Vidrio','64540'),(477,40,'Argentina (Unin F. Balero Snchez)','64550'),(478,40,'Martnez','64550'),(479,40,'Reforma','64550'),(480,40,'Privada Pinos','64550'),(481,40,'Privada Pinos 1 Sector','64550'),(482,40,'Privada Pinos 3er Sector','64550'),(483,40,'Fabriles','64550'),(484,40,'Asarco','64550'),(485,40,'Cant','64550'),(486,40,'Tampico','64550'),(487,40,'Argentina','64550'),(488,40,'U.C. Martnez','64550'),(489,40,'Jardines de Churubusco','64550'),(490,40,'Francisco I Madero','64560'),(491,40,'Nueva Madero','64560'),(492,40,'Venustiano Carranza','64560'),(493,40,'Almaguer','64568'),(494,40,'Trevio','64570'),(495,40,'Vidriera Monterrey Sa','64571'),(496,40,'Modelo','64580'),(497,40,'Pablo A. de la Garza','64580'),(498,40,'Terminal','64580'),(499,40,'Acero','64580'),(500,40,'Agrcola','64590'),(501,40,'lamos Corregidora','64590'),(502,40,'Agrcola Acero','64590'),(503,40,'Churubusco','64590'),(504,40,'Fierro','64590'),(505,40,'Leones','64600'),(506,40,'Urdiales (F-58)','64600'),(507,40,'Las Cumbres 1 Sector','64610'),(508,40,'Las Cumbres 3 Sector','64610'),(509,40,'Las Cumbres 2 Sector','64610'),(510,40,'Llave de Oro','64618'),(511,40,'Cumbres Mediterrneo','64619'),(512,40,'Bosques de las Cumbres','64619'),(513,40,'Las Cumbres','64619'),(514,40,'Las Cumbres 71 HAS','64619'),(515,40,'Residencial Cumbres','64619'),(516,40,'Cumbres Paraso','64619'),(517,40,'Colinas de las Cumbres','64619'),(518,40,'Vista Hermosa','64620'),(519,40,'Balcones de Galerias','64623'),(520,40,'Colinas de San Jernimo','64630'),(521,40,'San Jemo 1 Sector','64630'),(522,40,'Jardines de San Jernimo 1 Sector','64632'),(523,40,'Jardines de San Jernimo 2 Sector','64632'),(524,40,'San Jemo Sector Tesoro','64633'),(525,40,'Rincn de las Colinas','64633'),(526,40,'Colinas de San Jernimo 11 Sector','64633'),(527,40,'Colinas de San Jernimo 4 Sector','64633'),(528,40,'Colinas de San Jernimo 1 Sector','64633'),(529,40,'San Jemo 2 Sector','64633'),(530,40,'San Jemo Sector Cumbres','64633'),(531,40,'Villas de San Jernimo','64634'),(532,40,'Colinas de Liverpool','64634'),(533,40,'Colinas de San Jernimo 2 Sector 1 Etapa','64634'),(534,40,'Valle de San Jernimo 2 Sector','64634'),(535,40,'Valle de San Jernimo','64634'),(536,40,'Colonial San Francisco','64634'),(537,40,'Prados de San Jernimo','64634'),(538,40,'Colinas de San Jernimo','64634'),(539,40,'Real de San Jernimo','64634'),(540,40,'Colinas de San Jernimo 7 Sector','64634'),(541,40,'Colonial San Jernimo 2 Sector 1 Etapa','64634'),(542,40,'La Vereda Privada Residencial','64634'),(543,40,'Lomas de San Jernimo','64634'),(544,40,'Colonial San Jernimo 1 Sector','64634'),(545,40,'Residencial San Jernimo II','64635'),(546,40,'Colinas Diamante','64635'),(547,40,'Colinas de San Jernimo 9 Sector','64636'),(548,40,'Colinas de San Jernimo 10 Sector','64636'),(549,40,'Colinas de San Jernimo Sector Lomas','64636'),(550,40,'Misin de San Jernimo','64636'),(551,40,'Rincn de San Jemo','64637'),(552,40,'Hacienda San Jernimo','64637'),(553,40,'Colinas de San Jernimo Sector Panorama 2 Sector','64637'),(554,40,'San Jemo 4 Sector Ampliacin','64637'),(555,40,'Villas de San Jernimo','64637'),(556,40,'Rincn de San Jernimo','64637'),(557,40,'Colinas de San Jernimo 3 Sector','64637'),(558,40,'Riveras de San Jernimo','64637'),(559,40,'San Jemo 4 Sector Panorama','64637'),(560,40,'Colinas de San Jernimo 2 Sector','64637'),(561,40,'Colinas de San Gerardo','64638'),(562,40,'Balcones de Colinas de San Jernimo','64638'),(563,40,'Las Lajas','64638'),(564,40,'Residencial Dinasta','64639'),(565,40,'Colinas de San Jernimo 6 Sector','64639'),(566,40,'Residencial las Colinas','64639'),(567,40,'Colinas de San Jernimo 5 Sector','64639'),(568,40,'Colinas de San Jernimo 8 Sector','64639'),(569,40,'San Jemo 3 Sector','64639'),(570,40,'San Jernimo','64640'),(571,40,'Residencial Galeras','64649'),(572,40,'Colinas del Valle 1 Sector','64650'),(573,40,'La Escondida','64650'),(574,40,'Rincn de Santa Mara','64650'),(575,40,'Colinas del Valle 2 Sector','64650'),(576,40,'Cooperativa Cuauhtmoc','64650'),(577,40,'Santa Mara','64650'),(578,40,'Cumbres del Valle','64650'),(579,40,'Sendero San Jernimo','64659'),(580,40,'Rincn del Valle','64660'),(581,40,'Miravalle','64660'),(582,40,'Roma Sur','64700'),(583,40,'Nuevo Repueblo','64700'),(584,40,'Roma','64700'),(585,40,'Tecnolgico','64700'),(586,40,'Balcones del Carmen','64710'),(587,40,'Nuevas Colonias','64710'),(588,40,'Unin Francisco I Madero','64710'),(589,40,'Comercial Ampliacin Doctores','64710'),(590,40,'Loma Larga','64710'),(591,40,'Del Carmen','64710'),(592,40,'Los Doctores','64710'),(593,40,'Lomas de San Francisco','64710'),(594,40,'Po X','64710'),(595,40,'Hacienda San Francisco','64710'),(596,40,'El Maguey','64710'),(597,40,'Los Magueyes','64715'),(598,40,'Loma Larga','64715'),(599,40,'Sertoma','64718'),(600,40,'Unin Miguel Barrera','64720'),(601,40,'Centro','64720'),(602,40,'Independencia','64720'),(603,40,'Benito Jurez (F-96)','64720'),(604,40,'Ancira','64720'),(605,40,'Unin de Colonos A Reyes','64720'),(606,40,'Unin Francisco Zarco','64723'),(607,40,'Predio Francisco Zarco','64723'),(608,40,'Unin Luis Echeverra','64723'),(609,40,'Unin J. Carlos Camacho','64723'),(610,40,'Unin Loma Larga','64723'),(611,40,'Arturo B. de la Garza','64730'),(612,40,'Amrica No 2','64730'),(613,40,'Tanque de Guadalupe','64730'),(614,40,'Alfonso Reyes','64730'),(615,40,'La Pedrera','64730'),(616,40,'Roma Privada','64740'),(617,40,'Las Retamas','64740'),(618,40,'Jardines Roma','64740'),(619,40,'Arroyo Seco','64740'),(620,40,'Mxico','64740'),(621,40,'Altavista Sur','64740'),(622,40,'Altamira','64750'),(623,40,'Altamira (Manz 20)','64750'),(624,40,'Las Canteras','64750'),(625,40,'Luis Echeverra Sur','64750'),(626,40,'La Boquilla','64750'),(627,40,'Haciendas de La Sierra','64750'),(628,40,'Valle del Mirador','64750'),(629,40,'Privanzas 5 Sector','64753'),(630,40,'Los Angeles','64753'),(631,40,'Las Privanzas 6 Sector','64753'),(632,40,'Alfareros','64753'),(633,40,'Jardn de las Torres','64754'),(634,40,'Jardn de Las Torres 2 Sector','64754'),(635,40,'Jardn de Las Torres 1er Sector','64754'),(636,40,'Burcratas Municipales 4 Sector','64760'),(637,40,'Ruz Cortines','64760'),(638,40,'Cerro de la Campana','64760'),(639,40,'15 de Septiembre','64760'),(640,40,'Martnez Domnguez A. Unin ( La Campana )','64760'),(641,40,'Desarrollo Las Torres 91','64760'),(642,40,'Unin El Rinconcito','64760'),(643,40,'Los Rosales','64764'),(644,40,'Valparaso','64764'),(645,40,'Laderas del Mirador (F-XXI)','64765'),(646,40,'Antigua','64765'),(647,40,'De las Flores','64765'),(648,40,'Burcratas Municipales 1 Sector','64769'),(649,40,'Altavista Lomas','64770'),(650,40,'Altavista Invernadero','64770'),(651,40,'Villa los Pinos','64770'),(652,40,'Alta Vista Sur Sector Lomas','64770'),(653,40,'Balcones de Altavista 2 Sector','64770'),(654,40,'Balcones de Altavista','64770'),(655,40,'Las Brisas','64780'),(656,40,'Mrtires de Tlatelolco','64780'),(657,40,'18 de Marzo','64780'),(658,40,'Brisas La Punta','64780'),(659,40,'Mas Palomas (Valle de Santiago)','64780'),(660,40,'13 de Junio','64780'),(661,40,'Sierra Ventana','64780'),(662,40,'Brisas Diamante','64780'),(663,40,'25 de Marzo (Sierra Ventana)','64783'),(664,40,'Sierra Ventana (Revolucin Proletaria)','64788'),(665,40,'Valle de las Brisas','64790'),(666,40,'Balcones del Mirador','64790'),(667,40,'Valle del Marquez','64790'),(668,40,'Torres Brisas','64790'),(669,40,'Paseos del Marquez','64798'),(670,40,'Buenos Aires','64800'),(671,40,'Buenos Aires','64800'),(672,40,'Cerro de la Silla','64810'),(673,40,'Espaa','64810'),(674,40,'Caracol','64810'),(675,40,'Residencial La Florida','64810'),(676,40,'La Florida','64810'),(677,40,'Plaza Revolucin','64810'),(678,40,'Villa Florida','64810'),(679,40,'Ex Hacienda el Ancn','64820'),(680,40,'Valle del Huajuco','64820'),(681,40,'Ancn del Huajuco','64820'),(682,40,'Nueva Espaola','64820'),(683,40,'Jardn Espaol','64820'),(684,40,'Residencial La Espaola','64820'),(685,40,'El Realito','64820'),(686,40,'Plaza Chapultepec','64820'),(687,40,'L. T. H','64830'),(688,40,'Estadio 2 Sector','64830'),(689,40,'La Primavera 3 Sector','64830'),(690,40,'Narvarte','64830'),(691,40,'Ladrillera','64830'),(692,40,'La Primavera 1 Sector','64830'),(693,40,'La Primavera 2o Sect','64830'),(694,40,'Estadio','64830'),(695,40,'Valle Primavera','64833'),(696,40,'Rincn de La Primavera 3 Sector','64834'),(697,40,'Rincn de la Primavera 1 Sector','64834'),(698,40,'Rincn de La Primavera 2 Sector','64834'),(699,40,'Industrial Comercial','64836'),(700,40,'Nueva Espaa','64840'),(701,40,'Altavista','64840'),(702,40,'Rincn de Altavista','64844'),(703,40,'Jardines de Altavista Norte','64844'),(704,40,'Contry Lux','64845'),(705,40,'Jardines de Altavista','64846'),(706,40,'Instituto Tecnolgico de Estudios Superiores de Monterrey','64849'),(707,40,'Torremolinos','64850'),(708,40,'Villa del Ro','64850'),(709,40,'Contry Tesoro','64850'),(710,40,'Balcones de Satlite','64858'),(711,40,'Privadas del Ro','64858'),(712,40,'Contry los Naranjos','64858'),(713,40,'Contry San Juanito','64859'),(714,40,'Pirul','64860'),(715,40,'Colonial La Silla','64860'),(716,40,'Rincn del Contry','64860'),(717,40,'Contry los Estanques','64860'),(718,40,'Villas de Lux','64860'),(719,40,'Jardines del Contry','64860'),(720,40,'Paseo del Contry','64860'),(721,40,'Contry','64860'),(722,40,'Contry Los Nogales','64865'),(723,40,'Los Remates','64878'),(724,40,'San ngel','64878'),(725,40,'Unin Canoas ngel Sur','64878'),(726,40,'La Condesa','64880'),(727,40,'Privadas del Sur','64890'),(728,40,'Residencial y Club de Golf la Herradura Etapa B','64890'),(729,40,'Cortijo del Ro 3 Sector','64890'),(730,40,'Cortijo del Ro 1 Sector','64890'),(731,40,'Lagos del Bosque','64890'),(732,40,'Residencial la Hacienda','64890'),(733,40,'Villa Las Fuentes 1 Sector','64890'),(734,40,'Villa Las Fuentes','64890'),(735,40,'Privadas de la Silla','64890'),(736,40,'Cortijo del Ro 4 Sector','64890'),(737,40,'Residencial y Club de Golf La Herradura Etapa A','64890'),(738,40,'Villa Las Fuentes 5 Sector 2 Etapa','64893'),(739,40,'Villa Las Fuentes 4-5 Sector','64893'),(740,40,'Villa Las Fuentes 4 Sector','64893'),(741,40,'Villa Las Fuentes 5 Sector 1 Etapa','64893'),(742,40,'Privadas del Pedregal','64893'),(743,40,'Villa Las Fuentes 5 Sector 3 Etapa','64893'),(744,40,'Villa de las Fuentes 7 Sector','64893'),(745,40,'Palmares Residencial','64897'),(746,40,'Villas de La Hacienda','64898'),(747,40,'Residencial Vistalta','64898'),(748,40,'Santa Sofia','64898'),(749,40,'Pedregal de la Silla','64898'),(750,40,'Prados de la Silla 1 Sector','64898'),(751,40,'Cortijo del Ro Sector La Silla','64899'),(752,40,'Jardines del Paseo 3 Sector','64900'),(753,40,'Jardines del Paseo 1 Sector','64900'),(754,40,'Del Paseo Residencia 5 B','64900'),(755,40,'Jardines del Paseo 2 Sector','64900'),(756,40,'Del Paseo Residencial 5 A','64900'),(757,40,'Del Paseo Residencial 5 Sector','64900'),(758,40,'Rincn del Paseo 2 Sector','64900'),(759,40,'La Repblica','64900'),(760,40,'Del Paseo Residencial 6 Sector','64909'),(761,40,'Empleados SFEO','64909'),(762,40,'Lomas de Montecristo','64909'),(763,40,'Del Paseo Residencial 7 Sector','64909'),(764,40,'Mirador','64910'),(765,40,'Del Paseo Residencial','64920'),(766,40,'Las Torres 2 Sector','64920'),(767,40,'Del Paseo Residencial 3 Sector','64920'),(768,40,'Del Paseo Residencial 2 Sector','64920'),(769,40,'Del Paseo Residencial 4 Sector','64920'),(770,40,'Lomas del Paseo 2 Sector','64925'),(771,40,'Privadas del Paseo','64925'),(772,40,'Lomas del Paseo 3 Sector A','64925'),(773,40,'Lomas del Paseo 1 Sector','64925'),(774,40,'Renacimiento 1, 2, 3, 4 Sector','64925'),(775,40,'Lomas del Paseo 3 Sector B','64925'),(776,40,'Privada Fundadores 1 Sector','64926'),(777,40,'Las Torres','64930'),(778,40,'Eduardo A. Elizondo','64940'),(779,40,'Villa Sol','64949'),(780,40,'Torres de Satlite','64950'),(781,40,'Ciudad Satlite 4 Sector','64950'),(782,40,'Ciudad Satlite','64960'),(783,40,'Satlite 6 Sector Acueducto','64968'),(784,40,'Satlite Miradores 2 Etapa','64968'),(785,40,'Colinas del Sur','64968'),(786,40,'Satlite Miradores 1er Sector','64968'),(787,40,'Ciudad Satlite 5 Sector','64969'),(788,40,'Contry Sur','64969'),(789,40,'Lomas de Satlite','64969'),(790,40,'Campestre Mederos','64970'),(791,40,'Privada Villalta Residencial','64978'),(792,40,'Lomas Mederos','64978'),(793,40,'Caada del Sur A. C.','64979'),(794,40,'Balcones de Mederos','64979'),(795,40,'Bosques de Satlite','64979'),(796,40,'Valle de Bosquencinos 1era. Etapa','64979'),(797,40,'Satlite Acueducto 7 Sector','64979'),(798,40,'Satlite 6 Sector Acueducto 2 Etapa','64979'),(799,40,'Ciudad Satlite 3 Sector','64979'),(800,40,'Rincn Colonial Mederos','64979'),(801,40,'Valle de Bosquecinos 2da Etapa','64979'),(802,40,'Coto San Carlos','64979'),(803,40,'Residencial Mederos','64979'),(804,40,'Bosquencinos 1er, 2da y 3ra Etapa','64979'),(805,40,'El Pinito','64980'),(806,40,'Manantiales del Diente','64980'),(807,40,'La Toscana','64983'),(808,40,'Las Estancias 2da Etapa','64983'),(809,40,'La Toscana 2 Sector','64983'),(810,40,'Palmares 2do Sector','64983'),(811,40,'Rincn del Vergel','64983'),(812,40,'El Refugio','64983'),(813,40,'Las Estancias 3er Sector','64983'),(814,40,'Antara','64983'),(815,40,'Palmares 1er Sector','64983'),(816,40,'Santa Lucia','64983'),(817,40,'Misin Canteras','64984'),(818,40,'San Pablo','64984'),(819,40,'Cerradas de Valle Alto','64984'),(820,40,'Villas de la Herradura','64984'),(821,40,'Residencial La Lagrima','64984'),(822,40,'El Sabino Cerrada Residencial','64984'),(823,40,'Brisas de Valle Alto','64984'),(824,40,'La Rioja Privada Residencial 2da Etapa','64984'),(825,40,'Canterias Norte','64984'),(826,40,'Ignacio Altamirano','64984'),(827,40,'Las Estancias 1er. Sector','64984'),(828,40,'Villas la Rioja','64984'),(829,40,'Vistancias 1er Sector','64984'),(830,40,'Vistancias 2 Sector','64984'),(831,40,'La Estanzuela Vieja','64984'),(832,40,'Los Cristales','64985'),(833,40,'Villa las Flores','64985'),(834,40,'La Joya Privada Residencial','64985'),(835,40,'El Uro Oriente','64985'),(836,40,'Villa Santa Isabel','64985'),(837,40,'Villa Murano','64985'),(838,40,'Villa Toledo','64985'),(839,40,'Soria','64986'),(840,40,'Privada Residencial Villas Del Uro','64986'),(841,40,'El Uro','64986'),(842,40,'Rancho La Bola','64986'),(843,40,'Montealbn Residencial','64986'),(844,40,'Bosques del Vergel','64987'),(845,40,'El Encino','64987'),(846,40,'Las Diligencias','64987'),(847,40,'Privadas la Herradura','64987'),(848,40,'El Vergel','64987'),(849,40,'Privada la Herradura','64987'),(850,40,'El Milagro','64988'),(851,40,'Colinas del Huajuco','64988'),(852,40,'Lomas del Vergel','64988'),(853,40,'Jardines de La Estanzuela','64988'),(854,40,'Rincn de la Escondida','64988'),(855,40,'Paraso Residencial','64988'),(856,40,'Residencial el Encanto II','64988'),(857,40,'Sierra Escondida','64988'),(858,40,'Granja Postal','64988'),(859,40,'Bosques de la Estanzuela','64988'),(860,40,'Las Riveras','64988'),(861,40,'Privada el Vergel','64988'),(862,40,'Residencial la Escondida','64988'),(863,40,'Los Nogales','64988'),(864,40,'Las Callejas Residencial','64988'),(865,40,'Bosques de La Silla','64988'),(866,40,'Nogales de La Sierra','64988'),(867,40,'El Fortn del Huajuco','64988'),(868,40,'La Rioja Privada Residencial 1era. Etapa','64988'),(869,40,'Estanzuela Nueva','64988'),(870,40,'Encino Real','64988'),(871,40,'La Alhambra','64988'),(872,40,'Paseo del Vergel','64988'),(873,40,'La Estanzuela','64988'),(874,40,'La Estanzuela (F-45)','64988'),(875,40,'Misin Silla','64988'),(876,40,'Privadas de la Fuente','64988'),(877,40,'Residencial Encanto','64988'),(878,40,'Residencial de la Sierra','64988'),(879,40,'Hacienda Los Encinos','64989'),(880,40,'Lomas de Valle Alto','64989'),(881,40,'Lomas de Hpico','64989'),(882,40,'Pedregal de Valle Alto','64989'),(883,40,'Lagos del Vergel','64989'),(884,40,'Real de Valle Alto 2 Sector','64989'),(885,40,'Canteras 1 Sector','64989'),(886,40,'Bosques de Valle Alto 2 Etapa','64989'),(887,40,'Real de Valle Alto 3er Sector','64989'),(888,40,'Sierra Alta 6 Sector 2a Etapa','64989'),(889,40,'Valle del Vergel','64989'),(890,40,'Campestre Bugambilias','64989'),(891,40,'San Gabriel','64989'),(892,40,'San Michelle','64989'),(893,40,'El Portn de Valle Alto','64989'),(894,40,'Maestranzas Villas de Providencia','64989'),(895,40,'Natura','64989'),(896,40,'Rincn de las Montaas (Sierra Alta 8 Sector)','64989'),(897,40,'Sierra Alta 3er Sector','64989'),(898,40,'Sierra Alta 9o Sector','64989'),(899,40,'Sierra Alta 1era. Etapa','64989'),(900,40,'Flor de Piedra','64989'),(901,40,'Bosques de Valle Alto 2 Sector','64989'),(902,40,'Rincn de Valle Alto','64989'),(903,40,'Sierra Alta 6 Sector','64989'),(904,40,'Valle Alto','64989'),(905,40,'Sierra Alta 5 Sector','64989'),(906,40,'Lomas del Hipico 1 Sector','64989'),(907,40,'Bosques de Valle Alto 1er. Sector','64989'),(908,40,'Rincn de los Encinos','64989'),(909,40,'Las Jacarandas','64989'),(910,40,'Real de Valle Alto 1er. Sector','64989'),(911,40,'Los Milagros de Valle Alto 1 Sector','64989'),(912,40,'Sierra Alta 2  Sector','64989'),(913,40,'Rincn de los Ahuehuetes','64989'),(914,40,'Hacienda Codornices','64989'),(915,40,'Sierra Alta 4 Sector','64989'),(916,40,'urea Residencial','64989'),(917,40,'Los Milagros de Valle Alto 2 Sector','64989'),(918,40,'Portal del Huajuco','64989'),(919,40,'Villas de Canterias','64989'),(920,40,'Balcones de Valle Alto','64989'),(921,40,'Rincn de Sierra Alta','64989'),(922,40,'Los Cristales Fraccionamiento Campestre','64990'),(923,40,'Antigua Hacienda Santa Anita','64990'),(924,40,'Campestre los Cristales','64990'),(925,40,'Valles de Cristal','64990'),(926,40,'Las Jaras','64990'),(927,40,'Las Margaritas','64990'),(928,40,'Canterel','64990'),(929,40,'Campestre Sertoma','64990'),(930,40,'El Mirador','64990'),(931,40,'El Edn','64996'),(932,40,'Carolco','64996'),(933,40,'El Barro','64997'),(934,40,'Campestre El Barrio','64997'),(935,4,'Colombia','65000'),(936,4,'El Camarn','65001'),(937,4,'Rodriguez','65002'),(938,4,'Sifn Villanueva','65004'),(939,4,'Escuela Rural Federal 14','65008'),(940,4,'Kilmetro 34','65010'),(941,4,'Anhuac y Rodriguez Centro','65030'),(942,4,'Revolucin','65032'),(943,4,'Obrera','65033'),(944,4,'Progreso','65033'),(945,4,'Lzaro Crdenas','65034'),(946,4,'Lomas de Anhuac','65034'),(947,4,'Infonavit','65034'),(948,4,'Obrera','65034'),(949,4,'Fomerrey','65034'),(950,4,'Granja Experimental','65036'),(951,4,'Anhuac','65040'),(952,4,'Independencia','65040'),(953,4,'Raul Caballero Escamilla','65042'),(954,4,'Chapultepec','65042'),(955,4,'Nuevo Camarn','65057'),(956,4,'Nuevo Anhuac','65059'),(957,4,'Nuevo Rodriguez','65059'),(958,30,'Lampazos de Naranjo','65070'),(959,30,'Lampazos','65070'),(960,30,'Santa Elena','65075'),(961,30,'Horcones','65076'),(962,30,'El Nogal','65080'),(963,30,'Las Ranas','65088'),(964,30,'Golondrinas Estacin','65090'),(965,30,'Las Presas','65092'),(966,38,'Mina','65100'),(967,38,'Los Guerra','65105'),(968,38,'San Jose de La Popa','65110'),(969,38,'Presa de La Mula','65118'),(970,38,'La Jarita','65120'),(971,38,'Espinazo Estacin','65140'),(972,7,'Bustamante','65150'),(973,7,'El Valladito','65150'),(974,7,'El Pedregal','65150'),(975,44,'Sabinas Hidalgo Centro','65200'),(976,44,'El Aguacate','65200'),(977,44,'Sonora','65200'),(978,44,'El Dlar','65200'),(979,44,'Pablo Santos','65210'),(980,44,'El Nogalar','65220'),(981,44,'Las Misiones','65220'),(982,44,'Primavera','65220'),(983,44,'La Esperanza','65220'),(984,44,'La Noria','65220'),(985,44,'La Recta','65220'),(986,44,'Mirador','65230'),(987,44,'Plaza Mirador 2','65230'),(988,44,'Plaza Mirador','65230'),(989,44,'La Campia','65230'),(990,44,'Martinez Dominguez Alfonso','65230'),(991,44,'Revolucin','65230'),(992,44,'Valle Del Sol','65230'),(993,44,'Real de las Palmas','65230'),(994,44,'Los banos','65230'),(995,44,'Los Chapa','65233'),(996,44,'Nios Hroes','65234'),(997,44,'Jardines de la Ermita','65234'),(998,44,'Hacienda Santa Cruz','65234'),(999,44,'Maria Luisa','65240'),(1000,44,'Reyes Eulagio','65240'),(1001,44,'Hacienda San Francisco','65240'),(1002,44,'Villa Francisco','65243'),(1003,44,'Caballero Escamilla Raul','65243'),(1004,44,'El Sendero','65243'),(1005,44,'Gonzalez Senz Leopoldo','65244'),(1006,44,'Miguel Hidalgo','65244'),(1007,44,'Industrial Sabinas','65249'),(1008,44,'La Santa Cruz','65250'),(1009,44,'Los Canteros','65250'),(1010,44,'Los Morales','65250'),(1011,44,'CROC','65250'),(1012,44,'La Turbina','65255'),(1013,44,'Fidel Velzquez','65256'),(1014,44,'Fovissste','65256'),(1015,44,'Quintana Nora','65256'),(1016,44,'Campestre Rivereo','65256'),(1017,44,'Venustiano Carranza','65257'),(1018,44,'Hacienda los Morales','65257'),(1019,44,'Industrial','65260'),(1020,44,'Bellavista','65270'),(1021,44,'Bortoni Urteaga Graciano','65272'),(1022,44,'Constitucin','65272'),(1023,44,'San Francisco Javier','65276'),(1024,44,'Larraldea','65276'),(1025,44,'Industrial Poniente','65276'),(1026,44,'Jose Ma Morelos','65280'),(1027,44,'Crdenas Lzaro','65280'),(1028,44,'Benito Jurez','65288'),(1029,44,'17 de Septiembre','65288'),(1030,44,'Josefa Zozaya','65289'),(1031,44,'Enrique Lozano','65290'),(1032,44,'Rincn del Sabino','65290'),(1033,44,'Lomas Chula','65299'),(1034,44,'Lzaro Garza Ayala','65300'),(1035,44,'Carboneras','65302'),(1036,44,'El bano','65336'),(1037,44,'Sombreretillo','65340'),(1038,44,'Paso El lamo','65347'),(1039,44,'Buenavista','65348'),(1040,51,'Villaldama Centro','65350'),(1041,51,'Santa Fe','65357'),(1042,51,'Independencia','65386'),(1043,51,'El Potrero','65390'),(1044,51,'Villaldama Estacin','65390'),(1045,51,'El lamo','65395'),(1046,50,'Vallecillo','65400'),(1047,50,'Los Garza','65410'),(1048,50,'San Carlos','65415'),(1049,50,'Aquiles Serdn','65419'),(1050,50,'Matatenas','65420'),(1051,50,'Los Colorados de Arriba','65429'),(1052,50,'Los Colorados de Abajo','65430'),(1053,50,'Fresnillo','65436'),(1054,50,'El lamo','65440'),(1055,50,'Palo Alto','65449'),(1056,41,'Paras','65450'),(1057,41,'Rio Salado','65480'),(1058,41,'La Gloria','65480'),(1059,45,'Len A. Flores','65500'),(1060,45,'Valle de las Salinas','65500'),(1061,45,'Paseo del Norte','65500'),(1062,45,'Valle de Salinas','65500'),(1063,45,'Salinas Victoria','65500'),(1064,45,'Los Maestros','65500'),(1065,45,'Gobernadores','65500'),(1066,45,'Mission','65503'),(1067,45,'Paseos San Isidro','65503'),(1068,45,'La Marranera','65503'),(1069,45,'Los ngeles','65503'),(1070,45,'Ral Caballero Escamilla','65503'),(1071,45,'San Juan','65503'),(1072,45,'Valle del Mirador','65503'),(1073,45,'Las Torres','65503'),(1074,45,'Las Gaviotas','65503'),(1075,45,'Predio San Isidro','65503'),(1076,45,'San Marcos','65503'),(1077,45,'Prolongacin Jurez (Loma de la Cruz)','65504'),(1078,45,'Petrita','65504'),(1079,45,'Salinas (Avcola)','65504'),(1080,45,'San Isidro 1er. Sector','65504'),(1081,45,'El Pedregal (Salinas)','65504'),(1082,45,'Agrarista','65505'),(1083,45,'Brenda','65505'),(1084,45,'Quadro Residencial','65507'),(1085,45,'Emiliano Zapata','65510'),(1086,45,'Ciudad Satelite del Norte','65510'),(1087,45,'Santa Isabel','65513'),(1088,45,'Don Manuel','65513'),(1089,45,'Los Ponys','65513'),(1090,45,'Camino a los Gutirrez','65513'),(1091,45,'Juanita','65513'),(1092,45,'Casa Linda','65513'),(1093,45,'El Charro','65513'),(1094,45,'Los Gutirrez','65513'),(1095,45,'Carmen Flores','65513'),(1096,45,'La Amistad','65513'),(1097,45,'Don Cesreo','65513'),(1098,45,'Los banos','65513'),(1099,45,'Lerma (Fundicin)','65513'),(1100,45,'El Mirador','65513'),(1101,45,'El Porvenir','65513'),(1102,45,'El Cortijo','65513'),(1103,45,'San Pedro','65513'),(1104,45,'Club de Leones','65513'),(1105,45,'Los Pinos','65513'),(1106,45,'Cuatro de Abril','65513'),(1107,45,'Miguel Mario','65513'),(1108,45,'El Ancn','65513'),(1109,45,'Los Morillos','65513'),(1110,45,'Cuatro Hermanos','65513'),(1111,45,'Las Lomas (Santa Teresita)','65513'),(1112,45,'San Jos (Santa Anita)','65513'),(1113,45,'San Benito','65513'),(1114,45,'Los Pinos','65514'),(1115,45,'Veintiocho de Marzo','65514'),(1116,45,'El Vergel','65514'),(1117,45,'Azafrn','65514'),(1118,45,'Cuatro de Octubre (Kilmetro Veintids)','65514'),(1119,45,'Don Roque','65514'),(1120,45,'Los Dos Potrillos','65514'),(1121,45,'Andrea (Avcola)','65514'),(1122,45,'Nicols Mederes','65514'),(1123,45,'Lzaro Crdenas','65514'),(1124,45,'El Doce','65514'),(1125,45,'San Jos','65514'),(1126,45,'Jos Caldern','65514'),(1127,45,'Doa Lupita','65514'),(1128,45,'Quince de Abril','65514'),(1129,45,'Rancho del Norte','65514'),(1130,45,'San Francisco','65514'),(1131,45,'Salinas','65514'),(1132,45,'J. y R.','65514'),(1133,45,'Los Cuates','65514'),(1134,45,'El Antonio (Crdenas)','65514'),(1135,45,'Los Fresnos','65515'),(1136,45,'Fuentes','65515'),(1137,45,'San Agustn','65515'),(1138,45,'Los Doctores','65515'),(1139,45,'San Miguel','65515'),(1140,45,'Emiliano Zapata (La Zapatita)','65515'),(1141,45,'Bosques de los Nogales','65515'),(1142,45,'Valle del Norte','65515'),(1143,45,'El Corralito','65515'),(1144,45,'San Roberto','65515'),(1145,45,'Los Pilares','65515'),(1146,45,'Santa Martha','65515'),(1147,45,'San Nicols de los Garza','65516'),(1148,45,'Colectivo','65516'),(1149,45,'La Palapa (R Cuatro)','65516'),(1150,45,'Abel Arriaga','65516'),(1151,45,'Paseo Santa Isabel','65516'),(1152,45,'Cassandra','65516'),(1153,45,'Hermanos Dvila','65516'),(1154,45,'Sevilla','65516'),(1155,45,'El Porvenir','65517'),(1156,45,'El Aguante','65517'),(1157,45,'El Coyote','65517'),(1158,45,'El Leal (Predio Alfonso Martnez Domnguez)','65517'),(1159,45,'Comunal Huertas de San Mario','65517'),(1160,45,'Punta de la Loma (Rancho el Abuelo)','65520'),(1161,45,'Los Arados','65520'),(1162,45,'Los Torres','65520'),(1163,45,'El Faro (Porccola)','65520'),(1164,45,'Omega Nmero Dos (Avcola)','65520'),(1165,45,'Ejidal Mamulique','65520'),(1166,45,'Fernando Hernndez (San Bernardo)','65520'),(1167,45,'San Sebastin','65520'),(1168,45,'Santo Toms','65520'),(1169,45,'Cimarrn Steel (Lavado de Acero)','65520'),(1170,45,'Cieneguitas','65520'),(1171,45,'Santa Elena','65520'),(1172,45,'Los Reyes','65520'),(1173,45,'Las Codornices','65520'),(1174,45,'El Encino','65520'),(1175,45,'Los Temporales','65520'),(1176,45,'De Rubn','65520'),(1177,45,'Omega Nmero Uno (Avcola)','65520'),(1178,45,'Nuevo Mamulique','65520'),(1179,45,'Cieneguitas','65520'),(1180,45,'Alfaro','65520'),(1181,45,'Omega Nmero Tres (La Esperanza) Avcola','65520'),(1182,45,'La Florea','65520'),(1183,45,'Mamulique','65520'),(1184,45,'Mamulique','65520'),(1185,45,'La Joya (Los Burros)','65520'),(1186,45,'Colonia del Ejido','65520'),(1187,45,'Mariana','65520'),(1188,45,'San Paulo','65520'),(1189,45,'Las Palmas','65520'),(1190,45,'San Bernardo Dos','65520'),(1191,45,'El Aguaje','65523'),(1192,45,'San Benito (Santa Elena)','65523'),(1193,45,'Ua de Gato (Loma Blanca)','65523'),(1194,45,'Santa Teresa','65523'),(1195,45,'San Jos (La Engorda)','65523'),(1196,45,'El Terrero','65524'),(1197,45,'El Seis (San Francisco)','65524'),(1198,45,'El Lantrisco','65524'),(1199,45,'El Dique (El Viejo)','65524'),(1200,45,'El Guaje','65524'),(1201,45,'El Recodo','65524'),(1202,45,'Santa Isabel','65524'),(1203,45,'El Setenta (El Chilarito)','65525'),(1204,45,'La Puerta','65525'),(1205,45,'La Barrosa','65525'),(1206,45,'El Alto','65525'),(1207,45,'La Cuesta','65525'),(1208,45,'El Rincn','65525'),(1209,45,'El Veinte (San Joel)','65525'),(1210,45,'El Rincn','65525'),(1211,45,'Teresita (La Puerta)','65525'),(1212,45,'Los Pozos','65526'),(1213,45,'Pozo Nuevo','65526'),(1214,45,'La Esperanza (Porccola)','65526'),(1215,45,'Quiroga (Merendero)','65526'),(1216,45,'La Leona','65526'),(1217,45,'Pocitos (La Paloma)','65526'),(1218,45,'La Paloma','65527'),(1219,45,'Los Lavaderos','65528'),(1220,45,'El Tule','65528'),(1221,45,'Viernes Santo','65528'),(1222,45,'Agropecuaria el Tule','65528'),(1223,45,'La Victoria (Rancho del Gero)','65528'),(1224,45,'Los Villarreales','65530'),(1225,45,'Las Lilas','65530'),(1226,45,'Verdiguel','65530'),(1227,45,'El Izotal','65530'),(1228,45,'El Chapote','65530'),(1229,45,'San Juan','65530'),(1230,45,'Salinas','65530'),(1231,45,'Puerto Chico','65530'),(1232,45,'El Detalle','65530'),(1233,45,'Mario Durn (El Rebozo)','65530'),(1234,45,'Kilmetro Tres','65530'),(1235,45,'El Encino','65530'),(1236,45,'Los Guajardo','65530'),(1237,45,'Los Alamitos','65530'),(1238,45,'Valle Alto','65530'),(1239,45,'La Agona (El Hormiguero)','65530'),(1240,45,'Rubn Hinojosa (Arroyo la Negra)','65530'),(1241,45,'San Gernimo','65530'),(1242,45,'Santa Elena (Las Encinas)','65530'),(1243,45,'Puerto Grande','65530'),(1244,45,'Halcones','65530'),(1245,45,'La Vidriera','65530'),(1246,45,'Santa Gertrudis','65530'),(1247,45,'San Ricardo','65530'),(1248,45,'Quiroga','65530'),(1249,45,'Plateritos','65530'),(1250,45,'Santa Teresa','65530'),(1251,45,'Los Villarreales','65530'),(1252,45,'Roqun','65530'),(1253,45,'El ngel (Parcela Ochenta y Tres)','65530'),(1254,45,'Los Morales','65530'),(1255,45,'Raymundo Urrutia (Llano Blanco)','65530'),(1256,45,'La Cima','65530'),(1257,45,'Artemio y Hernn','65530'),(1258,45,'Los Cant','65530'),(1259,45,'La Cima (Palos Blancos)','65530'),(1260,45,'Dos de Marzo','65530'),(1261,45,'Santa Elena','65530'),(1262,45,'El Mezquite (Kilmetro Treinta y Tres)','65530'),(1263,45,'Casa de Piedra','65530'),(1264,45,'La Sultana (Villa Alegre)','65530'),(1265,45,'Las Mercedes (Los Garca)','65530'),(1266,45,'Arroyo la Sanda','65530'),(1267,45,'Santa Mnica (La Ilusin)','65530'),(1268,45,'El Veintisiete (Las Catarinas)','65533'),(1269,45,'San Apolinar','65533'),(1270,45,'El Cenizo','65533'),(1271,45,'San Jorge','65533'),(1272,45,'Valle de Salinas','65533'),(1273,45,'Los Pujidos (Porccola)','65533'),(1274,45,'Camino a los Villarreales (Kilmetro Uno)','65533'),(1275,45,'Liz (San Juan del Mezquital)','65533'),(1276,45,'Melisa','65533'),(1277,45,'Cuarenta y Cuatro','65533'),(1278,45,'El Deiby','65533'),(1279,45,'Keiko (Avcola)','65533'),(1280,45,'El Lindero','65533'),(1281,45,'El Ciervo','65533'),(1282,45,'Santa Clara','65533'),(1283,45,'El Atorn','65533'),(1284,45,'El Bfalo','65533'),(1285,45,'El Refugio','65533'),(1286,45,'La Morita','65533'),(1287,45,'Los Garza','65533'),(1288,45,'Rancho Nuevo','65533'),(1289,45,'San Pedro','65533'),(1290,45,'Dolores (Los Morales)','65533'),(1291,45,'Don Nicols (Avcola)','65533'),(1292,45,'Kilmetro 39.9 (La Trinidad)','65533'),(1293,45,'El Norteo','65533'),(1294,45,'La Capilla','65533'),(1295,45,'Las Angustias','65533'),(1296,45,'El Papalote','65533'),(1297,45,'El Ancn (Avcola)','65533'),(1298,45,'El Granjeno','65534'),(1299,45,'Rey (Hielo)','65534'),(1300,45,'El Cuarenta y Cuatro','65534'),(1301,45,'La Luz','65534'),(1302,45,'La Agona','65534'),(1303,45,'Primero de Mayo','65534'),(1304,45,'Hojacen','65534'),(1305,45,'Campestre el Palmar','65534'),(1306,45,'Mamulique','65534'),(1307,45,'La Nacagita','65534'),(1308,45,'La Luz','65534'),(1309,45,'El Cerrito','65534'),(1310,45,'Los Cuarenta y Cinco','65534'),(1311,45,'La Copina','65534'),(1312,45,'El Cndor (Avcola)','65534'),(1313,45,'Rey (Hielo)','65534'),(1314,45,'San Antonio','65535'),(1315,45,'Las Delicias','65535'),(1316,45,'La Pursima (Gmez)','65535'),(1317,45,'El Canelo','65535'),(1318,45,'El Recodo','65535'),(1319,45,'La Rosa','65535'),(1320,45,'Los Yuguitos','65535'),(1321,45,'Los Urrutias','65535'),(1322,45,'El Mezquital (San Juan del Mezquital)','65535'),(1323,45,'Sagitario (Las Delicias)','65535'),(1324,45,'La Rana','65535'),(1325,45,'Primero de Junio','65535'),(1326,45,'Dinasta','65535'),(1327,45,'San Ramn','65535'),(1328,45,'El Canelo','65535'),(1329,45,'El Argentino','65536'),(1330,45,'Las Abejas','65536'),(1331,45,'La Gloria','65536'),(1332,45,'San Martn','65536'),(1333,45,'Santa Eduviges','65536'),(1334,45,'Viejo','65536'),(1335,45,'Las Carretas (Rancho Tres)','65536'),(1336,45,'El Rebozo','65536'),(1337,45,'San Isidro','65536'),(1338,45,'Santa Ana','65536'),(1339,45,'Las Carretas','65536'),(1340,45,'Punta de la Loma','65536'),(1341,45,'Nuevo','65536'),(1342,45,'Labores Nuevas','65536'),(1343,45,'Siete de Abril','65536'),(1344,45,'Las Abejas','65536'),(1345,45,'Las Carretas','65536'),(1346,45,'Los Prez','65536'),(1347,45,'El Ranchito','65536'),(1348,45,'Antorcha Campesina','65536'),(1349,45,'El Sina','65536'),(1350,45,'Veinte de Agosto (Porccola)','65536'),(1351,45,'Morales','65536'),(1352,45,'Cuatro de Abril','65536'),(1353,45,'Las Palmas','65536'),(1354,45,'Guadalupe (Lienzo Charro)','65536'),(1355,45,'El Huizache','65536'),(1356,45,'La Pista (Las Carretas) Porccola','65536'),(1357,45,'Los Prez','65536'),(1358,45,'Santa Elena','65536'),(1359,45,'La Gloria','65536'),(1360,45,'Tierra Blanca','65536'),(1361,45,'Pedro Silva (Santa Elia)','65536'),(1362,45,'Las Carretas','65536'),(1363,45,'San Ignacio','65537'),(1364,45,'Nueva Salinas','65537'),(1365,45,'Veinte de Febrero','65537'),(1366,45,'La Victoria','65537'),(1367,45,'El Cuatro','65537'),(1368,45,'Quince de Diciembre (La Vidriera)','65537'),(1369,45,'La Estrella','65537'),(1370,45,'Santa Mnica','65537'),(1371,45,'Conchita','65537'),(1372,45,'Gilberto Gonzlez','65537'),(1373,45,'Unin San Javier','65537'),(1374,45,'San Pablo','65537'),(1375,45,'San Gerardo (San Ins)','65537'),(1376,45,'El Milagro','65537'),(1377,45,'Arroyo la Negra','65537'),(1378,45,'El Coyote','65537'),(1379,45,'San Juan Pesquerineo','65543'),(1380,45,'Los Quiroga','65543'),(1381,45,'San Juan de Guadalupe','65543'),(1382,45,'Cuatro Emilios (La Concepcin)','65543'),(1383,45,'El Mezquite','65543'),(1384,45,'Gomas y Mendiola (Rancho de Gomas)','65543'),(1385,45,'Guadalupe','65543'),(1386,45,'San Roberto','65543'),(1387,45,'El Bamb','65543'),(1388,45,'El Pedregal (El Guajiro)','65543'),(1389,45,'El Roble','65543'),(1390,45,'La Unin','65543'),(1391,45,'Peitas','65543'),(1392,45,'Guadalupe','65543'),(1393,45,'Los Generales','65544'),(1394,45,'Las Coloradas','65544'),(1395,45,'San Juan (Palo Blanco)','65544'),(1396,45,'El Puerto','65544'),(1397,45,'La Rumorosa','65544'),(1398,45,'El Aguajito','65544'),(1399,45,'El Cortador','65544'),(1400,45,'El Jardn','65544'),(1401,45,'El Maguey','65545'),(1402,45,'Milpillas','65545'),(1403,45,'El Colmenar (Los Quiroga)','65545'),(1404,45,'Palo Blanco','65545'),(1405,45,'San Ignacio','65545'),(1406,45,'El Mesn','65545'),(1407,45,'San Manuel','65545'),(1408,45,'Santa Isabel','65545'),(1409,45,'La Agita','65545'),(1410,45,'El Quemado','65546'),(1411,45,'Kilmetro Setenta y Seis','65546'),(1412,45,'Barranca Blanca','65546'),(1413,45,'El Cedro','65546'),(1414,45,'San Raymundo','65546'),(1415,45,'Los Trevio','65546'),(1416,45,'San Gregorio','65546'),(1417,45,'Palmeras','65546'),(1418,45,'Heleno Evelio Quiroga','65546'),(1419,45,'Lampazos','65546'),(1420,45,'El Len','65547'),(1421,45,'El Nogal','65547'),(1422,45,'Las Nueces','65547'),(1423,45,'El Pedernal','65547'),(1424,45,'Arturo Quiroga','65547'),(1425,45,'Salsipuedes','65547'),(1426,45,'El Sarro','65547'),(1427,45,'Montelongo','65547'),(1428,45,'San Juan','65547'),(1429,45,'Los Martnez','65547'),(1430,45,'Doctor Ramn (Races)','65547'),(1431,45,'Picachos de los Abuelos','65548'),(1432,45,'El Organo','65548'),(1433,11,'Cinega de Flores Centro','65550'),(1434,11,'Ta Lencha','65554'),(1435,11,'Dibsa II','65554'),(1436,11,'Dibsa I','65554'),(1437,11,'Campestre Villas del Norte','65555'),(1438,11,'Los Hroes Monterrey','65555'),(1439,11,'Real del Sol 2 Sector','65555'),(1440,11,'Real del Sol','65555'),(1441,11,'Los Ruiseores','65556'),(1442,11,'Portal de Las Salinas Residencial','65556'),(1443,11,'Villas Campestres','65556'),(1444,11,'Lomas de Cinega','65558'),(1445,11,'Pedregal de Cinega','65558'),(1446,11,'Conchita Velzco Sect 1','65558'),(1447,11,'La Crisis','65560'),(1448,11,'Valle de las Flores','65560'),(1449,11,'Los Lirios','65560'),(1450,11,'Conchita Velzco Sect 2','65560'),(1451,11,'Martinez Dominguez','65560'),(1452,11,'Fomerrey 5','65562'),(1453,11,'Progreso','65562'),(1454,11,'Valle del Progreso','65563'),(1455,11,'Emiliano Zapata','65563'),(1456,11,'Alianza Sector 3','65563'),(1457,11,'San Juan','65563'),(1458,11,'Valle de las Lomas','65563'),(1459,11,'Privadas del Valle','65563'),(1460,11,'Alianza Sector 1','65564'),(1461,11,'Alianza','65564'),(1462,11,'Alianza Sector 2','65564'),(1463,11,'Loma Linda','65564'),(1464,11,'Valle de Cinega','65565'),(1465,11,'Hacienda las Flores','65567'),(1466,11,'Los Ruiseores','65573'),(1467,11,'Paseos del Roble','65573'),(1468,11,'Parque Industrial Nexxus ADN','65580'),(1469,11,'Paseo del Roble','65580'),(1470,11,'Paseos del Roble','65580'),(1471,11,'Villas de Alcal','65580'),(1472,11,'Parque Industrial Multiparque Aeropuerto','65583'),(1473,25,'Miguel Hidalgo','65600'),(1474,25,'Alfonso Hernandez','65600'),(1475,25,'Hidalgo Centro','65600'),(1476,25,'Cuauhtmoc','65600'),(1477,25,'Jose Alatorre Gmez','65600'),(1478,25,'Morelos','65600'),(1479,25,'Crescenciano Lozano','65600'),(1480,25,'Benito Jurez','65600'),(1481,25,'San Martin','65600'),(1482,25,'Lzaro Crdenas','65600'),(1483,25,'Revolucin','65600'),(1484,25,'Margarita Maza de Jurez','65600'),(1485,25,'San Andres','65600'),(1486,25,'Zaragoza','65600'),(1487,25,'Los Angeles','65600'),(1488,1,'Lzaro Crdenas','65650'),(1489,1,'Voluntad y Trabajo','65650'),(1490,1,'Abasolo Centro','65650'),(1491,1,'Linda Vista','65650'),(1492,1,'Alberto Villareal','65650'),(1493,1,'El Mirador','65650'),(1494,1,'Los Pinos','65650'),(1495,1,'Seis de Enero (Bugambilias)','65653'),(1496,1,'Casa Rosa (Los Olivos)','65653'),(1497,1,'Los Diez (La Tripona)','65654'),(1498,1,'Cuatro Vientos','65660'),(1499,1,'La Gloria','65660'),(1500,1,'Los Ligeros','65663'),(1501,26,'Higueras','65700'),(1502,23,'Gral. Zuazua','65750'),(1503,23,'Real de Palmas','65760'),(1504,23,'Misin de Santa Elena','65760'),(1505,23,'Las Bugambilias','65760'),(1506,23,'Valle de Santa Elena','65776'),(1507,23,'Residencial Hacienda San Pedro','65780'),(1508,23,'Real San Pedro','65780'),(1509,23,'Portal del Norte','65780'),(1510,23,'Portal de Zuazua','65780'),(1511,2,'Jardn','65800'),(1512,2,'Prof. Jess M. Lozano Trevio','65800'),(1513,2,'Agualeguas Centro','65800'),(1514,2,'Mira Sierra','65800'),(1515,2,'Olivia Olvera','65800'),(1516,2,'Del Norte','65800'),(1517,2,'Los Mogotes Tres','65803'),(1518,2,'La Gloria','65804'),(1519,2,'Santos Valadez (Piedra Parada)','65805'),(1520,2,'La Retama','65805'),(1521,2,'Los Vzquez','65806'),(1522,2,'Palo Blanco','65806'),(1523,2,'Puerta las Ovejas','65806'),(1524,2,'El Texano','65806'),(1525,2,'El Recuerdo','65807'),(1526,2,'El Roble','65807'),(1527,2,'Jos Luis Mayo','65807'),(1528,2,'San Vicente','65807'),(1529,2,'El Recodo','65807'),(1530,2,'San Cristbal','65807'),(1531,2,'To Maro','65807'),(1532,2,'Chapa Ramos Dos','65808'),(1533,2,'Ojo de Agua','65808'),(1534,2,'Los Elizondo Nmero Uno','65810'),(1535,2,'Los Salazar','65810'),(1536,2,'El Derrame','65810'),(1537,2,'El Potrero','65810'),(1538,2,'Rancho Nuevo','65810'),(1539,2,'El Abuelo','65813'),(1540,2,'Tres Hermanos','65813'),(1541,2,'Dermi','65813'),(1542,2,'El Maguey','65813'),(1543,2,'Ramn Cant','65813'),(1544,2,'Ojo de Agua','65813'),(1545,2,'Los Olmos','65814'),(1546,2,'El Nogal','65814'),(1547,2,'El Prieto','65815'),(1548,2,'La Pursima','65815'),(1549,2,'Cieneguitas','65815'),(1550,2,'Los Garza','65819'),(1551,2,'Alicia','65823'),(1552,2,'El Papalote','65826'),(1553,2,'La Ponderosa','65826'),(1554,2,'Pedrera Arroyo las Alazanas','65826'),(1555,2,'La Escondida','65830'),(1556,2,'To Chonito','65830'),(1557,2,'Rancho Seco','65830'),(1558,2,'San Jos','65833'),(1559,2,'El Corral','65834'),(1560,2,'Agua Blanca','65834'),(1561,2,'San Andrs (Marn de Porras)','65834'),(1562,2,'Los Nogales','65835'),(1563,2,'Ciriaco Gonzlez','65835'),(1564,2,'La Conchita','65835'),(1565,2,'La Pau','65835'),(1566,2,'Los Martnez','65836'),(1567,2,'La Barreta','65836'),(1568,2,'Lagunillas','65836'),(1569,2,'Sagrado Corazn (Los Gutirrez)','65836'),(1570,2,'San Pedro','65837'),(1571,2,'La Atravesada','65837'),(1572,2,'La Rosita','65837'),(1573,2,'San Roberto','65837'),(1574,21,'La Laguna','65850'),(1575,21,'Gral. Trevio','65850'),(1576,21,'San Javier','65880'),(1577,9,'Ciudad Cerralvo','65900'),(1578,9,'Arroyo de Piedra','65907'),(1579,9,'Jurez','65920'),(1580,9,'Los Nogales','65930'),(1581,9,'Ua de Gato','65936'),(1582,9,'Martinitos','65940'),(1583,36,'Melchor Ocampo','65950'),(1584,17,'Los Aljibes','66000'),(1585,17,'Centro Villa de Garcia (casco)','66000'),(1586,17,'Hroes de Capellana','66003'),(1587,17,'Mirador de Garcia','66003'),(1588,17,'Hacienda del Sol','66003'),(1589,17,'Los Nogales','66003'),(1590,17,'Praderas de Lincoln','66003'),(1591,17,'Paseo de las Minas','66003'),(1592,17,'Villas del Alcali','66003'),(1593,17,'Rincn del Fraile','66003'),(1594,17,'Privadas de las Villas','66003'),(1595,17,'Real de Capellana','66004'),(1596,17,'Privalia Garca','66004'),(1597,17,'Paseo Del Nogal','66004'),(1598,17,'Paseo de las Torres','66004'),(1599,17,'Las Villas','66004'),(1600,17,'Valle de San Jose','66004'),(1601,17,'Valle de San Jos 2do Sector','66004'),(1602,17,'Sierra Real','66004'),(1603,17,'Las Arboledas','66004'),(1604,17,'Villas de los Nogales','66004'),(1605,17,'Urbi Villa del Prado','66004'),(1606,17,'Villas de San Martin','66005'),(1607,17,'Real de Villas de Garcia','66005'),(1608,17,'Torres de Garcia','66005'),(1609,17,'Cedral','66005'),(1610,17,'Las Palmas','66005'),(1611,17,'Fraile I','66005'),(1612,17,'El Fraile II','66005'),(1613,17,'Real de San Martin','66005'),(1614,17,'San Martin','66005'),(1615,17,'Morelos','66005'),(1616,17,'Benito Jurez','66005'),(1617,17,'Infonavit los Nogales','66005'),(1618,17,'Emiliano Zapata','66005'),(1619,17,'Nuevo Amanecer','66005'),(1620,17,'Fomorrey Sobrevilla','66005'),(1621,17,'San Jose','66005'),(1622,17,'Las Bugambilias','66006'),(1623,17,'Martin Gonzalez','66006'),(1624,17,'Colinas Del Rio','66006'),(1625,17,'Fomorrey Nogales I','66006'),(1626,17,'Balcones de Garca','66006'),(1627,17,'Misin del Norte','66006'),(1628,17,'Divisin del Norte','66006'),(1629,17,'Valles del Mirador','66006'),(1630,17,'Alfonzo Martinez Dominguez','66006'),(1631,17,'Nogales II','66006'),(1632,17,'Paseo de Capellana','66007'),(1633,17,'Riberas de Capellania','66007'),(1634,17,'Avance Popular','66007'),(1635,17,'Real de Minas','66008'),(1636,17,'Miguel Hidalgo','66008'),(1637,17,'La Cruz','66008'),(1638,17,'Nuevo Renacimiento','66008'),(1639,17,'Popular Jose Pez Garcia','66008'),(1640,17,'Valle San Felipe','66008'),(1641,17,'San Juan Bautista','66009'),(1642,17,'Los Encinos Residencial','66009'),(1643,17,'Rinconada','66010'),(1644,17,'Joya del Carrizal','66012'),(1645,17,'Residencial Santa Mnica','66012'),(1646,17,'Residencial Santa Elena','66012'),(1647,17,'Villazul','66012'),(1648,17,'Paseo de Lincoln','66013'),(1649,17,'Parque Industrial POLITEK','66017'),(1650,17,'Libramiento Arco Vial','66017'),(1651,17,'Emiliano Zapata','66020'),(1652,17,'La Soledad Estacin','66020'),(1653,17,'La Gruta','66022'),(1654,17,'Mitras Poniente','66023'),(1655,17,'Mitras Poniente Bicentenario','66023'),(1656,17,'Parques Diamante','66023'),(1657,17,'Mitras Bicentenario Sector Reforma','66023'),(1658,17,'Rancho Mitras','66023'),(1659,17,'Villas Del Poniente','66023'),(1660,17,'Lomas de Garcia','66023'),(1661,17,'Arco Vial','66023'),(1662,17,'Paraje San Jos','66023'),(1663,17,'Ciudad Industrial Mitras','66023'),(1664,17,'Misin San Juan','66023'),(1665,17,'Valle de las Grutas','66023'),(1666,17,'Valle de Lincoln San Jos','66023'),(1667,17,'Los Parques Residencial','66023'),(1668,17,'Valle de Lincoln San Agustn','66023'),(1669,17,'Las Lomas','66024'),(1670,17,'Valle de San Blas','66025'),(1671,17,'Valle de Lincoln','66026'),(1672,17,'Santa Sofia','66027'),(1673,17,'Grutas de Villa de Garcia','66030'),(1674,17,'Las Brisas Residencial 1er Sector','66033'),(1675,17,'Cumbres Elite Premier','66035'),(1676,17,'Valle de Cumbres','66035'),(1677,17,'Ciudad Cumbres','66036'),(1678,17,'Cumbres Provenza','66036'),(1679,17,'Santa Mara','66037'),(1680,17,'La Cruz','66040'),(1681,17,'Icamole','66042'),(1682,19,'Villa Alta','66050'),(1683,19,'Miravista II','66050'),(1684,19,'Miravista 3er Sector','66050'),(1685,19,'Jardines Del Canada','66050'),(1686,19,'Ricardo Flores Magn Infonavit I','66050'),(1687,19,'Rinconada Flores Magn Infonavit II','66050'),(1688,19,'Encinas las Piedra','66050'),(1689,19,'Miravista I','66050'),(1690,19,'La Cuchilla','66050'),(1691,19,'Don Lalo','66050'),(1692,19,'Gral. Escobedo Centro','66050'),(1693,19,'Rincn de Miravista','66050'),(1694,19,'Del Valle','66050'),(1695,19,'Los Saldaas','66050'),(1696,19,'Privadas Diamante','66050'),(1697,19,'Los Elizondo','66050'),(1698,19,'Jardines de Escobedo II','66050'),(1699,19,'Shalom','66050'),(1700,19,'Torres Diamante','66050'),(1701,19,'Los Eucaliptos','66050'),(1702,19,'Ricardo Flores Magn Infonavit III','66050'),(1703,19,'Las Encinas','66050'),(1704,19,'Residencial Encinas','66050'),(1705,19,'Residencial las Quintas','66050'),(1706,19,'Jardines Escobedo I','66051'),(1707,19,'Plaza Sol','66051'),(1708,19,'Los Altos','66052'),(1709,19,'Nios Hroes','66052'),(1710,19,'Unin de Alfareros','66052'),(1711,19,'Rio Pesquera Poniente','66052'),(1712,19,'Portal de la Hacienda','66052'),(1713,19,'Jardines de la Reyna','66052'),(1714,19,'Fernando Amilpa Predio','66052'),(1715,19,'Balcones Del Norte 2do Sector','66052'),(1716,19,'Scrates Rizzo Unin Comerciantes','66052'),(1717,19,'Los Olivos','66052'),(1718,19,'Puerta de Anhuac','66052'),(1719,19,'Rio Pesquera Nuevas Puentes','66052'),(1720,19,'Balcones Del Norte 1er Sector','66052'),(1721,19,'Nueva Castilla','66052'),(1722,19,'Desarrollo Industrial GP Tecnocentro','66052'),(1723,19,'Rio Pesquera Norte','66052'),(1724,19,'Arboledas de Escobedo','66052'),(1725,19,'Rio Pesquera','66052'),(1726,19,'banos y Nueva Esperanza','66052'),(1727,19,'Los Girasoles II','66053'),(1728,19,'Raul Caballero','66053'),(1729,19,'Belisario Dominguez','66053'),(1730,19,'Privadas de San Jos','66053'),(1731,19,'Los Nogales','66053'),(1732,19,'Privadas del Los Sauces','66053'),(1733,19,'Agropecuaria','66053'),(1734,19,'Chamizal','66053'),(1735,19,'Valle de Escobedo','66053'),(1736,19,'Rincn de Las Encinas','66053'),(1737,19,'Los Arcos','66053'),(1738,19,'San Jose de los Sauces','66053'),(1739,19,'Lzaro Crdenas Agropecuaria Sur','66053'),(1740,19,'Anhuac la Pergola','66054'),(1741,19,'Rancho El 15','66054'),(1742,19,'Haciendas del Canada','66054'),(1743,19,'La Encomienda','66054'),(1744,19,'Anhuac Campoamor','66054'),(1745,19,'Puerta del Norte Fraccionamiento Residencial','66054'),(1746,19,'Ex Hacienda el Canada','66054'),(1747,19,'Roble Nuevo','66055'),(1748,19,'Lzaro Crdenas Ampliacin','66055'),(1749,19,'Felipe Carrillo Puerto II','66055'),(1750,19,'Felipe Carrillo Puerto','66055'),(1751,19,'California Fraccionamiento Primer Sector','66055'),(1752,19,'Privada Del Angel','66055'),(1753,19,'California 2do Sector','66055'),(1754,19,'Nexxus Residencial Sector Esmeralda','66055'),(1755,19,'Celestino Gasca','66055'),(1756,19,'Nexxus Residencial Sector Rub','66055'),(1757,19,'Joyas de Anhuac Sector Florencia','66055'),(1758,19,'Los Pinos','66055'),(1759,19,'Felipe Carrillo Puerto IV','66055'),(1760,19,'Villas de Escobedo II','66055'),(1761,19,'Nexxus Residencial Sector Platino','66055'),(1762,19,'Residencial Pinos','66055'),(1763,19,'Privadas Bougambilias','66055'),(1764,19,'Haciendas de Anhuac I','66055'),(1765,19,'Felipe Carrillo Puerto III','66055'),(1766,19,'Insurgentes Infonavit','66055'),(1767,19,'Topo Grande IV','66055'),(1768,19,'Nexxus Residencial Sector Diamante','66055'),(1769,19,'Jolla de Anhuac Sector Npoles','66055'),(1770,19,'Villas Del Parque','66055'),(1771,19,'Parque Industrial Nexxus XXI','66055'),(1772,19,'Haciendas de Anhuac II','66055'),(1773,19,'Jolla de Anhuac Sector Venecia','66055'),(1774,19,'Nexxus Residencial Sector Zafiro','66055'),(1775,19,'Nexxus Residencial Sector Cristal','66055'),(1776,19,'Balcones de Anhuac II','66056'),(1777,19,'Monterreal II','66056'),(1778,19,'Monterreal I','66056'),(1779,19,'Monterreal IV','66056'),(1780,19,'Monterreal VI','66056'),(1781,19,'Topo Grande','66056'),(1782,19,'Monterreal IX','66056'),(1783,19,'Guadalupe Victoria','66056'),(1784,19,'Hilario Ayala Predio','66056'),(1785,19,'Monterreal V','66056'),(1786,19,'Riberas de Girasoles 1 Sector','66056'),(1787,19,'Lomas de Escobedo I','66056'),(1788,19,'Valle de Girasoles','66056'),(1789,19,'Monterreal XI','66056'),(1790,19,'Monterreal XII','66056'),(1791,19,'Los Girasoles I','66056'),(1792,19,'Villas de Escobedo','66056'),(1793,19,'Balcones de Anhuac I','66056'),(1794,19,'El Topito','66056'),(1795,19,'Monterreal III','66056'),(1796,19,'Lomas de Escobedo II','66056'),(1797,19,'Praderas de Girasoles','66056'),(1798,19,'Monterreal X','66056'),(1799,19,'Bosques Quebec','66056'),(1800,19,'Hacienda Escobedo','66057'),(1801,19,'Residencial Escobedo','66057'),(1802,19,'Monterreal Infonavit','66057'),(1803,19,'Novus Sendero','66057'),(1804,19,'Fuentes de Escobedo','66057'),(1805,19,'Nuestra Seora de Ftima','66057'),(1806,19,'La Loma','66058'),(1807,19,'Ex Hacienda Infonavit','66058'),(1808,19,'Lzaro Crdenas','66058'),(1809,19,'Ucam','66058'),(1810,19,'Jardines de Escobedo III','66058'),(1811,19,'16 de Septiembre','66058'),(1812,19,'24 de Febrero','66058'),(1813,19,'Solidaridad','66058'),(1814,19,'Dirona Aduana Interior','66058'),(1815,19,'Los Girasoles III','66058'),(1816,19,'Las Hadas','66058'),(1817,19,'El Canad','66058'),(1818,19,'Martires 36','66058'),(1819,19,'Las Malvinas','66058'),(1820,19,'Praderas de Topo Grande','66058'),(1821,19,'Lzaro Crdenas','66058'),(1822,19,'Privadas de Anhuac Sector Ingls','66059'),(1823,19,'Hacienda los Cantu 1er Sector','66059'),(1824,19,'Quintas de Anhuac','66059'),(1825,19,'La Cantera Privada Residencial','66059'),(1826,19,'Cerradas de Anhuac Sector Premier','66059'),(1827,19,'Paraje Anhuac','66059'),(1828,19,'Valle Del Canada','66059'),(1829,19,'Privadas de Anhuac Sector Irlandes','66059'),(1830,19,'La Cantera','66059'),(1831,19,'Privadas de Lindora','66059'),(1832,19,'Villas de Anhuac Sector Alpes','66059'),(1833,19,'Hacienda los Cantu 2do Sector','66059'),(1834,19,'Himalaya Sector Niza','66059'),(1835,19,'El Centenario','66059'),(1836,19,'Misin de Anhuac 1er Sector','66059'),(1837,19,'Cerradas de Anhuac','66059'),(1838,19,'Privadas de Anhuac Sector Francs','66059'),(1839,19,'Privadas del Canada','66059'),(1840,19,'Nexxus Residencial Sector Dorado','66059'),(1841,19,'Villas de Anhuac','66059'),(1842,19,'Himalaya','66059'),(1843,19,'Privadas de Anhuac Sector  Mediterrneo','66059'),(1844,19,'Privadas de Anhuac Sector Espaol','66059'),(1845,19,'Calzadas Anhuac','66059'),(1846,19,'Cerradas de Anhuac Sector Contemporneo','66059'),(1847,19,'Parque Industrial III','66061'),(1848,19,'Parque Industrial II','66061'),(1849,19,'Lomas de San Genaro','66061'),(1850,19,'Jardines de San Martin','66061'),(1851,19,'Fomerrey 52 Pedregal del Topo','66061'),(1852,19,'Pedregal de Escobedo','66061'),(1853,19,'San Martin','66061'),(1854,19,'La Isla','66062'),(1855,19,'Parque Industrial Perifrico','66062'),(1856,19,'Gloria Mendiola','66062'),(1857,19,'Parque Industrial I','66062'),(1858,19,'Villas de San Francisco','66062'),(1859,19,'Paso Cucharas','66062'),(1860,19,'Nueva Escobedo Ampliacin','66063'),(1861,19,'Balcones Del Rio','66063'),(1862,19,'5 de Mayo','66063'),(1863,19,'19 de Julio','66063'),(1864,19,'San Isidro','66063'),(1865,19,'Valle de San Francisco','66064'),(1866,19,'Nuevo Escobedo','66064'),(1867,19,'Portal del Fraile 1er Sector','66064'),(1868,19,'Las Flores','66064'),(1869,19,'La Concordia','66064'),(1870,19,'Los Vergeles','66064'),(1871,19,'Privadas de Camino Real','66064'),(1872,19,'Fomerrey La Unidad','66064'),(1873,19,'Nueva Esperanza Mzas 117 y 120','66064'),(1874,19,'18 de Octubre','66064'),(1875,19,'Nuevo Escobedo','66064'),(1876,19,'Ciudad San Marcos Sector Pionero','66064'),(1877,19,'Villas de San Martn 1er Etapa','66064'),(1878,19,'Villas de San Martn 2da Etapa','66064'),(1879,19,'Vida','66064'),(1880,19,'Fomerrey Santa Martha','66064'),(1881,19,'Portal del Fraile 4ta Sector','66064'),(1882,19,'Riveras de los Naranjos','66064'),(1883,19,'Colinas del Topo Ampliacin','66065'),(1884,19,'Fomerrey 49 \"Colinas del Topo\"','66065'),(1885,19,'Eulalio Villarreal Ayala','66065'),(1886,19,'La Ilusin','66065'),(1887,19,'Serranas 2do Sector','66065'),(1888,19,'Eulalio Villarreal Ayala','66065'),(1889,19,'Fomerrey Santa Lucia','66065'),(1890,19,'Serranas 1er Sector','66065'),(1891,19,'Portal Valle de San Bernabe','66067'),(1892,19,'Los Nogales','66067'),(1893,19,'Los Angeles','66067'),(1894,19,'Alianza','66067'),(1895,19,'El Rosario','66067'),(1896,19,'Arcos Del Sol','66067'),(1897,19,'Naranjos','66067'),(1898,19,'Alianza','66067'),(1899,19,'San Gabriel','66067'),(1900,19,'Villas de San Bernabe','66067'),(1901,19,'Pedregal de San Agustn','66068'),(1902,19,'Los Alebrijes','66068'),(1903,19,'Santaluz','66070'),(1904,19,'Lomas de San Genaro 3er Sector','66070'),(1905,19,'Provileon','66070'),(1906,19,'Monte Horeb','66070'),(1907,19,'Villa de los Ayala','66070'),(1908,19,'Puerta Del Sol','66070'),(1909,19,'Bosques de Escobedo','66072'),(1910,19,'Progreso Paso Cucharas','66072'),(1911,19,'Hacienda los  Vergeles','66072'),(1912,19,'Brianzzas Residencial','66072'),(1913,19,'Hacienda Del Topo II','66072'),(1914,19,'Paso Cucharas II','66072'),(1915,19,'Cortijo los Ayala','66072'),(1916,19,'5to. Centenario','66072'),(1917,19,'Hacienda los Ayala','66072'),(1918,19,'Paseo Real','66072'),(1919,19,'Renacimiento','66072'),(1920,19,'Hacienda Del Topo I','66072'),(1921,19,'Lomas I','66073'),(1922,19,'San Genaro I','66073'),(1923,19,'Santa Julia','66073'),(1924,19,'San Genaro 3er Sector','66073'),(1925,19,'Lomas II','66073'),(1926,19,'San Genaro II','66073'),(1927,19,'Adelitas de Villa','66073'),(1928,19,'Los Girasoles IV','66073'),(1929,19,'Colinas de Anhuac','66073'),(1930,19,'Fomerrey 9 Solidaridad','66073'),(1931,19,'Fomerrey Lomas de Aztln','66073'),(1932,19,'Mira Sur 1','66074'),(1933,19,'Mira Sur','66074'),(1934,19,'Fomerrey 36 Raul Caballero','66075'),(1935,19,'Andres Caballero Moreno Agrop','66080'),(1936,19,'Zona Industrial','66083'),(1937,19,'Lzaro Crdenas Agropecuaria del Norte','66084'),(1938,19,'Alianza Real','66084'),(1939,19,'Palmiras','66084'),(1940,19,'Arco Vial Fomerrey Agropecuaria','66084'),(1941,19,'Alianza Real Sector Yucatn','66084'),(1942,19,'Alianza Real Sector Oaxaca','66084'),(1943,19,'San Miguel','66085'),(1944,19,'Ampliacin Monclova','66085'),(1945,19,'Praderas de San Francisco Sector 2','66085'),(1946,19,'San Miguel de los Garza (La Luz)','66085'),(1947,19,'Praderas de San Francisco','66085'),(1948,19,'Monclova','66085'),(1949,19,'Monclovita','66085'),(1950,19,'Valle de San Miguel','66085'),(1951,19,'Portal de Piedra','66085'),(1952,48,'Privada La Bolita','66100'),(1953,48,'Privada Antigua','66100'),(1954,48,'La Fama','66100'),(1955,48,'Privada Acueducto','66100'),(1956,48,'Cimas del Pte','66110'),(1957,48,'Raul Salinas','66114'),(1958,48,'Cima de las Mitras','66114'),(1959,48,'Raul Salinas','66114'),(1960,48,'Cerro de las Mitras','66114'),(1961,48,'Jardn de las Mitras','66115'),(1962,48,'La Fama 4','66115'),(1963,48,'Fama V','66116'),(1964,48,'Fama II','66116'),(1965,48,'Fama IV','66116'),(1966,48,'La Fama 1','66117'),(1967,48,'Fama III','66118'),(1968,48,'Eugenio Canavati CTM','66118'),(1969,48,'Carlos Salinas de Gortari','66119'),(1970,48,'Lomas de La Fama','66119'),(1971,48,'Lomas Del Mirador','66119'),(1972,48,'Arboledas de las Mitras','66119'),(1973,48,'San Humberto','66120'),(1974,48,'Los Portales II','66120'),(1975,48,'Los Portales','66120'),(1976,48,'Los Portales I','66120'),(1977,48,'Balcones de San Humberto','66120'),(1978,48,'Villas de San Humberto','66120'),(1979,48,'Villas los Portales','66120'),(1980,48,'Provivienda del Pte 1 Sec','66129'),(1981,48,'Privadas del Poniente','66129'),(1982,48,'Unin','66129'),(1983,48,'Prados de San Jorge','66129'),(1984,48,'Provivienda del Pte 2 Sec','66129'),(1985,48,'Coop la Unin','66129'),(1986,48,'La Ermita','66129'),(1987,48,'Prov del Pte 3 Sec','66129'),(1988,48,'Prados de San Jose','66129'),(1989,48,'Indeco','66130'),(1990,48,'Fomerrey 2','66139'),(1991,48,'Rincn de las Mitras','66139'),(1992,48,'Jose Lopez Portillo','66140'),(1993,48,'Industrial Monte de los Olivos','66143'),(1994,48,'Residencial Cuauhtmoc','66144'),(1995,48,'Hacienda los Portales','66145'),(1996,48,'Santa Magdalena','66147'),(1997,48,'Trabajadores','66149'),(1998,48,'Parques la Fama','66150'),(1999,48,'Los Trevio','66150'),(2000,48,'Privada Trevio','66150'),(2001,48,'Cooperativa Del Norte','66159'),(2002,48,'Benito Jurez','66160'),(2003,48,'Valle de La Sierra','66165'),(2004,48,'Jardines de La Fama','66165'),(2005,48,'Campania I','66165'),(2006,48,'Privadas Ondara','66165'),(2007,48,'Campania','66166'),(2008,48,'La Espaola','66167'),(2009,48,'La Concordia','66168'),(2010,48,'Efimex','66169'),(2011,48,'Protexa','66170'),(2012,48,'Montenegro','66179'),(2013,48,'Jess M Garza','66180'),(2014,48,'Las Palmas','66187'),(2015,48,'La Fraternidad','66188'),(2016,48,'Residencial Olinca','66188'),(2017,48,'Cantizal','66188'),(2018,48,'La Barrica','66189'),(2019,48,'Lomas de San Isidro','66190'),(2020,48,'San Isidro','66190'),(2021,48,'Nueva Fortaleza','66195'),(2022,48,'Los Cenizos','66196'),(2023,48,'Valle Poniente Sector Olinca','66196'),(2024,48,'Residencial Cordillera','66196'),(2025,48,'Hacienda La Banda','66196'),(2026,48,'La Banda','66196'),(2027,48,'Va Cordillera','66196'),(2028,48,'Miguel Hidalgo','66196'),(2029,48,'El Aguacatal','66197'),(2030,48,'Loma Blanca','66197'),(2031,48,'Las Montaas','66197'),(2032,48,'Huasteca Real','66197'),(2033,48,'La Fortaleza','66198'),(2034,48,'Idelfonso Vzquez','66199'),(2035,47,'San Pedro Garza Garcia Centro','66200'),(2036,47,'San Pedro 400','66210'),(2037,47,'San Pedro 400 Ampliacin Norte','66210'),(2038,47,'Unidad Habitacional San Pedro','66210'),(2039,47,'La Leona','66210'),(2040,47,'El Obispo','66214'),(2041,47,'El Obispo 2','66214'),(2042,47,'Villa del Obispo','66214'),(2043,47,'San Pedro','66215'),(2044,47,'Vista Montaa 1er Sector','66216'),(2045,47,'Vista Montaa 2 Sector','66216'),(2046,47,'Vista Montaa 3 Sector','66216'),(2047,47,'Zona Clouhtier','66216'),(2048,47,'El Obispo','66216'),(2049,47,'Zona Industrial','66217'),(2050,47,'Plan de Ayala','66217'),(2051,47,'Lucio Blanco 1er Sector','66218'),(2052,47,'Valle del Seminario 1 Sector','66218'),(2053,47,'Lucio Blanco 2do Sector','66218'),(2054,47,'Echeverra','66218'),(2055,47,'Valle del Seminario 2 Sector','66218'),(2056,47,'Revolucin 3er Sector','66219'),(2057,47,'Revolucin 2do Sector','66219'),(2058,47,'Revolucin 4to Sector','66219'),(2059,47,'Revolucin 1er Sector','66219'),(2060,47,'Revolucin 5to Sector','66219'),(2061,47,'Zona Revolucin','66219'),(2062,47,'Jardines Del Valle','66220'),(2063,47,'Del Valle','66220'),(2064,47,'Zona los Sabinos','66224'),(2065,47,'Fuentes del David','66224'),(2066,47,'Zona Fuentes del Valle','66224'),(2067,47,'Zona Santa Brbara Poniente','66224'),(2068,47,'Fuentes del Valle','66224'),(2069,47,'Fuentes del Valle Sector Colinas','66224'),(2070,47,'Residencial Santa Barbara la Cripta','66224'),(2071,47,'Zona del Valle','66225'),(2072,47,'La Joya','66225'),(2073,47,'Valle Del Mezquite','66226'),(2074,47,'Bugambilias','66226'),(2075,47,'Las Capillas','66227'),(2076,47,'San Francisco','66227'),(2077,47,'Los Olivos','66227'),(2078,47,'Residencial San Carlos','66228'),(2079,47,'Zona de Los Callejones','66228'),(2080,47,'La Cima 1er Sector','66230'),(2081,47,'Villa Campanario','66230'),(2082,47,'Zona la Cima','66230'),(2083,47,'Codornices Aldama','66230'),(2084,47,'La Ventana','66230'),(2085,47,'Jardines Coloniales 2 Sector','66230'),(2086,47,'Zona Rosario','66230'),(2087,47,'Las Codornices','66230'),(2088,47,'Zona Palo Blanco','66230'),(2089,47,'La Cspide','66230'),(2090,47,'San Jos','66230'),(2091,47,'Jardines Coloniales 1er Sector','66230'),(2092,47,'San Gabriel','66230'),(2093,47,'Prados de La Sierra','66230'),(2094,47,'Rincn Colonial','66230'),(2095,47,'La Finca','66230'),(2096,47,'Privada Versalles','66230'),(2097,47,'Jardines Coloniales 3er Sector','66230'),(2098,47,'San Pedro','66230'),(2099,47,'Condominio','66230'),(2100,47,'Las Uvas','66230'),(2101,47,'Misin Del Valle','66230'),(2102,47,'Zona Hacienda San Francisco','66230'),(2103,47,'Las Verandas','66230'),(2104,47,'Residencial Los Cubos','66230'),(2105,47,'Morelos','66230'),(2106,47,'Zona Valle Poniente','66233'),(2107,47,'Las Sendas Andaluca','66233'),(2108,47,'Misin del Valle 3','66233'),(2109,47,'Santa Elena','66233'),(2110,47,'Las Sendas Galicias','66233'),(2111,47,'Villa Montaa Campestre','66234'),(2112,47,'La Cima 3er Sector','66235'),(2113,47,'La Cima 2do Sector','66235'),(2114,47,'Villa Montaa 2 Sector','66235'),(2115,47,'Los Olmos','66235'),(2116,47,'Villa Montaa 1er Sector','66235'),(2117,47,'Residencial Palo Blanco','66236'),(2118,47,'Jardines de Mirasierra','66236'),(2119,47,'Palo Blanco','66236'),(2120,47,'Villas de Santa Brbara','66236'),(2121,47,'Palo Blanco Sector El Edn','66236'),(2122,47,'Los Sauces 1er Sector','66237'),(2123,47,'Los Sauces 2 Sector','66237'),(2124,47,'Mirador de Vasconcelos','66238'),(2125,47,'Lucio Blanco 3er Sector','66238'),(2126,47,'Rincn de San Francisco','66238'),(2127,47,'Zona los Sauces','66238'),(2128,47,'Jess M Garza','66238'),(2129,47,'Valle de Vasconcelos','66238'),(2130,47,'Lindavista','66238'),(2131,47,'Lzaro Garza Ayala','66238'),(2132,47,'Zona Mirador Vazconcelos','66238'),(2133,47,'Volkswagen','66239'),(2134,47,'Rincn de Corregidora','66239'),(2135,47,'Hacienda de los Callejones','66239'),(2136,47,'Los Pinos 2 Sector (Asentamiento Irregular)','66239'),(2137,47,'Residencial las Amapas','66239'),(2138,47,'Los Pinos 1er Sector','66239'),(2139,47,'Nemesio Garcia Naranjo','66239'),(2140,47,'Mirasierra 1er Sector','66240'),(2141,47,'Mirasierra 2do Sector','66240'),(2142,47,'Zona La Ventana','66240'),(2143,47,'La Montaa','66240'),(2144,47,'Provivienda','66240'),(2145,47,'Tampiquito','66240'),(2146,47,'La Cooperativa','66240'),(2147,47,'Mirasierra 5to Sector','66240'),(2148,47,'Rincn de la Montaa 2 Sector','66240'),(2149,47,'Lomas de Tampiquito','66240'),(2150,47,'La Barranca','66240'),(2151,47,'Olmpico','66240'),(2152,47,'Privada San Andrs','66240'),(2153,47,'Rincn de La Montaa 1er Sector','66240'),(2154,47,'Mirasierra 4to Sector','66240'),(2155,47,'Rincn de la Montaa 3 Sector','66240'),(2156,47,'Zona Mirasierra','66240'),(2157,47,'Mirasierra 3er Sector','66240'),(2158,47,'Zona Valle del Mezquite','66240'),(2159,47,'Lomas del Bosque','66244'),(2160,47,'Capistrano','66244'),(2161,47,'Privada 20 de Noviembre','66244'),(2162,47,'Los Fresnos','66244'),(2163,47,'Lomas Valle Sector Convento','66244'),(2164,47,'Barranca Del Pedregal','66245'),(2165,47,'Hacienda Del Valle','66246'),(2166,47,'Hacienda El Rosario','66247'),(2167,47,'Tampiquito','66247'),(2168,47,'La Parvada','66247'),(2169,47,'Mansin Del Rosario','66247'),(2170,47,'Hacienda las Campanas','66247'),(2171,47,'Cerrada Moralillo','66249'),(2172,47,'Villas de Terrasol','66249'),(2173,47,'Moralillo','66249'),(2174,47,'Bosques del Valle 1er Sector','66250'),(2175,47,'Bosques del Valle 3er Sector','66250'),(2176,47,'Privada Ro Ebro','66250'),(2177,47,'Privada Sierra Madre','66250'),(2178,47,'Zona Privada Ro Tamazunchale','66250'),(2179,47,'Ftima','66250'),(2180,47,'Valle de Chipinque','66250'),(2181,47,'Bosques del Valle 5to Sector','66250'),(2182,47,'Bosques del Valle Ampliacin 5 Sector','66250'),(2183,47,'Jernimo Siller','66250'),(2184,47,'Bosques del Valle 2do Sector','66250'),(2185,47,'Bosques del Valle 4to Sector','66250'),(2186,47,'Zona Jernimo Siller','66250'),(2187,47,'Carrizalejo','66254'),(2188,47,'Lomas Del Valle','66256'),(2189,47,'Del Valle Sector Ftima','66257'),(2190,47,'Zona Ftima','66257'),(2191,47,'Cortijo Del Valle','66259'),(2192,47,'Gmez Morin','66259'),(2193,47,'Zona la Alianza','66259'),(2194,47,'Zona Antigua Exhacienda Carrizalejo','66259'),(2195,47,'Zona Carrizalejo','66259'),(2196,47,'La Caada','66259'),(2197,47,'Rincn de Carrizalejo','66259'),(2198,47,'Corporativo Proser','66260'),(2199,47,'Residencial San Agustn 2 Sector','66260'),(2200,47,'Residencial Canteras','66260'),(2201,47,'Residencial San Agustin 1 Sector','66260'),(2202,47,'Jardines de Campestre','66260'),(2203,47,'Ampliacin Canteras','66260'),(2204,47,'Portal de Santa Engracia','66260'),(2205,47,'San Mateo','66260'),(2206,47,'Del Valle Oriente','66260'),(2207,47,'Hacienda de La Sierra','66260'),(2208,47,'Ampliacin Valle del Mirador','66260'),(2209,47,'Zona San Agustn','66260'),(2210,47,'Zona Campestre','66263'),(2211,47,'Zona Santa Engracia','66263'),(2212,47,'Jardines del Campestre','66264'),(2213,47,'Valle Del Campestre','66265'),(2214,47,'Zona la Diana','66265'),(2215,47,'Residencial Santa Brbara 1 Sector','66266'),(2216,47,'Mirador Del Campestre','66266'),(2217,47,'Zona Loma Larga Oriente','66266'),(2218,47,'Residencial Frida Kahalo','66266'),(2219,47,'Verona','66266'),(2220,47,'La Admiranza','66266'),(2221,47,'Zona Loma Blanca Poniente','66266'),(2222,47,'Vista Real','66266'),(2223,47,'Zona Valle Oriente Norte','66266'),(2224,47,'Residencial Santa Brbara 2 Sector','66266'),(2225,47,'Los Arcngeles','66266'),(2226,47,'La Diana','66266'),(2227,47,'Villas de San Agustin','66266'),(2228,47,'Cojunto Habitacional Renzo','66266'),(2229,47,'Santa Engracia','66267'),(2230,47,'Privada Santa Engracia','66268'),(2231,47,'Del Valle Sect Norte','66268'),(2232,47,'Valle de Santa Engracia','66268'),(2233,47,'Villas de Santa Engracia','66268'),(2234,47,'Zona Valle Santa Engracia','66268'),(2235,47,'Del Valle Sect Oriente','66269'),(2236,47,'San Patricio 1 Sector','66270'),(2237,47,'Zona Tampiquito','66270'),(2238,47,'Zona Lomas de San Agustn','66270'),(2239,47,'Colinas de San Agustin','66270'),(2240,47,'Colorines 3er Sector','66270'),(2241,47,'Veredalta','66270'),(2242,47,'Zona San Patricio 4 Sector','66270'),(2243,47,'Colorines 1er Sector','66270'),(2244,47,'San Patricio 4 Sector','66270'),(2245,47,'Residencial Galeana','66270'),(2246,47,'Colorines 4to Sector','66270'),(2247,47,'San Patricio 2 Sector','66270'),(2248,47,'San Patricio 3 Sector','66270'),(2249,47,'San Agustin Campestre','66270'),(2250,47,'Colorines 5to Sector','66270'),(2251,47,'Misin San Patricio','66270'),(2252,47,'Colorines 2do Sector','66270'),(2253,47,'Zona San Patricio 3 Sector','66270'),(2254,47,'Villas de Aragn','66273'),(2255,47,'Privada Gruta','66273'),(2256,47,'Corporativo Santa Engracia 2 Sector','66273'),(2257,47,'Corporativo Santa Engracia 1 Sector','66273'),(2258,47,'Zona Montebello','66273'),(2259,47,'Jardines de San Agustin 1 Sector','66274'),(2260,47,'Zona Antigua Exhacienda San Agustn','66274'),(2261,47,'El Secreto','66274'),(2262,47,'Jardines de San Agustn 2 Sector','66274'),(2263,47,'Ampliacin Jardines de San Agustn 3er Sector','66274'),(2264,47,'Jardines de San Agustn 3 Sector','66274'),(2265,47,'Mesa de la Corona','66275'),(2266,47,'Vistas del Valle','66275'),(2267,47,'Villa las Palmas','66276'),(2268,47,'Hacienda San Agustin','66276'),(2269,47,'Zona Hacienda San Agustn','66276'),(2270,47,'Zona Lomas del Campestre','66276'),(2271,47,'La Encantada','66277'),(2272,47,'Santa Cruz','66277'),(2273,47,'Las Ceibas','66277'),(2274,47,'Privada Real de San Agustn','66277'),(2275,47,'Turquesa','66277'),(2276,47,'Privada San Roberto','66277'),(2277,47,'Balcones de San Agustin','66278'),(2278,47,'Las Privanzas Primero','66278'),(2279,47,'Lomas de San Agustn 2 Sector','66278'),(2280,47,'Misin de San Agustn','66278'),(2281,47,'Privanzas','66278'),(2282,47,'Privanzas Pamplona','66278'),(2283,47,'Real de San Agustin','66278'),(2284,47,'Corporativo Prodesa','66278'),(2285,47,'Privanza Fundadores','66278'),(2286,47,'Las Querenzas','66278'),(2287,47,'Lomas del Campestre 2 Sector','66278'),(2288,47,'Privanza Alicante','66278'),(2289,47,'Privanzas Burdeos','66278'),(2290,47,'Flor de Mayo','66278'),(2291,47,'Las Privanzas 3 Sector Segunda Etapa','66278'),(2292,47,'Lomas de San Agustn 1er Sector','66278'),(2293,47,'Rincn de las Garzas','66278'),(2294,47,'Privanzas Martinica','66278'),(2295,47,'Rincn del Campestre','66278'),(2296,47,'Los Amates','66278'),(2297,47,'Valle de San Agustin','66278'),(2298,47,'Parque Corporativo Uccaly','66278'),(2299,47,'Los Quetzales','66278'),(2300,47,'Alto Eucalipto','66278'),(2301,47,'Zona San Agustn Campestre','66278'),(2302,47,'Privanza Venecia','66278'),(2303,47,'Privanzas 4 Sector 1 Etapa','66278'),(2304,47,'Privanzas Crcega','66278'),(2305,47,'Privanzas Marsella','66278'),(2306,47,'Privanzas Niza','66278'),(2307,47,'La Muralla','66278'),(2308,47,'Real Del Valle','66278'),(2309,47,'Las Privanzas Segundo','66278'),(2310,47,'El Refugio','66278'),(2311,47,'Balcones Del Campestre','66278'),(2312,47,'Alto Jazmn','66278'),(2313,47,'Zona Valle Oriente Sur','66278'),(2314,47,'Los Rincones','66278'),(2315,47,'Privanzas Alejandra','66278'),(2316,47,'Lomas del Campestre 1er Sector','66278'),(2317,47,'Santa Fe','66278'),(2318,47,'Colonial San Agustin','66278'),(2319,47,'Ampliacin Lomas del Campestre','66278'),(2320,47,'Privanza Toledo','66278'),(2321,47,'Villas Carmel','66278'),(2322,47,'Las Calzadas','66278'),(2323,47,'Colonia Valle Oriente Sur','66278'),(2324,47,'Privanzas Mnaco','66278'),(2325,47,'Antigua Hacienda San Agustin','66278'),(2326,47,'Privada Lomas de San Agustin','66278'),(2327,47,'Lomas de San Agustn 3 Sector','66278'),(2328,47,'Punto Central','66279'),(2329,47,'Villa Del Pedregal','66280'),(2330,47,'Bosques de La Sierra 2do Sector','66280'),(2331,47,'Pedregal Del Valle','66280'),(2332,47,'Bosques de La Sierra 1er Sector','66280'),(2333,47,'Bosques de La Sierra 3er Sector','66280'),(2334,47,'Colinas de La Sierra Madre','66280'),(2335,47,'Balcones Del Valle','66280'),(2336,47,'Zona Bosques de la Sierra','66280'),(2337,47,'Villas Del Pedregal','66280'),(2338,47,'Villas Crisantemo','66280'),(2339,47,'Sierra Nevada','66285'),(2340,47,'Villas del Valle','66285'),(2341,47,'Zona Colinas Sierra Madre','66285'),(2342,47,'Zona Valle San ngel','66285'),(2343,47,'Zona Bosques del Valle','66285'),(2344,47,'El Santuario','66286'),(2345,47,'Colonial La Sierra','66286'),(2346,47,'Residencial Sierra Del Valle','66286'),(2347,47,'Zona el Santuario','66286'),(2348,47,'Zona Pedregal del Valle','66287'),(2349,47,'Lomas Del Rosario','66287'),(2350,47,'Valle de San ngel Sect Jardines','66290'),(2351,47,'Valle de San ngel Sect Espaol','66290'),(2352,47,'Bosques de San ngel Sector Palmillas','66290'),(2353,47,'Valle de San Angel Sect Frances','66290'),(2354,47,'Valle de San ngel Sect Mexicano','66290'),(2355,47,'Olinal','66290'),(2356,47,'Loma Blanca','66290'),(2357,47,'Valle de San ngel Rincn Francs','66290'),(2358,47,'Joya del Venado','66295'),(2359,47,'Zona Alpino','66295'),(2360,47,'Hacienda de Carrizalejo','66295'),(2361,47,'Lomas de San Angel','66295'),(2362,47,'Comercial Alpino Chipinque','66295'),(2363,47,'Colinas de San ngel 2do Sector','66296'),(2364,47,'Colinas de San Angel 1er Sector','66296'),(2365,47,'Villa Chipinque','66297'),(2366,47,'Villas La Rivera','66297'),(2367,47,'La Joya de La Corona','66297'),(2368,47,'Residencial Chipinque 4 Sector','66297'),(2369,47,'Las Alondras','66297'),(2370,47,'Zona Loma Blanca','66297'),(2371,47,'Los Encinos','66297'),(2372,47,'Residencial Chipinque 1 Sector','66297'),(2373,47,'Residencial Chipinque 3 Sector','66297'),(2374,47,'Residencial Chipinque 2 Sector','66297'),(2375,47,'Zona Residencia Chipinque','66297'),(2376,48,'Santa Catarina Centro','66350'),(2377,48,'El Castillo','66350'),(2378,48,'Res. Panormica','66350'),(2379,48,'Santa Martha I','66350'),(2380,48,'Santa Martha II','66350'),(2381,48,'Cerrada del Valle','66350'),(2382,48,'Lzaro Crdenas','66350'),(2383,48,'Mirador de Santa Catarina','66350'),(2384,48,'Cerrada del Valle Plus','66350'),(2385,48,'Nueva Santa Catarina','66350'),(2386,48,'Real del Valle 1 Sector','66350'),(2387,48,'Real del Valle 2 Sector','66350'),(2388,48,'El Paraso','66353'),(2389,48,'Residencial la Huasteca','66353'),(2390,48,'Priv San Patricio','66353'),(2391,48,'Infonavit La Huasteca Sexta Seccin','66354'),(2392,48,'Privadas la Huasteca','66354'),(2393,48,'Ventanas de La Huasteca','66354'),(2394,48,'Enrique Rangel','66354'),(2395,48,'Inf Santa Catarina','66354'),(2396,48,'Misin de la Huasteca','66354'),(2397,48,'Loma Pelona','66354'),(2398,48,'Inf la Huasteca','66354'),(2399,48,'La Huasteca 2o Sect','66354'),(2400,48,'Mirador de la Huasteca','66354'),(2401,48,'La Huasteca Infonavit 4o Sect','66354'),(2402,48,'Los Vitrales','66354'),(2403,48,'Bosques de La Huasteca','66354'),(2404,48,'La Huasteca 1er Sect','66354'),(2405,48,'La Huasteca 3','66354'),(2406,48,'Infonavit La Huasteca Quinta Seccin','66354'),(2407,48,'Infonavit La Huasteca Sptima Seccin','66354'),(2408,48,'Pedregal de La Huasteca','66354'),(2409,48,'Priv Sierra Madre','66354'),(2410,48,'Parque Industrial Atlas','66355'),(2411,48,'Privada 10 de Mayo','66356'),(2412,48,'Alfonso Martinez Dominguez','66356'),(2413,48,'Praderas Del Castillo','66356'),(2414,48,'Paseo de La Sierra','66357'),(2415,48,'Balcones de Santa Catarina (fomerrey 134)','66357'),(2416,48,'Fomerrey 134','66357'),(2417,48,'Hacienda de Santa Catarina','66357'),(2418,48,'Cumbres de Santa Catarina','66358'),(2419,48,'Puerta Del Sol','66358'),(2420,48,'Cumbres de Santa Catarina 2 Sec','66358'),(2421,48,'Luis Echeverra Alvarez','66358'),(2422,48,'Zimex','66358'),(2423,48,'Paseo de Santa Catarina','66358'),(2424,48,'Gral Naranjo','66358'),(2425,48,'Las Catarinas','66358'),(2426,48,'Zimix Seccin Leones','66358'),(2427,48,'Zimix Sur','66358'),(2428,48,'Zimix Norte','66358'),(2429,48,'Cumbres de Santa Catarina 3 Sec','66358'),(2430,48,'Pedregal de Santa Catarina','66358'),(2431,48,'Cumbres de Santa Catarina 1 Sec','66358'),(2432,48,'Residencial de La Sierra','66358'),(2433,48,'Cordilleras Del Virrey','66358'),(2434,48,'Zimix Amp','66358'),(2435,48,'Portal de Santa Catarina','66358'),(2436,48,'Torres de Santa Catarina','66359'),(2437,48,'Privadas de La Montaa','66359'),(2438,48,'Mirador de las Mitras','66359'),(2439,48,'Inf Lomas de Santa Catarina','66359'),(2440,48,'Universidad Tecnolgica de Santa Catarina','66359'),(2441,48,'Residencial Santa Cecilia I','66359'),(2442,48,'Las Anacuas','66359'),(2443,48,'Lomas Altas','66359'),(2444,48,'Bosques de Santa Catarina','66359'),(2445,48,'Lomas de Santa Catarina','66359'),(2446,48,'Prados de Santa Catarina','66359'),(2447,48,'La Puerta de La Huasteca','66359'),(2448,48,'Residencial Santa Cecilia II','66359'),(2449,48,'Robles de Santa Catarina','66359'),(2450,48,'Inf. Adolfo Lpez Mateos','66360'),(2451,48,'Ind Unidad Nacional','66360'),(2452,48,'Industrial Monte de los Olivos','66360'),(2453,48,'Hacienda San Jose','66360'),(2454,48,'Industrial Fico','66360'),(2455,48,'Adolfo Lopez Mateos','66360'),(2456,48,'La Joya','66360'),(2457,48,'Misin Santa Catarina','66360'),(2458,48,'Inf Cuauhtmoc Infonavit','66360'),(2459,48,'Residencial Cuauhtmoc','66360'),(2460,48,'Colinas de Santa Catarina','66360'),(2461,48,'El Obispo JOMYCO','66360'),(2462,48,'Jardines de Santa Catarina 1','66362'),(2463,48,'Paseo del Parque','66362'),(2464,48,'Privada 5 de Mayo','66362'),(2465,48,'Paseo Del Prado','66362'),(2466,48,'Jardines de Santa Catarina 2','66362'),(2467,48,'El Molino','66362'),(2468,48,'Indalecio Vzquez','66362'),(2469,48,'Jardines de Santa Catarina','66362'),(2470,48,'Rincn de las Huertas','66362'),(2471,48,'Bosques del Poniente','66362'),(2472,48,'Ex Hacienda los Arredondos','66362'),(2473,48,'Pio XII','66362'),(2474,48,'Villas del Poniente Las Granadas','66362'),(2475,48,'Valle de Santa Cruz','66362'),(2476,48,'Residencial Arvore','66362'),(2477,48,'Mercado de Abastos Poniente','66362'),(2478,48,'Labores Nuevas','66363'),(2479,48,'El Escorial','66363'),(2480,48,'Senderos','66363'),(2481,48,'Praderas de Santa Catarina','66364'),(2482,48,'Unin del Noreste','66364'),(2483,48,'Villas Del Mirador','66365'),(2484,48,'Rincn de La Huasteca','66365'),(2485,48,'Prados Del Sol','66365'),(2486,48,'Mrtires de Cananea','66365'),(2487,48,'Prados Del Rey','66365'),(2488,48,'Tepeyac','66366'),(2489,48,'Provivienda Tepeyac','66366'),(2490,48,'Huasteca del Valle I','66367'),(2491,48,'Residencial de Santa Catarina','66367'),(2492,48,'El Frutal','66367'),(2493,48,'Del Poniente','66367'),(2494,48,'Parque Industrial Milenium','66367'),(2495,48,'El Obispo','66367'),(2496,48,'Parque Ind del Pte Kalos','66367'),(2497,48,'T.A.D. Pemex Refineria','66367'),(2498,48,'Parque Industrial Pedreras','66367'),(2499,48,'Industrial Martel de Santa Catarina','66367'),(2500,48,'Parque Industrial La Esperanza','66367'),(2501,48,'Bosques la Huasteca','66367'),(2502,48,'Norberto Aguirre','66367'),(2503,48,'La Puerta','66367'),(2504,48,'Industrial Marfer','66367'),(2505,48,'Privadas de Santa Catarina Sector Elite','66367'),(2506,48,'Unidad Nacional II','66367'),(2507,48,'Privadas de Santa Catarina','66367'),(2508,48,'Los Viedos','66367'),(2509,48,'Hacienda el Palmar','66367'),(2510,48,'Industrial Santa Catarina','66367'),(2511,48,'Puerta de las Mitras','66367'),(2512,48,'Parque Industrial los Nogales','66367'),(2513,48,'Industrial las Anacuas','66367'),(2514,48,'Rincn de las Palmas','66368'),(2515,48,'Industrial las Palmas','66368'),(2516,48,'Rincn Del Poniente','66368'),(2517,48,'San Francisco','66368'),(2518,48,'Micro Empresarios','66368'),(2519,48,'Rincn de La Villa','66368'),(2520,48,'Real de Santa Catarina','66368'),(2521,48,'Lomas del Pte','66369'),(2522,48,'Visin de la Huasteca','66369'),(2523,48,'La Conquista','66369'),(2524,48,'San Gilberto','66369'),(2525,48,'Las Sombrillas','66369'),(2526,48,'Las Almenas','66369'),(2527,48,'Misin de las Villas','66369'),(2528,48,'Industrias del Poniente','66370'),(2529,48,'27 de Mayo','66373'),(2530,48,'Virginia Tafich','66374'),(2531,48,'Vista a la Sierra','66375'),(2532,48,'29 de Julio','66375'),(2533,48,'El Lechugal','66376'),(2534,48,'Santa Julia','66376'),(2535,48,'Santa Catalina','66376'),(2536,48,'Las Sierras','66377'),(2537,48,'San Gregorio','66377'),(2538,48,'Aurora','66378'),(2539,48,'Aurorita','66378'),(2540,48,'Desarrollo Industrial Monterrey','66390'),(2541,48,'Parque Industrial Milimex','66390'),(2542,46,'San Nicols de los Garza Centro','66400'),(2543,46,'Secretaria de Hacienda y Crdito Publico 141','66409'),(2544,46,'Las Alamedas','66410'),(2545,46,'Mxico Lindo','66410'),(2546,46,'Miraflores Sector 3','66410'),(2547,46,'Nicols Bravo Sect 2','66410'),(2548,46,'Ignacio Ramirez','66410'),(2549,46,'Constituyentes Del 17','66410'),(2550,46,'Miraflores Sector 1','66410'),(2551,46,'La Enramada','66410'),(2552,46,'Benito Jurez','66410'),(2553,46,'Nicols Bravo','66410'),(2554,46,'Miraflores Sector 2','66410'),(2555,46,'Privada Sendero Anhuac','66410'),(2556,46,'Centro de Desarrollo Comunitario CEDECO','66412'),(2557,46,'San Bartolo','66413'),(2558,46,'Bosques Del Roble','66413'),(2559,46,'El Naranjal','66413'),(2560,46,'Bosques del Roble Sector 2','66413'),(2561,46,'Rincn del Roble','66413'),(2562,46,'Huertas de San Bartolo','66413'),(2563,46,'San Isidro','66413'),(2564,46,'Roble San Nicols Sector 2','66414'),(2565,46,'Roble San Nicols Sector 3','66414'),(2566,46,'El Fundador','66414'),(2567,46,'Residencial El Roble','66414'),(2568,46,'Roble San Nicols Sector 4','66414'),(2569,46,'Roble San Nicols','66414'),(2570,46,'Jardines de San Nicols','66414'),(2571,46,'Residencial San Nicols','66414'),(2572,46,'Fomerrey 4 Mujeres Ilustres','66415'),(2573,46,'Villa Luz','66415'),(2574,46,'Hroes de Mxico','66415'),(2575,46,'Hroes de Mxico Sector 3','66415'),(2576,46,'Hroes de Mxico Sector 2','66415'),(2577,46,'La Nogalera','66417'),(2578,46,'Portal del Roble','66417'),(2579,46,'La Nogalera Sector 3','66417'),(2580,46,'La Nogalera Sector 2','66417'),(2581,46,'Anhuac Sendero','66417'),(2582,46,'Valle de Las Alamedas','66417'),(2583,46,'Hacienda del Roble Sector 2','66417'),(2584,46,'Hacienda El Roble','66417'),(2585,46,'Villas Del Roble','66417'),(2586,46,'Residencial los Nogales','66417'),(2587,46,'Valle Del Roble','66417'),(2588,46,'Viejo Roble Sector 2','66418'),(2589,46,'Viejo Roble Sector 3','66418'),(2590,46,'Viejo Roble','66418'),(2591,46,'Centenario II','66418'),(2592,46,'Valle Dorado','66418'),(2593,46,'Valle Sol','66418'),(2594,46,'Residencial Roble Sector 2','66418'),(2595,46,'Residencial Perifrico Sector 3','66420'),(2596,46,'Iturbide','66420'),(2597,46,'Residencial Perifrico Sector 2','66420'),(2598,46,'Villazul','66420'),(2599,46,'Residencial Perifrico','66420'),(2600,46,'Las Villas','66420'),(2601,46,'Villa Universidad','66420'),(2602,46,'Iturbide Sector 2','66420'),(2603,46,'Iturbide Sector 3','66420'),(2604,46,'Cerradas Del Roble','66420'),(2605,46,'Paraso de Anhuac','66422'),(2606,46,'Balcones de Anhuac','66422'),(2607,46,'Reserva de Anahuac','66422'),(2608,46,'Villas de Anhuac','66422'),(2609,46,'El Mirador de San Nicols (fomerrey 129)','66422'),(2610,46,'Rincn de Anhuac','66422'),(2611,46,'Residencial Anhuac Zona Norte','66422'),(2612,46,'Villas Anhuac Sector 2','66422'),(2613,46,'Hacienda de Anhuac','66422'),(2614,46,'Nuevo Perifrico Sector 3','66423'),(2615,46,'Nuevo Perifrico Sector 2','66423'),(2616,46,'Nuevo Perifrico Sector 1','66423'),(2617,46,'Perifrico Norte','66424'),(2618,46,'Privada Residencia Hacienda Anhuac','66425'),(2619,46,'Colinas de Anahuac','66425'),(2620,46,'Stiva','66425'),(2621,46,'Barragn','66425'),(2622,46,'Getsemani','66425'),(2623,46,'Tabachines','66425'),(2624,46,'Estacin Ramon Trevio','66425'),(2625,46,'Villa Real Sector 2','66427'),(2626,46,'Villarreal','66427'),(2627,46,'Las Misiones','66428'),(2628,46,'Casa Bella Sector 2 2a Etapa','66428'),(2629,46,'Casa Bella Sector 1','66428'),(2630,46,'Casa Bella Sector 2 1a Etapa','66428'),(2631,46,'Privada Casa Bella','66428'),(2632,46,'Casa Bella Sector 3','66428'),(2633,46,'El Refugio Sector 1','66430'),(2634,46,'San Antonio','66430'),(2635,46,'Miraflores Sector 4','66430'),(2636,46,'Francisco Villa','66430'),(2637,46,'El Refugio Sector 2','66430'),(2638,46,'Los lamos','66430'),(2639,46,'Los Nogales','66430'),(2640,46,'Betel','66430'),(2641,46,'Congregacin Mariano Escobedo','66430'),(2642,46,'Santa Maria','66430'),(2643,46,'Portal Del Roble','66430'),(2644,46,'Rincn de los lamos','66430'),(2645,46,'La Gloria','66430'),(2646,46,'San Ignacio','66430'),(2647,46,'Rivera San Nicols','66434'),(2648,46,'Rincn de los Cedros','66435'),(2649,46,'Praderas de Santo Domingo','66436'),(2650,46,'Las Nuevas Puente','66436'),(2651,46,'Vicente Guerrero (fomerrey 46)','66437'),(2652,46,'Poblado de Santo Domingo','66437'),(2653,46,'Valle de San Carlos','66437'),(2654,46,'Los Nogales','66437'),(2655,46,'Villas Santo Domingo','66437'),(2656,46,'Valle de las Flores','66438'),(2657,46,'Villas de Santo Domingo Sector 2','66438'),(2658,46,'Valle de Santo Domingo 1er Sector','66438'),(2659,46,'Valle de Las Flores Sector 2','66438'),(2660,46,'Valle de Santo Domingo Sector 3','66438'),(2661,46,'Los Nogales (Fomerrey 44)','66440'),(2662,46,'Los Morales','66440'),(2663,46,'Nuevo Mezquital','66440'),(2664,46,'Los Morales Sector 2','66440'),(2665,46,'Ciudad Mezquital','66440'),(2666,46,'Torres de Santo Domingo','66440'),(2667,46,'Unidad Laboral Sector 2','66440'),(2668,46,'Unidad Laboral 1er. Sector','66440'),(2669,46,'Sin Nombre','66443'),(2670,46,'Santo Domingo','66444'),(2671,46,'Pedregal de Santo Domingo Sector 3','66444'),(2672,46,'Paseo de Los Andes Sector 2 Seccin A y B','66444'),(2673,46,'Pedregal de Santo Domingo Sector 2','66444'),(2674,46,'Pedregal de Santo Domingo','66444'),(2675,46,'Paseo de los Andes Sector 1','66444'),(2676,46,'Paseo de Los Andes Sector 3','66444'),(2677,46,'Carmen Romano de Lopez Portillo (fomerrey 27)','66444'),(2678,46,'Fuentes de Anhuac','66444'),(2679,46,'Prados de Santo Domingo Sector 1','66444'),(2680,46,'Estacin Lagrange','66444'),(2681,46,'Valle del Mezquital (Fomerrey 30)','66445'),(2682,46,'Los Parques','66445'),(2683,46,'Jardines Del Mezquital','66445'),(2684,46,'Balcones de Santo Domingo','66446'),(2685,46,'Paseo  San Nicols','66446'),(2686,46,'Paseo San Nicols','66446'),(2687,46,'Real Anhuac','66446'),(2688,46,'Anhuac la Escondida','66446'),(2689,46,'Santo Domingo (Fom. 34)','66447'),(2690,46,'Industrial los Parques','66448'),(2691,46,'Los Naranjos Sect 4','66448'),(2692,46,'Arboledas de Santo Domingo','66448'),(2693,46,'Los Naranjos Sector 2','66448'),(2694,46,'Los Naranjos Sector 1','66448'),(2695,46,'Residencial Santo Domingo','66448'),(2696,46,'Los Naranjos Sector 3','66448'),(2697,46,'Aquiles Serdn (fom. 33)','66449'),(2698,46,'Arboledas Del Mezquital','66449'),(2699,46,'Fomerrey 118','66449'),(2700,46,'Unidad Habitacional Torres de Santo Domingo','66449'),(2701,46,'Parques de Santo Domingo','66449'),(2702,46,'Residencial Santo Domingo Sector 2','66449'),(2703,46,'Colonial','66449'),(2704,46,'Fomerrey 119','66449'),(2705,46,'Hacienda de Santo Domingo','66449'),(2706,46,'Anhuac','66450'),(2707,46,'El Roble','66450'),(2708,46,'Valle de Anhuac','66450'),(2709,46,'Prival de Anahuac','66450'),(2710,46,'Pedregal de Anhuac 2 Sector','66450'),(2711,46,'Viejo Anhuac','66450'),(2712,46,'Lomas del Roble Sector 2','66450'),(2713,46,'Cuauhtmoc Sector 2','66450'),(2714,46,'Pedregal de Anhuac 1 Sector','66450'),(2715,46,'El Roble Sector 2','66450'),(2716,46,'Cuauhtmoc Sector 3','66450'),(2717,46,'Avita Anahuac','66450'),(2718,46,'Cuauhtmoc','66450'),(2719,46,'Chapultepec','66450'),(2720,46,'Lomas del Roble Sector 1','66450'),(2721,46,'Hojalata y Lamina Sa','66452'),(2722,46,'Ciudad Universitaria','66455'),(2723,46,'Potrero Anhuac','66456'),(2724,46,'Villa las Puentes','66456'),(2725,46,'Ancestra','66456'),(2726,46,'Parque Anhuac','66456'),(2727,46,'Potrero de Anhuac Sector 2','66456'),(2728,46,'Potrero de Anhuac Sector 3','66456'),(2729,46,'Residencial Anhuac Sector 2','66457'),(2730,46,'Residencial Anhuac Sector 1','66457'),(2731,46,'Residencial Anhuac Sector 3','66457'),(2732,46,'Residencial Anhuac Sector 4','66457'),(2733,46,'Residencial Anhuac Sector 5','66457'),(2734,46,'Roble Norte','66458'),(2735,46,'Nuevo Laredo','66459'),(2736,46,'Royal','66459'),(2737,46,'La Joroba','66459'),(2738,46,'Ao de Jurez (fomerrey 86)','66460'),(2739,46,'Las Puentes Sector 8','66460'),(2740,46,'Las Puentes Sector 9','66460'),(2741,46,'Rincn de las Puentes','66460'),(2742,46,'Las Puentes Sector 12','66460'),(2743,46,'Las Puentes Sector 4','66460'),(2744,46,'Las Puentes Sector 10','66460'),(2745,46,'Las Puentes Sector 14','66460'),(2746,46,'Paseo de las Puentes','66460'),(2747,46,'Las Puentes Sector 1','66460'),(2748,46,'Las Puentes Sector 6','66460'),(2749,46,'Las Puentes Sector 11','66460'),(2750,46,'Las Puentes Sector 2','66460'),(2751,46,'Las Puentes Sector 7','66460'),(2752,46,'Las Puentes Sector 15','66460'),(2753,46,'Residencial las Puentes Sector 1 Seccin A','66460'),(2754,46,'Valle de las Puentes','66460'),(2755,46,'Jardn de las Puentes','66460'),(2756,46,'Las Puentes Sector 3','66460'),(2757,46,'Las Puentes Sector 5','66460'),(2758,46,'Rincn de los Andes','66460'),(2759,46,'Villa las Puentes','66460'),(2760,46,'Bosques de Anhuac','66463'),(2761,46,'Jardines de Anhuac Sector 1','66463'),(2762,46,'Jardines de Anhuac Sector 2','66463'),(2763,46,'Jardines de Anhuac Sector 3','66463'),(2764,46,'Residencial Nova','66464'),(2765,46,'Residencial Nova Sector 3','66464'),(2766,46,'Residencial Nova Sector 2','66464'),(2767,46,'Colonial las Puentes','66465'),(2768,46,'Hacienda las Puentes','66465'),(2769,46,'Riveras de Las Puentes Sector 2','66465'),(2770,46,'Residencial Las Palmas Sector 1','66465'),(2771,46,'Residencial Las Palmas Sector 3','66465'),(2772,46,'Arboledas de San Jorge','66465'),(2773,46,'Quinta las Puentes','66465'),(2774,46,'Residencial Las Palmas Sector 2','66465'),(2775,46,'Riveras de las Puentes','66465'),(2776,46,'Balcones de las Puentes','66466'),(2777,46,'Residencial Las Puentes Sector 1 Seccin B','66467'),(2778,46,'Residencial Las Puentes Sector 4 Seccin B','66467'),(2779,46,'Residencial Las Puentes Sector 2 Seccin A','66467'),(2780,46,'Residencial Las Puentes Sector 2 Seccin B','66467'),(2781,46,'Residencial Las Puentes Sector 5 Seccin B','66467'),(2782,46,'Residencial Las Puentes Sector 1 Seccin C','66467'),(2783,46,'Residencial Las Puentes Sector 3 Seccin B','66467'),(2784,46,'Jardines de Santo Domingo','66468'),(2785,46,'Julio Camelo Trevio','66469'),(2786,46,'Las Esperanzas','66469'),(2787,46,'Villa Esperanza','66469'),(2788,46,'Industrias Del Vidrio Oriente','66470'),(2789,46,'Villa Luis','66470'),(2790,46,'Villas de Oriente Sector 3','66470'),(2791,46,'Del Lago Sect 2','66470'),(2792,46,'Paseo de los Angeles','66470'),(2793,46,'Residencial los Morales','66470'),(2794,46,'Del Vidrio Oriente Sect 5','66470'),(2795,46,'Residencial Paseo de los Angeles','66470'),(2796,46,'Costa del Sol 1er Sector','66470'),(2797,46,'Miguel Aleman','66470'),(2798,46,'Alcatraces Residencial','66470'),(2799,46,'Los Laureles','66470'),(2800,46,'San Benito Del Lago','66470'),(2801,46,'Rincn Del Oriente','66470'),(2802,46,'Tacuba','66470'),(2803,46,'Villas de Oriente Sector 1','66470'),(2804,46,'Costa del Sol Sector 2','66470'),(2805,46,'Del Vidrio Oriente Sect 4','66470'),(2806,46,'Andaluca','66470'),(2807,46,'Del Vidrio Oriente Sect 3','66470'),(2808,46,'Villas de Oriente Sector 2','66470'),(2809,46,'La Talaverna','66473'),(2810,46,'Villas de San Miguel','66473'),(2811,46,'Los Olivos','66473'),(2812,46,'La Talaverna CROC','66473'),(2813,46,'Bosques de Lindavista','66473'),(2814,46,'Bosques de Lindavista Sector Diamante','66473'),(2815,46,'Blas Chumacero CTM','66473'),(2816,46,'Los Cipreses','66473'),(2817,46,'Parque La Talaverna','66473'),(2818,46,'Blas Chumacero 2 Sector','66473'),(2819,46,'Bosques de Lindavista 2 Sector','66473'),(2820,46,'Cipreses Residencial 5 Sector','66474'),(2821,46,'Cipreses Residencial 3 Sector','66474'),(2822,46,'Cipreses Residencial 4 Sector','66474'),(2823,46,'Cipreses Residencial 2 Sector','66474'),(2824,46,'Los ngeles Sect 8','66475'),(2825,46,'Villas de Casa Blanca Sector 2','66475'),(2826,46,'Jardines de Casa Blanca Sector 2','66475'),(2827,46,'Casa Blanca','66475'),(2828,46,'Villas de Casa Blanca Sector 3','66475'),(2829,46,'Jardines de Casa Blanca','66475'),(2830,46,'Los ngeles Sector 7','66475'),(2831,46,'San ngel Casa Blanca','66475'),(2832,46,'Villas de Casa Blanca','66475'),(2833,46,'La Estancia Sector 2','66476'),(2834,46,'La Estancia Sector 1','66476'),(2835,46,'Los Reales Sector 1','66476'),(2836,46,'Los Reales Sector 2','66476'),(2837,46,'Ciudad Minera','66476'),(2838,46,'La Estancia Sector 4','66476'),(2839,46,'La Estancia Sector 3','66476'),(2840,46,'Ideal Minera','66476'),(2841,46,'Del Lago Sector 1','66477'),(2842,46,'Hacienda las Fuentes','66477'),(2843,46,'Residencial Santa F','66477'),(2844,46,'Hacienda los Angeles','66477'),(2845,46,'La Fe','66477'),(2846,46,'Los Angeles Sector 3','66477'),(2847,46,'Los Angeles Sector 4','66478'),(2848,46,'Misin de San Cristbal','66478'),(2849,46,'Los Pinos','66478'),(2850,46,'Misin de Casa Blanca 2do Sector','66478'),(2851,46,'Palmas Diamante','66478'),(2852,46,'Arboledas de San Cristbal','66478'),(2853,46,'Rincn de los ngeles','66478'),(2854,46,'Fresnos del Lago','66478'),(2855,46,'Privadas de Casa Blanca','66478'),(2856,46,'Residencial los Angeles Sect 2','66478'),(2857,46,'Valle Casa Blanca','66478'),(2858,46,'Misin de Casa Blanca','66478'),(2859,46,'Rincn de Casa Blanca Sector 2','66478'),(2860,46,'Villas de San Cristbal Sector 2','66478'),(2861,46,'Residencial San Cristbal Sector 2','66478'),(2862,46,'Los Angeles Sector 5','66478'),(2863,46,'Rincn de Casa Blanca 1er Sector','66478'),(2864,46,'Cerradas de Casa Blanca','66478'),(2865,46,'Residencial los Angeles Sect 1','66478'),(2866,46,'Residencial San Cristbal Sector 1','66478'),(2867,46,'Villas San Cristbal 1er Sector','66478'),(2868,46,'Residencial San Cristbal Sector 3','66478'),(2869,46,'Quinta Montecarlo','66478'),(2870,46,'Margarita Salazar','66479'),(2871,46,'Deportivo Lagrange','66480'),(2872,46,'Bosques Del Nogalar','66480'),(2873,46,'Diaz Ordaz','66480'),(2874,46,'INFONAVIT Conductores','66480'),(2875,46,'Garza Cantu','66480'),(2876,46,'Jose Lopez Portillo','66480'),(2877,46,'Nogalar','66480'),(2878,46,'Prados Del Nogalar (fomerrey 11)','66480'),(2879,46,'Residencial Nogalar','66480'),(2880,46,'Valle de las Granjas (fomerrey 13)','66480'),(2881,46,'Bosques del Nogalar 2 Sector','66480'),(2882,46,'Futuro Nogalar Sector 2','66480'),(2883,46,'Azteca Fomerrey 11','66480'),(2884,46,'Valle Azteca (fomerrey 12)','66480'),(2885,46,'Valle Del Nogalar','66480'),(2886,46,'Mercado de Abastos Estrella','66482'),(2887,46,'Predio Aldape','66482'),(2888,46,'Futuro Nogalar Sector 1','66484'),(2889,46,'Industrial Nogalar','66484'),(2890,46,'Antiguo Nogalar','66484'),(2891,46,'Rincn Del Nogalar','66485'),(2892,46,'Bosques de Santo Domingo (fomerrey 92)','66485'),(2893,46,'4 de Octubre Fomerrey 72','66486'),(2894,46,'La Morena (fomerrey 65)','66486'),(2895,46,'Nogalar Infonavit','66486'),(2896,46,'Hacienda Nogalar','66486'),(2897,46,'Jardines Del Nogalar (fomerrey 28)','66486'),(2898,46,'Salvador Allende','66486'),(2899,46,'Privada Nogalar','66486'),(2900,46,'Floridos Bosques Del Nogalar (fomerrey 90)','66488'),(2901,46,'El Agarron','66488'),(2902,46,'Luis M Farias','66488'),(2903,46,'27 de Julio','66488'),(2904,46,'Lagos de Chapultepec (fomerrey 69)','66489'),(2905,46,'Constituyentes de Queretaro Sector 2','66490'),(2906,46,'Residencial Riviera Sector 1','66490'),(2907,46,'Industrias del Vidrio Ampliacin Norte Sector 4','66490'),(2908,46,'Colonial Lagrange','66490'),(2909,46,'Francisco Garza Sada','66490'),(2910,46,'Nuevo Mundo','66490'),(2911,46,'Constituyentes de Queretaro Sector 3','66490'),(2912,46,'Constituyentes de Queretaro Sector 4','66490'),(2913,46,'Constituyentes de Queretaro Sector 6','66490'),(2914,46,'Constituyentes de Queretaro Sector 5','66490'),(2915,46,'Industrias del Vidrio Ampliacin Norte Sector 1','66490'),(2916,46,'Industrias del Vidrio Amp. Oriente Sector 2','66490'),(2917,46,'Antiguo Corral de Piedra 2 Sector','66490'),(2918,46,'Residencial Rivera Sector 2','66490'),(2919,46,'Ciudad Ideal','66490'),(2920,46,'Ciudad Ideal Sector 4','66490'),(2921,46,'Industrias del Vidrio Ampliacin Norte Sector 2','66490'),(2922,46,'Constituyentes de Queretaro Sector 1','66490'),(2923,46,'Antiguo Corral de Piedra 1er Sector','66490'),(2924,46,'Del Vidrio','66490'),(2925,46,'Industrias del Vidrio Sector 1','66490'),(2926,46,'Pea Guerra','66490'),(2927,46,'Ciudad Ideal Sector 3','66490'),(2928,46,'Industrias del Vidrio Ampliacin Norte Sector 3','66490'),(2929,46,'Industrias Del Vidrio','66492'),(2930,46,'Del Vidrio','66492'),(2931,46,'Conductores Monterrey Sa','66493'),(2932,46,'Central de Carga','66494'),(2933,46,'Hacienda los Morales Sector 1','66495'),(2934,46,'Industrias del Vidrio Amp. Oriente Sector 3','66496'),(2935,46,'Industrias del Vidrio Sector 4','66496'),(2936,46,'Fidel Velzquez Snchez Sector 1','66496'),(2937,46,'Industrias del Vidrio Ampliacin Oriente Sector 5','66496'),(2938,46,'Hacienda los Morales Sector 3','66496'),(2939,46,'Fidel Velzquez Sect 2','66496'),(2940,46,'Hacienda los Morales Sector 4','66496'),(2941,46,'Valle de los Morales','66496'),(2942,46,'Vivenza','66496'),(2943,46,'Hacienda los Morales Sector 2','66496'),(2944,46,'Hacienda Lagrange','66499'),(2945,46,'Los Mezquites','66499'),(2946,46,'Residencial San Felipe','66499'),(2947,15,'El Mirador','66550'),(2948,15,'El Carmen Centro','66550'),(2949,15,'Villas de los Arcos 1er Sector','66550'),(2950,15,'Rincn del Carmen','66553'),(2951,15,'Alianza Real','66553'),(2952,15,'Parque Industrial el Carmen','66556'),(2953,15,'Paseo del Carmen','66557'),(2954,15,'Privadas del Carmen','66557'),(2955,15,'El Jaral','66559'),(2956,15,'Los Gonzlez','66563'),(2957,15,'Privadas El Jaral','66580'),(2958,15,'El Jaral','66580'),(2959,15,'Villas del Jaral','66580'),(2960,15,'Buena Vista','66583'),(2961,5,'Futuro Apodaca','66600'),(2962,5,'Apodaca Centro','66600'),(2963,5,'Moderno Apodaca II','66600'),(2964,5,'Moderno Apodaca I','66600'),(2965,5,'Homero Seplveda','66600'),(2966,5,'Presidentes Municipales','66600'),(2967,5,'Santa Rosa II','66600'),(2968,5,'San Francisco','66600'),(2969,5,'Parque Industrial Kuadrum','66600'),(2970,5,'Manuel Villarreal','66600'),(2971,5,'Parque Industrial Elicn','66603'),(2972,5,'Parque Industrial Monterrey','66603'),(2973,5,'Parque Industrial Kalos','66603'),(2974,5,'Parque Industrial Kronos','66603'),(2975,5,'Residencial San Francisco','66603'),(2976,5,'Radica','66603'),(2977,5,'Casas Reales','66604'),(2978,5,'Santa Rosa','66604'),(2979,5,'Los Castaos Privada Rsidencial','66604'),(2980,5,'Misin los Olivos','66604'),(2981,5,'Burcratas Municipales','66604'),(2982,5,'Bosque de Agua','66604'),(2983,5,'San Francisco Sector Norte','66604'),(2984,5,'Los Molinos San Francisco','66604'),(2985,5,'Teresita','66605'),(2986,5,'Interamerican','66605'),(2987,5,'Benito Jurez','66605'),(2988,5,'Pedregal de Apodaca','66605'),(2989,5,'Nova Apodaca','66605'),(2990,5,'Rinconada Colonial 1 Camp.','66606'),(2991,5,'Rinconada Colonial 2 URB','66606'),(2992,5,'Rinconada Colonial 2 Camp.','66606'),(2993,5,'Rinconada Colonial 1 Urb','66606'),(2994,5,'Rinconada Colonial 7 Urb','66606'),(2995,5,'Rinconada Colonial 3 Camp.','66606'),(2996,5,'Rinconada Colonial 8 URB','66606'),(2997,5,'Residencial Apodaca','66606'),(2998,5,'Residencial Apodaca 2 Sector','66606'),(2999,5,'Rinconada Colonial 1 Urb','66606'),(3000,5,'Rinconada Colonial 6 Urb','66606'),(3001,5,'Rinconada Colonial 7 Ampliacin','66606'),(3002,5,'Rinconada Colonial 9 Urb','66606'),(3003,5,'Rinconada','66606'),(3004,5,'Rinconada Colonial 5 Urb','66606'),(3005,5,'Rinconada Colonial 10 URB','66606'),(3006,5,'Rinconada Colonial 3 URB','66606'),(3007,5,'Paraje Santa Rosa Sector Norte','66607'),(3008,5,'Santa Rosa de Lima','66607'),(3009,5,'Quinta Real','66607'),(3010,5,'Valle de Salduero','66607'),(3011,5,'Paseo de los Nogales Santa Rosa','66607'),(3012,5,'Hacienda los Guajardo','66607'),(3013,5,'Paraje Santa Rosa','66607'),(3014,5,'Privalia Concordia','66609'),(3015,5,'Sierra la Esperanza','66610'),(3016,5,'banos XII','66610'),(3017,5,'Balcones de Santa Rosa 1','66610'),(3018,5,'Rincn de Santa Rosa','66610'),(3019,5,'Pedregal del Valle','66610'),(3020,5,'Bonaterra','66610'),(3021,5,'banos VIII','66610'),(3022,5,'Ex Hacienda Santa Rosa','66610'),(3023,5,'Los Soles','66610'),(3024,5,'banos X','66610'),(3025,5,'Villas de Santa Rosa','66610'),(3026,5,'Bosques de Santa Rosa','66610'),(3027,5,'Quinta Colonial Apodaca 1 Sector','66610'),(3028,5,'banos IX','66610'),(3029,5,'Antigua Santa Rosa','66610'),(3030,5,'Privadas de Santa Rosa','66610'),(3031,5,'Ventura de Santa Rosa','66610'),(3032,5,'Prados de Santa Rosa','66610'),(3033,5,'Las Palmas','66610'),(3034,5,'banos XI','66610'),(3035,5,'banos VII','66610'),(3036,5,'Valle de Los Nogales 1E','66610'),(3037,5,'Valle de Los Nogales 2E','66610'),(3038,5,'Prados Del Virrey','66612'),(3039,5,'Metroplex 2','66612'),(3040,5,'Cortijo las Palmas','66612'),(3041,5,'Bosque Real I','66612'),(3042,5,'Bosque Real III','66612'),(3043,5,'Jardines de las Palmas','66612'),(3044,5,'Hacienda las Yucas','66612'),(3045,5,'banos Norte 2','66612'),(3046,5,'Los Encinos','66612'),(3047,5,'Nueva las Puentes III','66612'),(3048,5,'Manantial I','66612'),(3049,5,'Bosque Real II','66612'),(3050,5,'banos III','66612'),(3051,5,'Los Lirios','66612'),(3052,5,'Prados de los Pinos III','66612'),(3053,5,'Nuevas las Puentes II','66612'),(3054,5,'banos VI','66612'),(3055,5,'Misin Fundadores','66612'),(3056,5,'Misin San Jose','66612'),(3057,5,'Real de San Andres','66612'),(3058,5,'Jardines de San Andres IV NT','66612'),(3059,5,'Misin San Jos 2 Sector','66612'),(3060,5,'Nuevo las Puentes VI','66612'),(3061,5,'Santa Alicia','66612'),(3062,5,'banos II','66612'),(3063,5,'Valle de Apodaca III','66612'),(3064,5,'Valle de Apodaca I','66612'),(3065,5,'Valle de las Palmas II','66612'),(3066,5,'Prados de los Pinos II','66612'),(3067,5,'Jardines de San Andres II','66612'),(3068,5,'Nuevo las Puentes V','66612'),(3069,5,'Las Huertas 1er y 2o Sector','66612'),(3070,5,'Valle de Apodaca II','66612'),(3071,5,'Manantial II','66612'),(3072,5,'banos V','66612'),(3073,5,'Valle de las Palmas III','66612'),(3074,5,'Nueva las Puentes IV','66612'),(3075,5,'Misin Fundadores II','66612'),(3076,5,'Villas Premier','66612'),(3077,5,'Valle de las Palmas V','66612'),(3078,5,'Jardines de San Andres I','66612'),(3079,5,'Las Estancias','66612'),(3080,5,'Valle San Andres III','66612'),(3081,5,'Andaluca','66612'),(3082,5,'Prados de los Pinos I','66612'),(3083,5,'Villa las Puentes','66612'),(3084,5,'Valle San Andres IV','66612'),(3085,5,'Insurgentes','66612'),(3086,5,'Nueva las Puentes','66612'),(3087,5,'banos IV','66612'),(3088,5,'Hacienda Santa Isabel','66612'),(3089,5,'Jardines de San Andres V','66612'),(3090,5,'bano Norte 3','66612'),(3091,5,'Cosmpolis','66612'),(3092,5,'banos I','66612'),(3093,5,'Valle de San Andres I','66612'),(3094,5,'Valle San Andres II','66612'),(3095,5,'Valle de las Bugambilias','66612'),(3096,5,'Metroplex 1','66612'),(3097,5,'Valle de las Palmas IV','66612'),(3098,5,'El Molino','66612'),(3099,5,'banos Norte 1','66612'),(3100,5,'Jardines de San Andres VI','66612'),(3101,5,'bano Norte IV','66612'),(3102,5,'San Agustn','66612'),(3103,5,'Valle de Apodaca IV','66612'),(3104,5,'Valle de las Palmas VI','66612'),(3105,5,'Privadas del Rey','66612'),(3106,5,'Jardines de Monterrey I','66613'),(3107,5,'Jardines de Monterrey III','66613'),(3108,5,'Mirador del Topo','66613'),(3109,5,'Santa Elena','66613'),(3110,5,'Jardines de Monterrey II','66613'),(3111,5,'Los Amarantos','66613'),(3112,5,'Parque Industrial Jardn de Monterrey I','66613'),(3113,5,'El Vergel','66613'),(3114,5,'Moiss Senz','66613'),(3115,5,'Paseo de Apodaca','66613'),(3116,5,'Los Amarantos II','66613'),(3117,5,'Fundadores','66613'),(3118,5,'Balcones del Norte III','66613'),(3119,5,'Residencial Moiss Senz','66613'),(3120,5,'Cosmpolis 8vo. Sector','66614'),(3121,5,'Renaceres','66614'),(3122,5,'Parque Industrial Azteca','66614'),(3123,5,'Los Altos','66614'),(3124,5,'Paseo de Santa Rosa','66614'),(3125,5,'Portal de Santa Rosa','66614'),(3126,5,'Milimex Santa Rosa','66614'),(3127,5,'Arboledas de Santa Rosa','66614'),(3128,5,'Los Cenizos','66614'),(3129,5,'Cuartel General 7a. Z. M.','66616'),(3130,5,'Parque Industrial Aeropuerto 1er Sector','66616'),(3131,5,'Entronque Laredo-Salinas Victoria','66616'),(3132,5,'Agua Fra','66620'),(3133,5,'Triana','66620'),(3134,5,'Cerritos de Agua Fra','66620'),(3135,5,'Residencial Valle Azul','66620'),(3136,5,'Artemio Trevio','66623'),(3137,5,'Ciudad Natura','66623'),(3138,5,'Pimsa Oriente','66624'),(3139,5,'Parque Industrial Villacero','66626'),(3140,5,'Parque Industrial Milenium','66626'),(3141,5,'Parque Industrial Stiva','66626'),(3142,5,'ProLogis Park','66627'),(3143,5,'Technology Park','66627'),(3144,5,'Parque de Investigacin e Inovacin Tecnolgica','66628'),(3145,5,'Monterrey (Gral. Mariano Escobedo)','66629'),(3146,5,'Garcia Mireles','66630'),(3147,5,'Hacienda Del Moro','66630'),(3148,5,'Privada 103','66630'),(3149,5,'Francisco Elizondo','66630'),(3150,5,'El Mezquital','66630'),(3151,5,'Las Amricas','66630'),(3152,5,'Ejido Mezquital','66630'),(3153,5,'Hacienda los Nogales','66630'),(3154,5,'Viejo Mezquital','66630'),(3155,5,'Francisco Martinez','66630'),(3156,5,'Arboledas Del Mezquital','66630'),(3157,5,'Cantizales','66630'),(3158,5,'Balcones Del Mezquital','66632'),(3159,5,'Const. Casa Bella','66632'),(3160,5,'Valle Del Mezquital','66632'),(3161,5,'Cerradas de Santa Rosa 1S 1E','66632'),(3162,5,'Villas del Mezquital','66632'),(3163,5,'Cantu','66632'),(3164,5,'Ex Hacienda San Francisco','66632'),(3165,5,'Jos Mara Garca Ponce','66632'),(3166,5,'Rincn de la Moraleja','66632'),(3167,5,'Desarrollo Industrial GP Apodaca 2','66632'),(3168,5,'Hacienda Del Mezquital','66632'),(3169,5,'Nuevo Mezquital','66632'),(3170,5,'Los lamos III','66633'),(3171,5,'Titn','66633'),(3172,5,'Parque Industrial Omolap','66633'),(3173,5,'Deportivo Huinal','66633'),(3174,5,'Rincn de la Gloria','66633'),(3175,5,'Deportivo Huinal Mundialista','66633'),(3176,5,'Kalos la Encarnacin','66633'),(3177,5,'Mirador Huinal','66633'),(3178,5,'Los Arrecifes','66633'),(3179,5,'Torre de Campo','66633'),(3180,5,'lamos Del Parque','66633'),(3181,5,'Noria Sur','66633'),(3182,5,'Parque Industrial Apodaca','66633'),(3183,5,'Alianza','66633'),(3184,5,'Parque Industrial Mxico','66633'),(3185,5,'Noria Norte','66633'),(3186,5,'Valle de los lamos','66633'),(3187,5,'Fresnos del Lago','66633'),(3188,5,'Privadas Del Parque','66633'),(3189,5,'Multipark Parque','66633'),(3190,5,'Regio Parque Industrial','66633'),(3191,5,'Parque Industrial J.M.','66633'),(3192,5,'La Encarnacin','66633'),(3193,5,'Los lamos','66633'),(3194,5,'Business Park Monterrey','66633'),(3195,5,'Jardines de San Jorge','66633'),(3196,5,'Hacienda Santa Fe','66633'),(3197,5,'Privada Antigua Huinal','66633'),(3198,5,'Valle de Huinal','66634'),(3199,5,'Jacarandas Sector 1','66634'),(3200,5,'Privadas Premier','66634'),(3201,5,'Independencia','66634'),(3202,5,'Misin de San Patricio','66634'),(3203,5,'Residencial las Provincias','66634'),(3204,5,'Iltamarindo','66634'),(3205,5,'Villas de Huinal','66634'),(3206,5,'Privadas Santa Fe','66634'),(3207,5,'Encinos Residencial','66634'),(3208,5,'Privada la Castaa','66634'),(3209,5,'Axis Mty','66634'),(3210,5,'El Milagro','66634'),(3211,5,'Campestre CTM','66634'),(3212,5,'Fresnos III','66635'),(3213,5,'Magnolias II','66635'),(3214,5,'Jardines de Apodaca','66635'),(3215,5,'Enramada I','66635'),(3216,5,'Enramada V','66635'),(3217,5,'Mujeres Ilustres','66635'),(3218,5,'Paseo Palmas II','66635'),(3219,5,'Hacienda los Pinos III','66635'),(3220,5,'Pinos IV','66635'),(3221,5,'Jardines de La Enramada','66635'),(3222,5,'Paseo Palmas IV','66635'),(3223,5,'Paseo Palmas III','66635'),(3224,5,'Magnolias','66635'),(3225,5,'Nueva Democracia','66635'),(3226,5,'Villa Luz','66635'),(3227,5,'Valle de las Palmas I','66635'),(3228,5,'Paseo Palmas I','66635'),(3229,5,'Portal Anhuac','66635'),(3230,5,'Enramada IV','66635'),(3231,5,'Praderas I','66635'),(3232,5,'Villa Sol','66635'),(3233,5,'Hacienda las Palmas II','66635'),(3234,5,'Enramada VII','66635'),(3235,5,'Enramada III','66635'),(3236,5,'Enramada II','66635'),(3237,5,'Enramada VI','66635'),(3238,5,'Praderas II','66635'),(3239,5,'Pinos III','66635'),(3240,5,'Hacienda las Palmas','66635'),(3241,5,'Hacienda los Encinos','66635'),(3242,5,'Pinos V','66635'),(3243,5,'Fresnos II','66635'),(3244,5,'Jardines de los Pinos I','66636'),(3245,5,'Fresnos I','66636'),(3246,5,'Hacienda los Pinos','66636'),(3247,5,'Fresnos Norte','66636'),(3248,5,'Pinos I','66636'),(3249,5,'Nuevo Amanecer 1','66636'),(3250,5,'Los Robles','66636'),(3251,5,'Santa Cecilia II','66636'),(3252,5,'Prados de La Cieneguita','66636'),(3253,5,'Fresnos IX','66636'),(3254,5,'Jardn de los Pinos II','66636'),(3255,5,'Santa Cecilia IV','66636'),(3256,5,'Residencial Las Palmas 2 Sector','66636'),(3257,5,'Santa Cecilia I','66636'),(3258,5,'Fresnos VI','66636'),(3259,5,'Santa Cecilia VII','66636'),(3260,5,'Cerrada Providencia','66636'),(3261,5,'Fresnos X','66636'),(3262,5,'Arboledas Del Virrey','66636'),(3263,5,'Pinos II','66636'),(3264,5,'Fresnos VIII','66636'),(3265,5,'Santa Cecilia III','66636'),(3266,5,'Fresnos IV','66636'),(3267,5,'Pradreras de La Enramada','66636'),(3268,5,'La Hacienda','66636'),(3269,5,'Hacienda los Pinos II','66636'),(3270,5,'Paseo de los Pinos II','66636'),(3271,5,'Paseo de los Nogales','66636'),(3272,5,'Santa Cecilia VIII','66636'),(3273,5,'Nuevo Amanecer 2','66636'),(3274,5,'Fresnos V','66636'),(3275,5,'Residencial Palmas 1 S','66636'),(3276,5,'Santa Cecilia VI','66636'),(3277,5,'La Hacienda II','66636'),(3278,5,'Santa Cecilia V','66636'),(3279,5,'Industrial Martel','66637'),(3280,5,'Parque Industrial Milimex','66637'),(3281,5,'Almacentro','66637'),(3282,5,'Prados Residencial','66640'),(3283,5,'Alberta Escamilla','66640'),(3284,5,'Jardines de Huinal','66640'),(3285,5,'Balcones de Huinal','66640'),(3286,5,'Parque Industrial San Andrs','66640'),(3287,5,'Fraccionamiento San Andres','66640'),(3288,5,'Reforma','66640'),(3289,5,'Hacienda San Gerardo','66640'),(3290,5,'Colonial de Huinal','66640'),(3291,5,'San Miguel Golondrinas','66640'),(3292,5,'Misin Real','66640'),(3293,5,'Huinal','66640'),(3294,5,'Lomas de Huinal II','66640'),(3295,5,'Real de Apodaca','66640'),(3296,5,'Hacienda El Campanario','66643'),(3297,5,'Portal Del Valle 2S','66643'),(3298,5,'Los Olmos','66643'),(3299,5,'Paseo de las Flores 2do. Sector','66643'),(3300,5,'Paseo de las Flores 1er Sector','66643'),(3301,5,'Hacienda el Campanario III','66643'),(3302,5,'Paseo de las Flores 3er. Sector','66643'),(3303,5,'Misin San Pablo I','66643'),(3304,5,'Misin San Pablo 2','66643'),(3305,5,'Portal del Valle 1S','66643'),(3306,5,'Santa Anita','66643'),(3307,5,'Santa Mnica','66644'),(3308,5,'Parque Industrial San Carlos','66644'),(3309,5,'Rincn de Huinal','66644'),(3310,5,'Villas de San Carlos','66644'),(3311,5,'Bugambilias Huinal','66644'),(3312,5,'Trevio Elizondo','66644'),(3313,5,'Real Hacienda de Huinal','66644'),(3314,5,'Parque Industrial Huinal','66645'),(3315,5,'Parque Industrial las Americas','66645'),(3316,5,'Padilla','66645'),(3317,5,'Jardines Del Virrey','66645'),(3318,5,'Bosques de Huinal','66645'),(3319,5,'Parque Industrial el Sabinal','66645'),(3320,5,'Hacienda Del Carmen','66645'),(3321,5,'Bosques de Huinal 2 Sector','66645'),(3322,5,'Pueblo Nuevo 2','66646'),(3323,5,'Portal de Huinal','66646'),(3324,5,'Privada Dominio','66646'),(3325,5,'Pueblo Nuevo 1','66646'),(3326,5,'Misin de Huinal 1S 1E','66646'),(3327,5,'Mision de San Javier','66646'),(3328,5,'Residencial San Benito','66646'),(3329,5,'Pueblo Nuevo V','66646'),(3330,5,'Riveras de Huinal','66646'),(3331,5,'Pueblo Nuevo IV','66646'),(3332,5,'Los Colibries','66646'),(3333,5,'Estancia Castao','66646'),(3334,5,'Pueblo Nuevo III','66646'),(3335,5,'San Isidro II','66646'),(3336,5,'San Isidro I','66646'),(3337,5,'Privadas Canteras','66646'),(3338,5,'Misin de Huinal 1S 2E','66646'),(3339,5,'Milenium Residencial','66646'),(3340,5,'Lomas de San Isidro','66646'),(3341,5,'Misin de Huinal 2S','66646'),(3342,5,'San Javier','66646'),(3343,5,'Trboles','66646'),(3344,5,'Privalia Huinal','66646'),(3345,5,'Los Vitrales','66647'),(3346,5,'Lomas de la Paz','66647'),(3347,5,'El Rosario','66647'),(3348,5,'Los Puertos','66647'),(3349,5,'Paseo de las Fuentes','66647'),(3350,5,'Los Candiles','66647'),(3351,5,'Jardines de San Patricio','66647'),(3352,5,'Fuentes de Santa Lucia','66647'),(3353,5,'Bosques de San Miguel','66647'),(3354,5,'Los Olivos Residencial','66647'),(3355,5,'Lomas de San Miguel','66647'),(3356,5,'Praderas de Huinal','66647'),(3357,5,'Valle de las Flores','66647'),(3358,5,'Bosque del Sol','66647'),(3359,5,'Acanto Residencial','66647'),(3360,5,'Vivienda Digna','66647'),(3361,5,'Paseo de la Loma','66647'),(3362,5,'American Industries Apodaca','66647'),(3363,5,'Los Pinceles','66647'),(3364,5,'Mirasol Residencial','66647'),(3365,5,'Campestre Huinal','66647'),(3366,5,'Hacienda las Margaritas','66647'),(3367,5,'Valle de San Miguel','66648'),(3368,5,'Roberto Espinoza','66648'),(3369,5,'Joyas Del Pedregal','66648'),(3370,5,'Parque Industrial la Silla','66648'),(3371,5,'Los Tres Nogales','66648'),(3372,5,'Valle Del Pedregal','66648'),(3373,5,'Santa F','66648'),(3374,5,'Misin de Las Flores','66648'),(3375,5,'Lomas Del Pedregal','66648'),(3376,5,'Misin de San Miguel','66648'),(3377,5,'Lomas de Huinal I','66648'),(3378,5,'Monte Alban II','66648'),(3379,5,'Colinas de San Miguel','66648'),(3380,5,'Cerrada la Toscana','66648'),(3381,5,'San Miguel','66648'),(3382,5,'Rincn de San Miguel','66648'),(3383,5,'El Campanario','66648'),(3384,5,'Altaria Residencial','66649'),(3385,5,'San Miguel','66649'),(3386,5,'San Miguelito','66649'),(3387,5,'San Ignacio','66649'),(3388,5,'Misin San Pablo','66649'),(3389,5,'Sebastin Elizondo I','66649'),(3390,5,'Ventura de Ass II','66649'),(3391,5,'Rincn de los Cristales','66649'),(3392,5,'Mixcoac','66649'),(3393,5,'Golondrinas','66649'),(3394,5,'Ventura de Ass','66649'),(3395,5,'Villas de Loreto','66649'),(3396,5,'Sebastin Elizondo II','66649'),(3397,5,'Nueva Mixcoac','66649'),(3398,5,'Privada San Miguelito','66649'),(3399,5,'Monte Albn','66649'),(3400,5,'Miguel Hidalgo','66649'),(3401,42,'Pesquera','66650'),(3402,42,'Villas Regina','66653'),(3403,42,'Zacatecas','66655'),(3404,42,'Santa Engracia','66655'),(3405,42,'Las Haciendas','66655'),(3406,42,'Residencial Floresta','66655'),(3407,42,'Colinas del Aeropuerto','66655'),(3408,42,'Las Aves Residencial and Golf Resort','66660'),(3409,42,'Las Escobas','66670'),(3410,42,'Misin Dulces Nombres','66670'),(3411,42,'Valle de Santa Mara','66670'),(3412,42,'Dulces Nombres','66670'),(3413,42,'Las guilas','66670'),(3414,42,'Paseo San Javier','66672'),(3415,42,'Lomas de San Martn','66673'),(3416,42,'Jess Mara','66674'),(3417,42,'La Arena','66679'),(3418,42,'Santa Maria La Florea','66680'),(3419,42,'La Providencia','66683'),(3420,42,'Milpa','66690'),(3421,42,'Santa Maria Pesquera','66693'),(3422,35,'Marin','66700'),(3423,35,'Guadalupe','66708'),(3424,14,'Dr. Gonzalez','66750'),(3425,14,'Nuevo Repueblo','66770'),(3426,14,'La Venadera O San Antonio','66790'),(3427,14,'Los Pea','66793'),(3428,34,'Los Ramones','66800'),(3429,34,'Hidalgo','66810'),(3430,34,'El Peine','66812'),(3431,34,'Garza Gonzalez','66820'),(3432,34,'La Loma','66824'),(3433,34,'Repueblo de Oriente','66825'),(3434,34,'San Benito','66825'),(3435,34,'Los Angeles','66826'),(3436,34,'El Saucito','66827'),(3437,34,'San Isidro','66830'),(3438,34,'Ayancual','66835'),(3439,34,'El Carrizo','66840'),(3440,34,'El Carrizo','66842'),(3441,34,'Las Enramadas','66847'),(3442,34,'La Conquista','66848'),(3443,34,'El Porvenir','66849'),(3444,33,'Los Herreras','66850'),(3445,33,'San Vicente','66860'),(3446,33,'Guadalupe','66861'),(3447,33,'San Jose de La Laja','66865'),(3448,33,'Los Herreras','66870'),(3449,33,'San Agustin','66872'),(3450,33,'Barretosa','66880'),(3451,32,'Los Aldamas','66900'),(3452,32,'Los Aldamas','66910'),(3453,32,'Los Aldamas','66930'),(3454,32,'San Pedro','66940'),(3455,32,'La Palmita','66945'),(3456,13,'Dr. Coss','66950'),(3457,13,'Hacienda de Guadalupe','66953'),(3458,13,'Norte','66953'),(3459,13,'Francisco I Madero','66955'),(3460,13,'La Lajilla','66960'),(3461,13,'La Ceja','66963'),(3462,13,'Serafn','66964'),(3463,13,'Cantu','66980'),(3464,18,'Gral. Bravo','67000'),(3465,18,'Tijerina','67000'),(3466,18,'Las Tranquitas','67002'),(3467,18,'Las 3 Cadas','67003'),(3468,18,'Confern Arizpe','67004'),(3469,18,'Jardnes del Bravo','67004'),(3470,18,'Esquina Del Potrero','67010'),(3471,18,'Santa Teresa','67012'),(3472,18,'El Mantillo','67030'),(3473,10,'China','67050'),(3474,10,'Valles de Cadereyta','67050'),(3475,10,'Valle de San Felipe','67050'),(3476,10,'La Laguna','67050'),(3477,10,'El Maestro','67050'),(3478,10,'Santa Mnica','67052'),(3479,10,'San Isidro','67053'),(3480,10,'Revolucin','67055'),(3481,10,'La Barranca','67060'),(3482,10,'El Cuchillo','67066'),(3483,10,'Paso de La Loma','67066'),(3484,10,'San Juanito','67087'),(3485,10,'San Fernando','67093'),(3486,10,'San Pablo','67093'),(3487,10,'La Barreta','67097'),(3488,10,'Dr. Ignacio Morones Prieto','67099'),(3489,24,'Ciudad Guadalupe Centro','67100'),(3490,24,'Centro SCT Nuevo Len','67102'),(3491,24,'Pedregal de Lindavista','67110'),(3492,24,'San Rafael','67110'),(3493,24,'La Victoria','67110'),(3494,24,'Villa San Antonio','67110'),(3495,24,'Rincn Lindavista','67110'),(3496,24,'Arboledas de San Miguel','67110'),(3497,24,'Jardines la Victoria','67110'),(3498,24,'Bosques del Oriente','67110'),(3499,24,'Plaza San Antonio','67110'),(3500,24,'Los Olivos','67110'),(3501,24,'La Amistad','67110'),(3502,24,'Villa de San Miguel','67110'),(3503,24,'Paseo San Miguel','67110'),(3504,24,'Talaberna','67110'),(3505,24,'Pedregal de Linda Vista II','67112'),(3506,24,'Provivienda','67112'),(3507,24,'Hacienda los Encinos','67112'),(3508,24,'Las Dalias','67112'),(3509,24,'Villas del Ro','67112'),(3510,24,'Residencial Santa F','67112'),(3511,24,'Almendros','67112'),(3512,24,'Provivienda la Esperanza','67112'),(3513,24,'Valle de San Antonio','67112'),(3514,24,'Residencial San Antonio','67112'),(3515,24,'Privadas de Lindavista','67112'),(3516,24,'Real de San Miguel Sector 4','67113'),(3517,24,'INFONAVIT Benito Jurez','67113'),(3518,24,'Lomas de San Miguel','67113'),(3519,24,'Mixcoac','67113'),(3520,24,'Coloniales San Miguel Sector 1','67113'),(3521,24,'Hacienda San Miguel','67113'),(3522,24,'Privada San Fernando','67113'),(3523,24,'Balcones de San Miguel','67113'),(3524,24,'Real de San Miguel Sector I','67113'),(3525,24,'Polica Auxiliar','67113'),(3526,24,'Arboledas de Acapulco','67113'),(3527,24,'Real de San Miguel Sector 2','67113'),(3528,24,'Real de San Miguel Sector 3','67113'),(3529,24,'Residencial Avante','67113'),(3530,24,'Valle San Miguel','67113'),(3531,24,'Fuentes de San Miguel','67113'),(3532,24,'Torres de San Miguel','67113'),(3533,24,'Coloniales San Miguel','67113'),(3534,24,'Pedregal de Oriente','67115'),(3535,24,'Viga','67115'),(3536,24,'San Miguel','67115'),(3537,24,'Maya','67115'),(3538,24,'Nuevo Milenio','67115'),(3539,24,'Benito Jurez','67116'),(3540,24,'Jardines de Casa Blanca','67116'),(3541,24,'Jardines Guadalupe','67116'),(3542,24,'Riveras de la Silla (Fomerrey 31)','67116'),(3543,24,'Jardines del Ro','67116'),(3544,24,'Jardines de San Miguel','67116'),(3545,24,'Nuevo San Miguel','67116'),(3546,24,'Los Cristales','67117'),(3547,24,'Ral Caballero','67117'),(3548,24,'Residencial Torremolinos','67117'),(3549,24,'Los Cristales 3er. Sector','67117'),(3550,24,'Caada Blanca','67117'),(3551,24,'Misin de Guadalupe','67117'),(3552,24,'Valle Torremolinos','67117'),(3553,24,'Zozayita','67117'),(3554,24,'Eduardo Caballero','67117'),(3555,24,'Arboledas del Oriente','67117'),(3556,24,'Torremolinos la F','67117'),(3557,24,'Josefa Zozaya','67117'),(3558,24,'Centroamrica','67117'),(3559,24,'Misin del Valle','67118'),(3560,24,'Valle San Rafael','67118'),(3561,24,'Villa Espaola','67118'),(3562,24,'Nuevo San Rafael','67118'),(3563,24,'Emiliano Zapata (Fomerrey 18)','67118'),(3564,24,'La Floresta','67118'),(3565,24,'Jardines de San Rafael','67119'),(3566,24,'San Rafael','67119'),(3567,24,'Industrial Jardines San Rafael','67119'),(3568,24,'Praderas de San Rafael','67119'),(3569,24,'Adolfo Prieto Sector 3','67120'),(3570,24,'Amrica Obrera','67120'),(3571,24,'Residencial Minerva','67120'),(3572,24,'Adolfo Prieto','67120'),(3573,24,'Adolfo Prieto Sector 2','67120'),(3574,24,'La Luz','67120'),(3575,24,'Hrcules','67120'),(3576,24,'Leon XIII','67120'),(3577,24,'Nueva Libertad','67120'),(3578,24,'Arboledas de Corregidora','67123'),(3579,24,'Jardines de Lindavista','67123'),(3580,24,'Libertad','67123'),(3581,24,'Lindavista','67123'),(3582,24,'10 de Mayo','67123'),(3583,24,'Real de Minas','67124'),(3584,24,'Adolfo Prieto Sector 4','67124'),(3585,24,'Escamilla','67124'),(3586,24,'Aragons','67124'),(3587,24,'Vista Sol','67125'),(3588,24,'Privada Pursima','67125'),(3589,24,'Lolyta','67125'),(3590,24,'Amrica','67125'),(3591,24,'Condocasa Lindavista','67125'),(3592,24,'Valle de Lindavista','67125'),(3593,24,'Cerradas de Lindavista','67125'),(3594,24,'Torres Lindavista','67126'),(3595,24,'Dr. ngel Martinez Villarreal','67126'),(3596,24,'18 de Marzo','67126'),(3597,24,'Rivera de Linda Vista','67126'),(3598,24,'Riveras de la Pursima','67126'),(3599,24,'Las Amricas','67128'),(3600,24,'Arboledas Nueva Lindavista','67129'),(3601,24,'Nueva Lindavista','67129'),(3602,24,'Rincn de la Pursima','67129'),(3603,24,'La Talaverna Modulo Social FOVISSSTE','67129'),(3604,24,'Jardines Nueva Lindavista','67129'),(3605,24,'La Pursima','67129'),(3606,24,'Serena','67129'),(3607,24,'Central de Carga','67129'),(3608,24,'San Roberto','67130'),(3609,24,'Privada San Miguel','67130'),(3610,24,'La Condesa','67130'),(3611,24,'Valle Soleado','67130'),(3612,24,'Nexxus','67130'),(3613,24,'FINSA','67132'),(3614,24,'Bello Amanecer Residencial','67132'),(3615,24,'Regio Parque Industrial Guadalupe','67132'),(3616,24,'Las Escobas','67133'),(3617,24,'Santa Clara','67134'),(3618,24,'Arboledas de Santa Cecilia','67134'),(3619,24,'Riberas de Dos Ros','67134'),(3620,24,'Dos Ros','67134'),(3621,24,'Privada San Carlos','67134'),(3622,24,'Polanco','67140'),(3623,24,'Residencial Cerro de la Silla','67140'),(3624,24,'La Herradura','67140'),(3625,24,'Paraso','67140'),(3626,24,'Revolucin','67140'),(3627,24,'Chinameca','67140'),(3628,24,'La Pastora','67140'),(3629,24,'Valle de Chapultepec','67140'),(3630,24,'Los Sauces','67140'),(3631,24,'Rivera de la Pastora','67140'),(3632,24,'Las Plazas 3','67140'),(3633,24,'Esmeralda','67140'),(3634,24,'Polanco Oriente','67140'),(3635,24,'Santa Margarita','67140'),(3636,24,'Cndor','67140'),(3637,24,'Las Plazas 1','67140'),(3638,24,'Juan lvarez','67140'),(3639,24,'Central de Abastos','67140'),(3640,24,'Del Maestro','67140'),(3641,24,'Ignacio Altamirano','67140'),(3642,24,'Jardines la Pastora','67140'),(3643,24,'Las Plazas 2','67140'),(3644,24,'Guerra','67144'),(3645,24,'Riviera del Contry','67144'),(3646,24,'El Bajo','67144'),(3647,24,'La Huerta','67144'),(3648,24,'Marte','67144'),(3649,24,'Benito Jurez','67144'),(3650,24,'Venus','67144'),(3651,24,'Azteca INFONAVIT','67150'),(3652,24,'Jos Mara Morelos','67150'),(3653,24,'Azteca','67150'),(3654,24,'Las Canteras','67150'),(3655,24,'Nueva Exposicin','67150'),(3656,24,'Rincn de la Azteca','67150'),(3657,24,'Residencial Azteca','67150'),(3658,24,'Privada Laura','67153'),(3659,24,'Privada Chapultepec','67153'),(3660,24,'Exposicin Modelo','67154'),(3661,24,'La Fuente','67154'),(3662,24,'El Sabino','67154'),(3663,24,'San Diego','67154'),(3664,24,'Exposicin','67155'),(3665,24,'Alamedas de la Hacienda','67155'),(3666,24,'Guadalupe Zitoon','67155'),(3667,24,'La Hacienda','67155'),(3668,24,'Expo Ganadera','67155'),(3669,24,'La Joya INFONAVIT 1er. Sector','67160'),(3670,24,'Riberas del Ro','67160'),(3671,24,'La Joya INFONAVIT 2do. Sector','67160'),(3672,24,'La Joya INFONAVIT 3er. Sector','67160'),(3673,24,'Vicente Guerrero','67163'),(3674,24,'Ignacio Zaragoza','67163'),(3675,24,'San Agustn','67163'),(3676,24,'Ro','67164'),(3677,24,'21 de Enero','67164'),(3678,24,'Unin','67164'),(3679,24,'Valle Hermoso Sector 3','67164'),(3680,24,'Valle Hermoso Sector 2','67164'),(3681,24,'Unin Modelo','67165'),(3682,24,'Los Encinos','67165'),(3683,24,'Residencial las Quintas','67165'),(3684,24,'Valle Hermoso','67165'),(3685,24,'Nueva Rosita','67166'),(3686,24,'Orizaba','67167'),(3687,24,'La Joya INFONAVIT 5to. Sector','67167'),(3688,24,'La Joya INFONAVIT 4to. Sector','67167'),(3689,24,'La Joyita','67167'),(3690,24,'Rosita','67167'),(3691,24,'Rincn de la Hacienda','67168'),(3692,24,'Portal de la Hacienda','67168'),(3693,24,'Hacienda los Lerma 1er. Sector','67168'),(3694,24,'Simuplade','67168'),(3695,24,'Hacienda los Lerma 2do. Sector','67168'),(3696,24,'Las Sabinas (Solidaridad Fomerrey)','67168'),(3697,24,'Valle de las Sabinas','67168'),(3698,24,'Nueva Joya','67168'),(3699,24,'Sabinitas','67169'),(3700,24,'Los Faisanes','67169'),(3701,24,'Faisanes Sur','67169'),(3702,24,'Libertadores de Amrica','67169'),(3703,24,'El Quetzal','67169'),(3704,24,'Los Faisanes Sector el Dorado','67169'),(3705,24,'Camino Real','67170'),(3706,24,'Progreso','67170'),(3707,24,'15 de Mayo','67170'),(3708,24,'20 de Noviembre','67170'),(3709,24,'Mirasol','67170'),(3710,24,'Punta Contry','67173'),(3711,24,'Contry los Nogales','67173'),(3712,24,'Contry la Escondida','67173'),(3713,24,'Contry la Costa','67173'),(3714,24,'Pedregal Contry','67173'),(3715,24,'Rincn Colonial la Silla','67173'),(3716,24,'Rincn de la Primavera','67173'),(3717,24,'Contry la Silla','67173'),(3718,24,'Rincn del Contry','67174'),(3719,24,'Atoyac de lvarez','67174'),(3720,24,'Bosques de la Pastora','67174'),(3721,24,'Villa Pastora','67174'),(3722,24,'25 de Noviembre','67174'),(3723,24,'Puesta del Sol','67174'),(3724,24,'Contry Sol','67174'),(3725,24,'Valle del Contry','67174'),(3726,24,'Riberas del Contry','67174'),(3727,24,'Bosques del Contry','67174'),(3728,24,'Las guilas','67174'),(3729,24,'Las Villas','67175'),(3730,24,'La Quinta','67175'),(3731,24,'Plan del Ro','67175'),(3732,24,'Felipe ngeles','67175'),(3733,24,'Tolteca','67175'),(3734,24,'Vivienda Popular','67176'),(3735,24,'Ruiz Cortnes','67176'),(3736,24,'Mirador de la Silla','67176'),(3737,24,'Fresnos la Silla','67176'),(3738,24,'Lomas de la Silla (Fomerrey 14)','67177'),(3739,24,'Galeras del Camino Real 2o. Sector','67177'),(3740,24,'Valle de Guadalupe','67177'),(3741,24,'Galeras del Camino Real 1er. Sector','67177'),(3742,24,'Residencial Real de la Silla','67177'),(3743,24,'Cerro de la Silla','67177'),(3744,24,'Altos San Roque (Fomerrey 26)','67177'),(3745,24,'Camino Real FOVISSSTE','67177'),(3746,24,'Privadas de Contry','67178'),(3747,24,'Alfonso Martinez Domnguez','67178'),(3748,24,'Contry los Encinos','67178'),(3749,24,'Lomas de Tolteca','67178'),(3750,24,'Jardines de Tolteca','67178'),(3751,24,'Granjitas la Silla','67178'),(3752,24,'Los Canelos','67178'),(3753,24,'Residencial Mira Loma','67179'),(3754,24,'Ignacio Allende','67179'),(3755,24,'Privada los Sabinos','67179'),(3756,24,'Zertuche 2do. Sector','67180'),(3757,24,'Burcratas Municipales','67180'),(3758,24,'Villa de los Reyes','67180'),(3759,24,'La Playa','67180'),(3760,24,'La Playita','67180'),(3761,24,'Miguel Hidalgo (Fomerrey 19)','67180'),(3762,24,'Valles de la Silla','67180'),(3763,24,'Parque San Andrs','67180'),(3764,24,'Daz Ordaz','67180'),(3765,24,'Fomerrey 20 (2 de Mayo)','67180'),(3766,24,'Colinas de la Silla','67182'),(3767,24,'Can de la Silla','67182'),(3768,24,'Privada Vicente Ferrer','67182'),(3769,24,'Morenita Guajardo','67182'),(3770,24,'El Pen','67182'),(3771,24,'23 de Noviembre','67182'),(3772,24,'Arboledas de la Silla','67182'),(3773,24,'Almaguer','67182'),(3774,24,'Guadalupe Chvez','67182'),(3775,24,'Encino de la Silla','67182'),(3776,24,'Colinas de Guadalupe','67182'),(3777,24,'Garza Melo','67183'),(3778,24,'Los Delfines','67183'),(3779,24,'La Alianza de Ruteros','67183'),(3780,24,'Miguel de la Madrid','67183'),(3781,24,'Bosques de la Silla','67183'),(3782,24,'Luis Donaldo Colosio','67183'),(3783,24,'Nuevo Mxico','67183'),(3784,24,'Guajardo','67183'),(3785,24,'Villa Olmpica','67183'),(3786,24,'Campestre la Silla','67183'),(3787,24,'Ampliacin Mxico Nuevo','67183'),(3788,24,'San Cristbal','67184'),(3789,24,'Tacubaya','67184'),(3790,24,'San Sebastin','67184'),(3791,24,'Valle de San Andrs','67184'),(3792,24,'Insurgentes','67184'),(3793,24,'Zertuche 1er. Sector','67184'),(3794,24,'Jardines de Santa Clara','67184'),(3795,24,'Villa San Sebastin','67184'),(3796,24,'Pablo Livas','67184'),(3797,24,'Valle San Roque','67184'),(3798,24,'Condado de Santa Luca','67184'),(3799,24,'La Comedia','67184'),(3800,24,'Santa Isabel','67184'),(3801,24,'Colibr 3','67184'),(3802,24,'Agua Nueva','67185'),(3803,24,'Parques de Guadalupe','67185'),(3804,24,'Cerradas de la Silla','67185'),(3805,24,'La Roca','67185'),(3806,24,'El Milagro','67185'),(3807,24,'Rafael Ramrez Sector II','67185'),(3808,24,'13 de Mayo','67185'),(3809,24,'Fomerrey 32','67185'),(3810,24,'Santa Clara','67185'),(3811,24,'Las Avenidas','67185'),(3812,24,'Guadalupe Victoria','67185'),(3813,24,'Jos Luis Mora','67185'),(3814,24,'Rafael Ramrez','67185'),(3815,24,'Cuesta Verde','67186'),(3816,24,'San Eduardo','67186'),(3817,24,'Praderas de la Silla','67186'),(3818,24,'Collados de Guadalupe','67186'),(3819,24,'Valle la Silla','67186'),(3820,24,'Nuevo Almaguer','67186'),(3821,24,'Collados de Guadalupe 2do. Sector','67186'),(3822,24,'Loma Verde','67186'),(3823,24,'Vicente Ferrer','67186'),(3824,24,'Lomas de San Roque','67186'),(3825,24,'Unidad Piloto','67186'),(3826,24,'Lucio Blanco','67186'),(3827,24,'Gloria Mendiola','67186'),(3828,24,'Josefa Ortiz de Dominguez','67186'),(3829,24,'Cerradas de Bugambilias','67188'),(3830,24,'Melchor Ocampo','67188'),(3831,24,'Nuevo San Sebastin','67188'),(3832,24,'Los Lermas','67188'),(3833,24,'Chula Vista','67188'),(3834,24,'Rosalinda','67188'),(3835,24,'Santa Elena','67189'),(3836,24,'Los ngeles','67189'),(3837,24,'Solidaridad','67189'),(3838,24,'Colibr 1','67189'),(3839,24,'2 de Junio','67189'),(3840,24,'Colibr 2','67189'),(3841,24,'Guadalupe la Silla','67190'),(3842,24,'Las Flores','67190'),(3843,24,'Cerro de la Silla UC','67190'),(3844,24,'Divisin del Norte','67190'),(3845,24,'Reynosa','67190'),(3846,24,'Guadalupe Avante','67190'),(3847,24,'Residencial Guadalupe','67190'),(3848,24,'3 Caminos','67190'),(3849,24,'3 Caminos Norte','67190'),(3850,24,'Roble Santa Mara','67190'),(3851,24,'Nios Hroes','67190'),(3852,24,'Cerro Azul','67190'),(3853,24,'Rancho Viejo Sector 1','67192'),(3854,24,'Valle de San Roque','67192'),(3855,24,'Bugambilias de la Sierra','67192'),(3856,24,'Nueva Aurora','67192'),(3857,24,'Rancho Viejo Sector 2','67192'),(3858,24,'Las Colinas','67192'),(3859,24,'Las Palmas','67192'),(3860,24,'Jardines de Andaluca','67193'),(3861,24,'Sierra Morena','67193'),(3862,24,'Acueducto Guadalupe','67193'),(3863,24,'Misin Santa F','67193'),(3864,24,'Colinas del Rey','67194'),(3865,24,'Privadas del Rey','67194'),(3866,24,'Bosques del Rey','67194'),(3867,24,'Rincn de la Sierra','67194'),(3868,24,'Mxico 86','67194'),(3869,24,'Portales de la Silla','67194'),(3870,24,'Molino del Rey','67194'),(3871,24,'Portales de la Silla 2do. Sector','67194'),(3872,24,'Ciudad CROC','67195'),(3873,24,'Villa Alegre','67195'),(3874,24,'Pedregal de Guadalupe','67195'),(3875,24,'La Silla','67195'),(3876,24,'Valles de Guadalupe','67195'),(3877,24,'Rincn la Silla','67196'),(3878,24,'Valle del Sol','67196'),(3879,24,'Xochimilco','67196'),(3880,24,'Hacienda las Escobas','67196'),(3881,24,'Privadas de la Silla','67196'),(3882,24,'Santa Brbara','67196'),(3883,24,'Jardines de Xochimilco','67196'),(3884,24,'Portal de Xochimilco','67196'),(3885,24,'Valle de los Encinos','67197'),(3886,24,'Cortijo la Silla','67197'),(3887,24,'Misin de la Silla','67197'),(3888,24,'Tierra Propia Sector 2','67197'),(3889,24,'Tierra Propia Sector 1','67197'),(3890,24,'Hacienda de Guadalupe','67197'),(3891,24,'Acapulco','67198'),(3892,24,'Scop','67198'),(3893,24,'Rincn de Guadalupe','67198'),(3894,24,'Fomerrey 3','67198'),(3895,24,'Santa Mara','67198'),(3896,24,'Carmen Serdn','67198'),(3897,24,'Nuevo Santa Mara','67198'),(3898,24,'SCT','67199'),(3899,24,'Los Independientes','67199'),(3900,24,'Hacienda la Silla','67199'),(3901,24,'Paseo de Guadalupe','67199'),(3902,24,'Puerta del Sol','67200'),(3903,24,'31 de Diciembre','67200'),(3904,24,'Ciudad Cnop','67200'),(3905,24,'Evolucin','67200'),(3906,24,'Tamaulipas','67200'),(3907,24,'Nuevo Tamaulipas','67200'),(3908,24,'Miguel Hidalgo','67202'),(3909,24,'La Trinidad','67202'),(3910,24,'Nuevo Len','67202'),(3911,24,'5 de Enero','67202'),(3912,24,'Residencial Santa Mara','67202'),(3913,24,'Sandra Saavedra','67202'),(3914,24,'Vaqueras','67203'),(3915,24,'Praderas de Guadalupe','67203'),(3916,24,'Hacienda San Sebastin','67203'),(3917,24,'Mara Teresa','67203'),(3918,24,'David Cavazos','67204'),(3919,24,'Huerta de Guadalupe','67204'),(3920,24,'Industrial la Silla','67204'),(3921,24,'Crispn Trevio','67204'),(3922,24,'Los Manantiales','67204'),(3923,24,'Villas del Ro','67204'),(3924,24,'Misin Santa Cruz','67205'),(3925,24,'Santa Cruz','67205'),(3926,24,'Kalos','67205'),(3927,24,'Rincn de los Sabinos','67205'),(3928,24,'29 de Julio','67205'),(3929,24,'Fuentes de Guadalupe','67205'),(3930,29,'Hacienda San Jos','67250'),(3931,29,'Hacienda Santa Lucia','67250'),(3932,29,'Benito Jurez Centro','67250'),(3933,29,'Riberas de Santa Maria','67253'),(3934,29,'Benito Jurez Infonavit','67253'),(3935,29,'Real de San Jose','67254'),(3936,29,'Villas de San Juan','67254'),(3937,29,'Los Alcatraces','67254'),(3938,29,'Riberas de la Morena','67254'),(3939,29,'La Ciudadela Sector Real San Jos','67254'),(3940,29,'Lomas Del Sol','67254'),(3941,29,'Villas de San Jose','67254'),(3942,29,'Rinconada San Juan','67254'),(3943,29,'Mirador de la Montaa','67254'),(3944,29,'Valle de La Victoria Infonavit','67255'),(3945,29,'URBI Villa del Real','67256'),(3946,29,'Jurez','67256'),(3947,29,'Coahuila','67257'),(3948,29,'Valle las Sabinas','67257'),(3949,29,'Monte Verde','67257'),(3950,29,'Colinas Del Sol','67257'),(3951,29,'Valle Del Virrey','67257'),(3952,29,'Reforma','67257'),(3953,29,'Las Sabinas','67257'),(3954,29,'Santa Lucia','67257'),(3955,29,'Las Sabinitas','67257'),(3956,29,'Quintas las Sabinas','67257'),(3957,29,'Residencial Punta Esmeralda','67257'),(3958,29,'Caldern','67257'),(3959,29,'El Sabinal','67257'),(3960,29,'Gardenias 5 Etapa','67257'),(3961,29,'Reforma Guadalupe','67257'),(3962,29,'Las guilas','67257'),(3963,29,'Anzures','67258'),(3964,29,'San Antonio','67259'),(3965,29,'Paseo de las Lomas','67260'),(3966,29,'Hacienda Santa Lucia II','67260'),(3967,29,'20 de Septiembre','67260'),(3968,29,'Fomerrey 131','67260'),(3969,29,'Libertadores de Amrica','67260'),(3970,29,'Paseo Andaluz','67260'),(3971,29,'Paseo Santa Fe','67260'),(3972,29,'Santa Lidia','67262'),(3973,29,'El Nido','67262'),(3974,29,'Residencial la Morena','67262'),(3975,29,'San Jose','67262'),(3976,29,'Santa Maria','67262'),(3977,29,'La Luz','67262'),(3978,29,'Colinas de San Juan','67262'),(3979,29,'Ismael Flores','67262'),(3980,29,'Las Lomas','67265'),(3981,29,'Los Huertos','67265'),(3982,29,'Colinas Del Vergel','67265'),(3983,29,'La Ciudadela','67265'),(3984,29,'Paseo de Santa Fe','67265'),(3985,29,'Hacienda La Morena','67265'),(3986,29,'Las Quintas Residencial','67265'),(3987,29,'Praderas de Oriente','67265'),(3988,29,'Privadas los Cyranos','67265'),(3989,29,'Paraje Jurez','67265'),(3990,29,'Privadas de San Mateo','67265'),(3991,29,'El Mirador','67266'),(3992,29,'San Miguelito','67266'),(3993,29,'Portal de Jurez','67266'),(3994,29,'Hacienda Real','67266'),(3995,29,'La Paz','67266'),(3996,29,'Vistas de San Juan','67266'),(3997,29,'INFONAVIT Francisco Villa','67267'),(3998,29,'La Escondida','67267'),(3999,29,'Lomas Del Sol','67267'),(4000,29,'El Ancon','67267'),(4001,29,'Praderas de San Juan','67267'),(4002,29,'Vistas del Ro','67267'),(4003,29,'Garza y Garza','67267'),(4004,29,'INFONAVIT Benito Jurez','67267'),(4005,29,'Hacienda San Benito','67267'),(4006,29,'Villas de Oriente','67267'),(4007,29,'La Ciudadela Sector Villas San Juan','67267'),(4008,29,'Residencial Terranova','67267'),(4009,29,'Hacienda de Jurez','67267'),(4010,29,'Jardines de Villa Jurez','67267'),(4011,29,'Fuentes de Jurez','67267'),(4012,29,'Villa del Real','67267'),(4013,29,'Paseo de las Margaritas','67269'),(4014,29,'Colinas Del Sol','67269'),(4015,29,'Las Margaritas','67269'),(4016,29,'Rincn del Ro','67269'),(4017,29,'Colinas Del Rio','67269'),(4018,29,'Los Ebanitos','67270'),(4019,29,'Monte Kristal','67275'),(4020,29,'La Esperanza','67275'),(4021,29,'Paseo Del Prado','67275'),(4022,29,'Riviera del Sol','67275'),(4023,29,'Hector Caballero Escamilla','67275'),(4024,29,'Lomas del Huajuco','67275'),(4025,29,'Los Encinos','67275'),(4026,29,'Villa Luz','67275'),(4027,29,'San Juan','67275'),(4028,29,'Hacienda San Marcos','67276'),(4029,29,'Cerro de La Silla','67276'),(4030,29,'Gardenias','67276'),(4031,29,'Cardel','67276'),(4032,29,'Burcratas de Guadalupe','67276'),(4033,29,'Villa San Francisco','67276'),(4034,29,'Zirandaro','67277'),(4035,29,'Hacienda San Marcos','67277'),(4036,29,'Prados de San Roque','67277'),(4037,29,'Los Reyes','67277'),(4038,29,'Cerradas del Rey','67277'),(4039,29,'Balcones de Zirandaro','67277'),(4040,29,'Reserva de San Roque','67277'),(4041,29,'Portal de San Roque','67277'),(4042,29,'Amrica Unida','67277'),(4043,29,'Vaqueras','67279'),(4044,29,'Villa los Arcos','67279'),(4045,29,'Los Arcos','67279'),(4046,29,'Rancho Viejo','67280'),(4047,29,'Monte Bello','67280'),(4048,29,'Arboledas de los Naranjos','67280'),(4049,29,'Monte Kristal 4o Sector','67280'),(4050,29,'Real Valle Sur','67280'),(4051,29,'Arboledas de San Roque','67280'),(4052,29,'Los Cometas','67280'),(4053,29,'Valle Real','67280'),(4054,29,'Santa Ana','67280'),(4055,29,'Portal de Vaqueras','67280'),(4056,29,'Valle de Vaqueras','67280'),(4057,29,'Viviendas Magdalena','67280'),(4058,29,'Jardines de los Pinos','67280'),(4059,29,'Monte Kristal','67280'),(4060,29,'Los Valles','67280'),(4061,29,'San Roque','67280'),(4062,29,'Campestre Monte Bello','67280'),(4063,29,'Hacienda Rancho Viejo','67280'),(4064,29,'Valle Sur','67280'),(4065,29,'Rancho Viejo','67280'),(4066,29,'La Maestranza','67286'),(4067,29,'San Pedro','67286'),(4068,29,'La Trinidad','67286'),(4069,29,'Los Reguiletes','67286'),(4070,29,'Las Espinas','67286'),(4071,29,'Riberas de Santa Mnica','67286'),(4072,29,'Arcadia','67286'),(4073,29,'Santa Mnica 14 Sector','67286'),(4074,29,'Bosques de San Pedro','67286'),(4075,29,'10 de Mayo','67286'),(4076,29,'Hacienda San Roque','67286'),(4077,29,'Pedregal Santa Mnica','67286'),(4078,29,'Santa Mnica 12 Sector','67286'),(4079,29,'Lomas de Santa Mnica I','67286'),(4080,29,'Lomas de Santa Mnica II','67286'),(4081,29,'Jardines de La Silla','67286'),(4082,29,'Salvador Chavez Mora','67286'),(4083,29,'Santa Mnica','67286'),(4084,29,'Hacienda los Laureles','67286'),(4085,29,'Santa Monica 13 Sector','67286'),(4086,29,'Jardines de La Silla','67287'),(4087,29,'Privadas Jardines Residencial','67287'),(4088,29,'Ricardo Flores Magn','67287'),(4089,29,'Los Naranjos','67288'),(4090,29,'Lomas de los Naranjos','67288'),(4091,29,'Hroe de Nacozari','67288'),(4092,29,'Los Laureles','67288'),(4093,29,'Sierra Vista','67288'),(4094,29,'Ex Hacienda el Rosario','67288'),(4095,29,'Villa los Naranjos','67288'),(4096,29,'Villas de la Hacienda','67288'),(4097,29,'Paseo de Acueducto Jurez','67288'),(4098,29,'Monte Kristal','67289'),(4099,29,'Punta Esmeralda Sur','67289'),(4100,29,'Diana Laura Rioja de Colosio','67289'),(4101,29,'Privada Va Siete','67289'),(4102,29,'Valle de Jurez','67289'),(4103,29,'Santa Ana de Arriba','67290'),(4104,29,'Santa Beatriz','67290'),(4105,29,'Palos Altos','67290'),(4106,29,'Misin San Mateo','67296'),(4107,29,'San Mateo','67296'),(4108,29,'Los Canelos','67296'),(4109,29,'La Cinega','67298'),(4110,29,'Carricitos','67298'),(4111,29,'El Campanario','67298'),(4112,29,'Bosques de La Silla','67298'),(4113,29,'La Lobita','67298'),(4114,49,'Huajuquito O los Cavazos','67300'),(4115,49,'Los Rodriguez','67300'),(4116,49,'Las Misiones','67302'),(4117,49,'Yerbaniz','67302'),(4118,49,'El Barro','67303'),(4119,49,'El Barrial','67303'),(4120,49,'El Cerrito','67303'),(4121,49,'San Andres','67303'),(4122,49,'El Ranchito','67303'),(4123,49,'La Boca','67304'),(4124,49,'Bosques de San Jos','67307'),(4125,49,'Piedra de Fierro','67307'),(4126,49,'San Jose Del Norte','67307'),(4127,49,'San Pedro','67307'),(4128,49,'La Esperanza','67307'),(4129,49,'San Jose Sur','67307'),(4130,49,'Cieneguilla','67308'),(4131,49,'Potrero de Serna','67308'),(4132,49,'San Francisco','67308'),(4133,49,'Cola de Caballo','67308'),(4134,49,'Santiago Centro','67310'),(4135,49,'El Pueblito de Santiago','67310'),(4136,49,'Villa Rosario','67310'),(4137,49,'Del Maestro','67312'),(4138,49,'Aserradero','67312'),(4139,49,'San Francisco','67312'),(4140,49,'Jardines de Santiago','67313'),(4141,49,'Valle Escondido','67314'),(4142,49,'Valle Del Barreal','67314'),(4143,49,'San Jorge','67314'),(4144,49,'Condado de Asturias','67315'),(4145,49,'Viento Libre','67315'),(4146,49,'Valles de Santiago','67315'),(4147,49,'Las Huertas','67316'),(4148,49,'Hector Caballero','67316'),(4149,49,'La Boca','67317'),(4150,49,'Punta la Boca','67317'),(4151,49,'Las Cristalinas','67317'),(4152,49,'Santa Rosala','67318'),(4153,49,'Arturo Cavazos','67318'),(4154,49,'Aldabas de Cavazzo','67318'),(4155,49,'Huajuquito','67318'),(4156,49,'Concepcin Salazar','67318'),(4157,49,'Las Cristalinas','67318'),(4158,49,'El Cercado Centro','67320'),(4159,49,'15 de Mayo','67320'),(4160,49,'San Javier','67322'),(4161,49,'Terrero','67322'),(4162,49,'Alameda','67322'),(4163,49,'S R H','67322'),(4164,49,'Lomas Del Cercado','67322'),(4165,49,'Los Pescadores','67322'),(4166,49,'Jardines de La Boca','67323'),(4167,49,'Los Nsperos','67323'),(4168,49,'Salto Del Caf','67323'),(4169,49,'Las Hadas','67323'),(4170,49,'Antonio Villaln','67323'),(4171,49,'Alonso Chavez','67324'),(4172,49,'Campestre Santa Clara','67324'),(4173,49,'Bosques de las Lomas','67324'),(4174,49,'R Garza Madero','67324'),(4175,49,'Las Margaritas','67325'),(4176,49,'Piedra de Fierro','67327'),(4177,49,'Los Fierros','67327'),(4178,49,'Santa Tais','67328'),(4179,49,'Raul Caballero Escamilla','67328'),(4180,49,'Bosque de San Pedro','67328'),(4181,49,'San Pedro El lamo','67328'),(4182,49,'San Jose Sur','67328'),(4183,49,'San Jose Norte','67329'),(4184,49,'Cieneguilla','67329'),(4185,49,'La Plazuela','67329'),(4186,49,'Melchor Ocampo','67329'),(4187,49,'Blas Chumacero','67329'),(4188,49,'Valle Alto','67329'),(4189,49,'Residencial Hacienda Santiago','67329'),(4190,49,'La Cinega de Gonzlez','67330'),(4191,49,'Potrero Redondo','67334'),(4192,49,'El Tejocote','67337'),(4193,49,'Laguna de Sanchez','67338'),(4194,49,'Bosque Residencial','67340'),(4195,49,'San Juan Bautista','67340'),(4196,49,'San Jose de las Boquillas','67344'),(4197,3,'Nuevo Repueblo','67350'),(4198,3,'Seccin Diego Lopez','67350'),(4199,3,'San Javier','67350'),(4200,3,'Los Barros Seccin','67350'),(4201,3,'Alfonso Martinez Dominguez','67350'),(4202,3,'Independencia','67350'),(4203,3,'Scrates Rizo (Valle de los Duraznos)','67350'),(4204,3,'Santa Engracia','67350'),(4205,3,'Seccin los lamos','67350'),(4206,3,'Hacienda Valle Real','67350'),(4207,3,'Baudilio Silva','67350'),(4208,3,'Seccin Zaragoza','67350'),(4209,3,'Seccin Jurez','67350'),(4210,3,'Eduardo Livas Villareal','67350'),(4211,3,'Rio Ramos','67350'),(4212,3,'Colinas de Allende','67350'),(4213,3,'Seccin Buenavista','67350'),(4214,3,'Seccin Centro','67350'),(4215,3,'Valle Dorado','67350'),(4216,3,'Los Encinos','67350'),(4217,3,'El Vergel','67350'),(4218,3,'Los Perales','67350'),(4219,3,'Raul Caballero','67350'),(4220,3,'Eduardo A Elizondo','67350'),(4221,3,'Benito Jurez','67350'),(4222,3,'Popular','67350'),(4223,3,'Valle los Naranjos','67350'),(4224,3,'Valle de los lamos','67350'),(4225,3,'Los Maestros','67350'),(4226,3,'Elverdin Azahares','67350'),(4227,3,'Los Sabinos','67353'),(4228,3,'Paso Hondo','67353'),(4229,3,'El Porvenir','67353'),(4230,3,'El Cerrito','67353'),(4231,3,'Juregui','67354'),(4232,3,'Atongo de Allende','67362'),(4233,3,'Los Terreros','67363'),(4234,3,'Los Aguirre','67363'),(4235,3,'Los Guzmn','67370'),(4236,3,'San Antonio','67372'),(4237,3,'Hacienda San Antonio','67373'),(4238,3,'Lazarillos de Abajo','67374'),(4239,3,'Las Cruces (Carretera Nacional Kilmetro 236)','67374'),(4240,3,'Las Races','67380'),(4241,3,'Lazarillos de Arriba','67382'),(4242,3,'Las Boquillas','67383'),(4243,3,'La Colmena de Abajo','67383'),(4244,3,'La Colmena de Arriba','67383'),(4245,20,'Progreso','67400'),(4246,20,'Alegres de Tern','67400'),(4247,20,'El Granjenal','67400'),(4248,20,'Los Naranjos','67400'),(4249,20,'Gral. Tern','67400'),(4250,20,'Citricultores','67400'),(4251,20,'California','67403'),(4252,20,'Ramirez','67405'),(4253,20,'Ojo de Agua','67405'),(4254,20,'La Pursima','67406'),(4255,20,'Las Anacuas','67413'),(4256,20,'Las Anacuas','67413'),(4257,20,'La Unin','67413'),(4258,20,'Las Anacuitas','67414'),(4259,20,'La Corona','67415'),(4260,20,'Las Brisas','67416'),(4261,20,'Santa Engracia','67416'),(4262,20,'Encadenado','67416'),(4263,20,'Encadenado','67417'),(4264,20,'Guadalupe de La Joya','67423'),(4265,20,'San Julin','67430'),(4266,20,'San Pedro','67440'),(4267,20,'Buenavista de Jimenez','67448'),(4268,8,'Lzaro Crdenas','67451'),(4269,8,'Santa Fe','67453'),(4270,8,'Las Nutrias','67454'),(4271,8,'San Juan','67454'),(4272,8,'El Castillo','67456'),(4273,8,'Chihuahua','67456'),(4274,8,'San Bartolo','67456'),(4275,8,'Valle del Roble','67456'),(4276,8,'San Bartolo','67456'),(4277,8,'El Mezcal','67457'),(4278,8,'San Juan de los Garza','67459'),(4279,8,'Atongo de Abajo','67460'),(4280,8,'San Rafael','67462'),(4281,8,'La Trinidad','67462'),(4282,8,'El Refugio','67463'),(4283,8,'El Alamito','67463'),(4284,8,'La Ceja','67463'),(4285,8,'Santa Isabel','67464'),(4286,8,'San Lorenzo','67464'),(4287,8,'La Esperanza','67465'),(4288,8,'Los Palmitos','67465'),(4289,8,'Los Palmitos','67465'),(4290,8,'El Barranquito','67467'),(4291,8,'San Isidro','67467'),(4292,8,'Lajitas de Arriba','67467'),(4293,8,'La Unin','67467'),(4294,8,'Las Palmas','67467'),(4295,8,'Las Adjuntas','67469'),(4296,8,'Las Palomitas (La Fragua)','67470'),(4297,8,'San Juan','67470'),(4298,8,'Rancho Viejo','67473'),(4299,8,'El Calvario','67473'),(4300,8,'Estacin Cadereyta','67473'),(4301,8,'Las Trancas','67474'),(4302,8,'El Refugio (el Nopalito)','67474'),(4303,8,'La Chueca','67474'),(4304,8,'Sabarado','67474'),(4305,8,'Casas Viejas (la Florida)','67474'),(4306,8,'San Miguelito','67474'),(4307,8,'Santa Efigenia','67474'),(4308,8,'La Soledad Herrera','67475'),(4309,8,'Soledad Herrera','67475'),(4310,8,'Cadereyta Jimnez Centro','67480'),(4311,8,'Graciano Sanchez','67483'),(4312,8,'Jernimo Trevio 1er Sec.','67483'),(4313,8,'Nueva Cadereyta','67483'),(4314,8,'Rafael de Leon','67483'),(4315,8,'San Juan','67483'),(4316,8,'Candelaria Ros','67483'),(4317,8,'Fidel Velzquez','67483'),(4318,8,'Lzaro Crdenas 2do Sec.','67483'),(4319,8,'Nueva Cadereyta','67483'),(4320,8,'Veteranos','67483'),(4321,8,'Pedregal de Cadereyta','67483'),(4322,8,'Alfredo V. Bonfil','67483'),(4323,8,'PEMEX','67483'),(4324,8,'Las Misiones','67483'),(4325,8,'Lzaro Crdenas 1er Sec.','67483'),(4326,8,'Lzaro Crdenas 3er Sec.','67483'),(4327,8,'La Capilla','67483'),(4328,8,'Gloria Mendiola','67483'),(4329,8,'Jernimo Trevio 2do Sec.','67483'),(4330,8,'Burcratas Municipales','67483'),(4331,8,'Ignacio Allende','67484'),(4332,8,'Praderas de Cadereyta','67484'),(4333,8,'Jose Luis Lozano','67484'),(4334,8,'San Moiss','67484'),(4335,8,'Residencial Paraso','67484'),(4336,8,'INFONAVIT Jernimo Trevio','67484'),(4337,8,'Jos O. Martinez Secc. A','67484'),(4338,8,'Residencial Jardines de Compostela','67484'),(4339,8,'Alberos','67484'),(4340,8,'Marin','67484'),(4341,8,'Villa Luz','67484'),(4342,8,'Jardines de Capellania','67484'),(4343,8,'Salinas de Gortari','67484'),(4344,8,'Santa Cecilia','67484'),(4345,8,'Valle de Cadereyta','67484'),(4346,8,'Fidel Velzquez','67484'),(4347,8,'INFONAVIT Arboledas','67484'),(4348,8,'Jos O. Martinez Secc. B','67484'),(4349,8,'Valles Del Rey','67484'),(4350,8,'Galindo','67485'),(4351,8,'Lpez Mateos 2do Sec.','67485'),(4352,8,'La Rioja','67485'),(4353,8,'Privadas San Juan','67485'),(4354,8,'Santa Liliana','67485'),(4355,8,'El Rosario','67485'),(4356,8,'Santa Lucia','67485'),(4357,8,'Real de Cadereyta','67485'),(4358,8,'Bella Vista 4to Sector','67485'),(4359,8,'San Ignacio 1er Sec.','67485'),(4360,8,'Casa Blanca','67485'),(4361,8,'Las Espigas','67485'),(4362,8,'Emiliano Zapata 1er Sec','67485'),(4363,8,'Framboyanes','67485'),(4364,8,'Las Norias','67485'),(4365,8,'Nueva Madero','67485'),(4366,8,'Emiliano Zapata 3er Sec','67485'),(4367,8,'Santa Maria','67485'),(4368,8,'Padilla','67485'),(4369,8,'Bellavista','67485'),(4370,8,'Las Espigas 2do Sector','67485'),(4371,8,'Fomerrey Cadereyta','67485'),(4372,8,'Emiliano Zapata 2do Sec','67485'),(4373,8,'Galindo','67485'),(4374,8,'Garza Cantu','67485'),(4375,8,'San Genaro 1er Sector','67485'),(4376,8,'Las Palmas','67485'),(4377,8,'Jardines de Cadereyta','67485'),(4378,8,'Cadereyta','67485'),(4379,8,'Lpez Mateos 1er Sec.','67485'),(4380,8,'INFONAVIT Sabinitos','67485'),(4381,8,'Delia','67485'),(4382,8,'Lomas de Los Pilares 3er Sec.','67486'),(4383,8,'Lomas de los Pilares 1er Sec.','67486'),(4384,8,'Lomas de los Pilares 2do Sec.','67486'),(4385,8,'PEMEX Refinera','67488'),(4386,8,'El Tepehuaje','67490'),(4387,8,'La Concepcin','67490'),(4388,8,'Pueblo Nuevo','67490'),(4389,8,'La Haciendita','67492'),(4390,8,'El Tepehuaje','67493'),(4391,8,'Dolores','67493'),(4392,8,'Santa Isabel y Dolores','67493'),(4393,8,'Vaqueros','67496'),(4394,8,'El Matorral','67497'),(4395,8,'El Barco','67498'),(4396,8,'Valle Hidalgo','67498'),(4397,39,'Montemorelos Centro','67500'),(4398,39,'Matamoros','67510'),(4399,39,'El Maestro','67510'),(4400,39,'Las Palmas','67512'),(4401,39,'Zambrano','67512'),(4402,39,'Maranatha','67515'),(4403,39,'Real del Valle','67515'),(4404,39,'Los Sabinos','67515'),(4405,39,'Del Bosque','67515'),(4406,39,'Los Fresnos','67515'),(4407,39,'Los Nogales','67515'),(4408,39,'El Fresno','67515'),(4409,39,'Paras','67520'),(4410,39,'Cruz Verde','67528'),(4411,39,'Hacienda los Naranjos','67528'),(4412,39,'Zaragoza','67530'),(4413,39,'Alfonso Martinez Dominguez','67535'),(4414,39,'La F','67535'),(4415,39,'Morelos II','67535'),(4416,39,'1ro de Mayo','67535'),(4417,39,'Mendivil','67540'),(4418,39,'Anita','67541'),(4419,39,'Panteones','67542'),(4420,39,'Infonavit 2do Sector','67543'),(4421,39,'Jose Maria Morelos y Pavn','67543'),(4422,39,'Monumento','67543'),(4423,39,'Infonavit 3er Sector','67543'),(4424,39,'Valeriano Garcia Galvan','67543'),(4425,39,'Lzaro Crdenas','67543'),(4426,39,'Raul Caballero','67543'),(4427,39,'Infonavit 1er Sector','67543'),(4428,39,'Hortencia Gonzalez','67543'),(4429,39,'Burcratas Municipales','67544'),(4430,39,'Infonavit 4to Sector','67544'),(4431,39,'Morelos I','67544'),(4432,39,'Mexiquito','67550'),(4433,39,'El Consuelo','67554'),(4434,39,'Naranjos','67560'),(4435,39,'Gil de Leyva','67560'),(4436,39,'Padre Mier','67560'),(4437,39,'Monte Real','67560'),(4438,39,'Las Alamedas','67563'),(4439,39,'Zaragoza','67563'),(4440,39,'Lerdo de Tejada','67570'),(4441,39,'La Ladrillera','67580'),(4442,39,'Francisco Villa','67587'),(4443,39,'Miguel Hidalgo','67588'),(4444,39,'Jose Maria Paras','67588'),(4445,39,'6 de Abril','67588'),(4446,39,'Emiliano Zapata','67589'),(4447,39,'Garza Garcia','67590'),(4448,39,'Jose Lopez Portillo','67590'),(4449,39,'Jalisco','67599'),(4450,39,'San Miguel','67600'),(4451,39,'El Fraile','67600'),(4452,39,'Los Arroyos','67604'),(4453,39,'Valle de Hidalgo','67606'),(4454,39,'Tierras Coloradas','67606'),(4455,39,'Rancho Escondido','67607'),(4456,39,'Calles','67608'),(4457,39,'Canoas','67610'),(4458,39,'Loma Prieta','67610'),(4459,39,'El Desage','67611'),(4460,39,'El Bajo','67612'),(4461,39,'Buenavista','67613'),(4462,39,'Ojo de Agua','67614'),(4463,39,'Chihuahua','67614'),(4464,39,'San Vicente','67615'),(4465,39,'Las Puentes','67616'),(4466,39,'El Pastor','67617'),(4467,39,'Gral. Escobedo','67618'),(4468,39,'El Terrero','67619'),(4469,39,'El Nogalito','67619'),(4470,39,'Las Races','67619'),(4471,39,'Los Adobes','67619'),(4472,39,'La Unin 2','67637'),(4473,39,'El Toro','67637'),(4474,39,'Huertas Estacin','67639'),(4475,39,'Las Adjuntas','67640'),(4476,43,'Rayones','67650'),(4477,43,'Santa Rosa','67670'),(4478,43,'El Barreal','67680'),(4479,43,'Pedro Carrizales','67690'),(4480,31,'Linares Centro','67700'),(4481,31,'INFONAVIT Rodrigo Gmez','67710'),(4482,31,'Alvarado','67710'),(4483,31,'Las Palmas','67710'),(4484,31,'La Amistad','67713'),(4485,31,'Amrica','67714'),(4486,31,'Los Nogales','67714'),(4487,31,'Las Brisas','67714'),(4488,31,'San Felipe','67714'),(4489,31,'Gloria Mendiola','67715'),(4490,31,'INFONAVIT Ro Verde','67716'),(4491,31,'San Luisito','67716'),(4492,31,'INFONAVIT Dr. Ignacio Morones Prieto','67716'),(4493,31,'Benito Jurez','67720'),(4494,31,'Los Noriega','67720'),(4495,31,'San Joaqun','67730'),(4496,31,'FOMERREY Ignacio Zaragoza','67730'),(4497,31,'Ignacio Zaragoza','67730'),(4498,31,'INFONAVIT Jardines de Linares','67730'),(4499,31,'Camacho','67730'),(4500,31,'Ciudad Industrial','67735'),(4501,31,'Arboledas del Valle','67735'),(4502,31,'Villegas','67740'),(4503,31,'Scrates Rizzo','67750'),(4504,31,'Buenos Aires','67750'),(4505,31,'La Petaca','67750'),(4506,31,'Ricardo Cantu','67750'),(4507,31,'Fomerrey 53 las Huertas','67754'),(4508,31,'Residencial Nogalar','67754'),(4509,31,'Provileon','67755'),(4510,31,'Linares IV Fovissste','67755'),(4511,31,'Residencial Hacienda los Nogales','67755'),(4512,31,'INFONAVIT El Cerrito','67755'),(4513,31,'El Cerrito','67755'),(4514,31,'INFONAVIT La Petaca','67756'),(4515,31,'INFONAVIT Constituyentes de 1857','67756'),(4516,31,'INFONAVIT San Gerardo','67756'),(4517,31,'Las Bugambilias','67756'),(4518,31,'Fidel Velzquez','67756'),(4519,31,'Moderna','67760'),(4520,31,'Las Palmas (Camachito)','67767'),(4521,31,'Camachito','67767'),(4522,31,'San Francisco','67768'),(4523,31,'Alejandro Cano','67769'),(4524,31,'Los Naranjos','67769'),(4525,31,'Miguel Hidalgo','67770'),(4526,31,'Porfirio Diaz','67770'),(4527,31,'Nios Hroes','67778'),(4528,31,'Marco Antonio','67778'),(4529,31,'Misin de San Gerardo','67778'),(4530,31,'El Vergel','67778'),(4531,31,'Las Alamedas','67778'),(4532,31,'El Roble','67779'),(4533,31,'La Bohemia','67779'),(4534,31,'Solidaridad','67780'),(4535,31,'Villaseca','67780'),(4536,31,'Zaragoza','67780'),(4537,31,'Lomas de Villaseca','67790'),(4538,31,'Riveras de San Antonio','67790'),(4539,31,'Tepeyac','67790'),(4540,31,'San Carlos','67790'),(4541,31,'San Antonio','67790'),(4542,31,'Lzaro Dimas','67790'),(4543,31,'San Rafael','67800'),(4544,31,'Caja Pinta','67800'),(4545,31,'San Felipe','67800'),(4546,31,'Dr. Ignacio Morones Prieto','67800'),(4547,31,'La Loma','67800'),(4548,31,'San Francisco Del Tenamaxtle','67800'),(4549,31,'El Popote','67802'),(4550,31,'El 10','67802'),(4551,31,'La Morita','67802'),(4552,31,'Santa Rosa','67803'),(4553,31,'Benitez','67804'),(4554,31,'El Refugio','67804'),(4555,31,'El Perico','67805'),(4556,31,'Jess Maria Del Puerto','67805'),(4557,31,'La Soledad','67806'),(4558,31,'La Reforma','67806'),(4559,31,'Ranchera','67808'),(4560,31,'Los Fresnos','67808'),(4561,31,'Los lamos','67809'),(4562,31,'San Jose','67809'),(4563,31,'San Isidro','67812'),(4564,31,'Gatos Gueros','67812'),(4565,31,'El Porvenir','67815'),(4566,31,'San Jacinto','67815'),(4567,31,'Dolores de San Julin','67816'),(4568,31,'El Carmen de los Elizondo','67816'),(4569,31,'Guadalupe','67817'),(4570,31,'Los Leones','67817'),(4571,31,'Cerro Prieto','67817'),(4572,31,'San Pedro Garza Garcia','67819'),(4573,31,'El Petril','67819'),(4574,31,'Loma Alta','67824'),(4575,31,'La Estrella','67824'),(4576,31,'Guadalupe Victoria','67824'),(4577,31,'Huerta Santa Teresa','67825'),(4578,31,'Emiliano Zapata','67825'),(4579,31,'Lampazos','67825'),(4580,31,'La Escondida','67825'),(4581,31,'Rio Verde Km. 3','67826'),(4582,31,'Brasil','67828'),(4583,31,'Vista Hermosa','67828'),(4584,31,'Ojo de Agua','67828'),(4585,28,'Iturbide','67830'),(4586,28,'Cuevas','67842'),(4587,28,'La Luz','67844'),(4588,28,'Camarones','67845'),(4589,28,'El Madroo','67846'),(4590,28,'Buenavista','67847'),(4591,28,'Santa Ins','67849'),(4592,28,'San Francisco de las Adjuntas','67849'),(4593,16,'Jose Salazar Reyna','67850'),(4594,16,'Del Maestro 2o Sector','67850'),(4595,16,'Barrio de Jalisco','67850'),(4596,16,'Labradores','67850'),(4597,16,'El Potos','67850'),(4598,16,'El Potrero Prieto de Arriba','67850'),(4599,16,'Scrates Rizo','67850'),(4600,16,'Mariano Escobedo','67850'),(4601,16,'El Mirador','67850'),(4602,16,'Galeana','67850'),(4603,16,'El Cristal','67850'),(4604,16,'Laguna de Labradores','67850'),(4605,16,'Santa Rita','67850'),(4606,16,'El Potrero Prieto de Abajo','67850'),(4607,16,'Jalisco','67850'),(4608,16,'El Chamizal','67850'),(4609,16,'El Peuelo','67853'),(4610,16,'San Antonio de Gonzalez','67853'),(4611,16,'El Barrocito','67853'),(4612,16,'El Canelito','67853'),(4613,16,'San Isidro de Berlanga','67853'),(4614,16,'San Juan de Dios','67853'),(4615,16,'El Carmen','67854'),(4616,16,'Puerto Pastores','67854'),(4617,16,'La Primavera','67855'),(4618,16,'Santo Domingo','67855'),(4619,16,'Los Magueyes','67855'),(4620,16,'San Roberto','67855'),(4621,16,'Santa Cruz de Sauces','67856'),(4622,16,'Los Nogales','67856'),(4623,16,'El Derramadero','67856'),(4624,16,'San Francisco de los Blancos','67856'),(4625,16,'18 de Marzo','67856'),(4626,16,'San Jose de La Hoya','67857'),(4627,16,'San Lucas','67857'),(4628,16,'Los Llanitos','67857'),(4629,16,'El Orito','67857'),(4630,16,'San Juan de Mimbres','67858'),(4631,16,'Los Mimbres','67858'),(4632,16,'San Francisco Javier','67858'),(4633,16,'San Ildefonso','67858'),(4634,16,'La Lagunita','67860'),(4635,16,'Puerto Mxico','67860'),(4636,16,'El Herial','67860'),(4637,16,'La Providencia','67860'),(4638,16,'Cinega Del Toro','67860'),(4639,16,'La Casita','67860'),(4640,16,'Navidad','67860'),(4641,16,'El Cuije','67860'),(4642,16,'El Prado','67860'),(4643,16,'Santa Cruz Cinega Del Toro','67860'),(4644,16,'San Juan Del Prado','67860'),(4645,16,'La Esperanza','67860'),(4646,16,'Hediondilla','67863'),(4647,16,'La Carbonera','67863'),(4648,16,'Las Delicias','67863'),(4649,16,'La Trinidad','67864'),(4650,16,'San Joaqun','67864'),(4651,16,'La Paz','67864'),(4652,16,'Santa Maria de Ramos','67864'),(4653,16,'Los Adobes','67864'),(4654,16,'San Rafael','67865'),(4655,16,'Boca Del Refugio','67865'),(4656,16,'San Pablo','67866'),(4657,16,'Tanquecillos','67866'),(4658,16,'Santa Maria Del Socorro','67866'),(4659,16,'Estados Unidos','67867'),(4660,16,'San Jose de La Martha','67867'),(4661,16,'Santa Clara de Cinega','67867'),(4662,16,'El Castillo','67868'),(4663,16,'San Jose de Races 2','67870'),(4664,16,'San Pablo de Races','67870'),(4665,16,'San Jorge','67870'),(4666,16,'San Jose de Races','67870'),(4667,16,'El Tepozan','67870'),(4668,16,'La Leona','67870'),(4669,16,'Presita de Berlanga','67870'),(4670,16,'San Francisco de Berlanga','67872'),(4671,16,'Las Margaritas','67872'),(4672,16,'Calabacillas','67873'),(4673,16,'San Ignacio de Texas','67873'),(4674,16,'El Refugio de los Ibarra','67874'),(4675,16,'Jess Maria de Aguirre','67874'),(4676,16,'San Antonio Del Salero','67874'),(4677,16,'Joyas de Agua Fra','67875'),(4678,16,'Rio de San Jose','67875'),(4679,16,'Texas','67875'),(4680,16,'Pablillo','67875'),(4681,16,'San Pablo de Mitras','67876'),(4682,16,'San Jose de Gonzalez','67876'),(4683,16,'La Nueva Primavera','67877'),(4684,16,'Tokio','67877'),(4685,16,'La Poza','67878'),(4686,16,'Minas de San Jose','67878'),(4687,16,'San Marcos','67878'),(4688,16,'El Palmito','67878'),(4689,16,'San Pablo de Tranquitas','67878'),(4690,16,'Santa Clara de Gonzalez','67878'),(4691,16,'Santa Fe','67878'),(4692,27,'La Laja','67880'),(4693,27,'Maguiras','67881'),(4694,27,'El Cangrejo','67884'),(4695,27,'El Pinto','67885'),(4696,27,'Santa Rosa','67885'),(4697,27,'Hualahuises Centro','67890'),(4698,27,'CTM 1er Sector','67893'),(4699,27,'Raul Caballero Sector II','67893'),(4700,27,'CTM 2do Sector','67893'),(4701,27,'Raul Caballero Sector I','67893'),(4702,27,'Santa Rosa','67895'),(4703,27,'Emiliano Zapata','67895'),(4704,27,'La Esperanza','67895'),(4705,27,'Nueva Esperanza','67895'),(4706,27,'Potrerillos','67896'),(4707,27,'Magueyera','67897'),(4708,27,'CROC','67898'),(4709,27,'Presidente Jurez','67898'),(4710,27,'San Cristbal','67899'),(4711,27,'San Cristbal','67899'),(4712,12,'Martinez Dominguez','67900'),(4713,12,'Scrates Rizzo','67900'),(4714,12,'Pintores Mexicanos','67900'),(4715,12,'Las Brisas','67900'),(4716,12,'J Trevio','67900'),(4717,12,'Dr. Arroyo Centro','67900'),(4718,12,'Acua','67902'),(4719,12,'Capaderito','67902'),(4720,12,'Presa de San Carlos','67904'),(4721,12,'Palma Gorda','67904'),(4722,12,'Panales de Arriba','67904'),(4723,12,'El Carmen de Castao','67904'),(4724,12,'San Isidro de Fernandez','67905'),(4725,12,'San Jose de Flores','67905'),(4726,12,'Boquillas','67905'),(4727,12,'San Vicente de La Puerta','67905'),(4728,12,'Cerrito Del Aire','67905'),(4729,12,'Puerto de Dolores','67906'),(4730,12,'Lagunita de Castillo','67907'),(4731,12,'Laguna de Castillo','67907'),(4732,12,'Tapona de Camarillo','67907'),(4733,12,'Puerto Del Aire','67908'),(4734,12,'La Concepcin','67908'),(4735,12,'Presa de Maltos','67908'),(4736,12,'Las 14','67908'),(4737,12,'El Leoncito','67912'),(4738,12,'El Canelo','67913'),(4739,12,'El Tajo','67913'),(4740,12,'Mesa de Gonzalez','67914'),(4741,12,'Lagunita y Ranchos Nuevos','67915'),(4742,12,'San Pablo de los Rueda','67916'),(4743,12,'Estanque Nuevo','67917'),(4744,12,'El Tecolote','67920'),(4745,12,'San Juan Del Palmar','67920'),(4746,12,'Los Medina','67920'),(4747,12,'Santa Rita','67920'),(4748,12,'La Yerba','67920'),(4749,12,'Santa Ana','67921'),(4750,12,'Amaro','67923'),(4751,12,'El Pequeo','67923'),(4752,12,'El Refugio de los Cedillos','67923'),(4753,12,'El Rucio','67924'),(4754,12,'El Charco de La Granja','67925'),(4755,12,'San Cayetano de Vacas','67925'),(4756,12,'Jess Maria de Berrones','67926'),(4757,12,'La Unin y Cardonal','67926'),(4758,12,'Tanquecillos','67926'),(4759,12,'Coloradas','67926'),(4760,12,'Santa Gertrudis','67926'),(4761,12,'La Aguita','67926'),(4762,12,'Cerritos de Vacas','67928'),(4763,12,'La Escondida de Arzola','67928'),(4764,12,'San Miguelito','67928'),(4765,12,'El Represadero','67928'),(4766,12,'El Jarro','67930'),(4767,12,'Los Cuartos','67930'),(4768,12,'El Carmen de La Laja','67930'),(4769,12,'El Charquillo','67930'),(4770,12,'La Lajita','67930'),(4771,12,'Mesa Del Traidor','67931'),(4772,12,'San Ramon de Martinez','67931'),(4773,12,'Puerta de Aguilar','67932'),(4774,12,'Santa Teresa','67932'),(4775,12,'San Francisco Del Yugo','67933'),(4776,12,'Guadalupe de Silva','67933'),(4777,12,'La Cruz de Elorza','67933'),(4778,12,'San Pedro de Gonzalez','67934'),(4779,12,'El lamo','67934'),(4780,12,'Santa Maria','67934'),(4781,12,'San Francisco de los Desmontes','67935'),(4782,12,'Albercones','67935'),(4783,12,'Las Jarillas','67935'),(4784,12,'El Consuelo','67936'),(4785,12,'lvaro Obregn','67936'),(4786,12,'La Chiripa','67936'),(4787,12,'San Miguel de los Aguirre','67936'),(4788,12,'La Balsa','67937'),(4789,12,'Santa Lucia','67937'),(4790,12,'Presita de Rueda','67937'),(4791,12,'San Antonio de Pea Nevada','67937'),(4792,12,'La Bolsa','67937'),(4793,12,'San Juan de La Cruz','67937'),(4794,12,'El Reparo','67938'),(4795,12,'San Gregorio','67938'),(4796,12,'San Ignacio de Torres','67938'),(4797,6,'Aramberri Centro','67940'),(4798,6,'Emiliano Zapata','67940'),(4799,6,'Rancho Nuevo (Las Hornillas)','67940'),(4800,6,'Seccin Sur','67940'),(4801,6,'Seccin Norte','67940'),(4802,6,'Brownsville','67940'),(4803,6,'El Calichal','67940'),(4804,6,'La Tijera','67940'),(4805,6,'Jess Mara','67943'),(4806,6,'Agua Adentro','67943'),(4807,6,'La Pea','67943'),(4808,6,'La Vieja','67943'),(4809,6,'Santa Teresa','67943'),(4810,6,'Agua Fra','67943'),(4811,6,'El Nogalar (La Pita)','67943'),(4812,6,'Poblado el Ro (El Sabinito)','67943'),(4813,6,'Callejn de los Vzquez','67943'),(4814,6,'Potrero del Padre (Lagunita de Gonzlez)','67943'),(4815,6,'Salitrillo','67943'),(4816,6,'La Hoya de los Nogales','67943'),(4817,6,'El Rosario','67943'),(4818,6,'Fraccionamiento del Ro (Fraccin del Ro)','67943'),(4819,6,'Garza','67943'),(4820,6,'Marmolejo','67943'),(4821,6,'Chaloa (San Mauricio)','67943'),(4822,6,'La Paila','67943'),(4823,6,'Las Higueritas','67943'),(4824,6,'Las Veredas','67943'),(4825,6,'La Escondida','67944'),(4826,6,'El Callejn de la Cueva','67944'),(4827,6,'El Gato','67944'),(4828,6,'La Lobera','67944'),(4829,6,'Las Mancuernas','67944'),(4830,6,'Milpillas','67944'),(4831,6,'Los Nogales','67944'),(4832,6,'Agua Delgada','67944'),(4833,6,'El Olmo','67944'),(4834,6,'El Realito (La Parrita)','67944'),(4835,6,'El Rincn','67944'),(4836,6,'Potrero de Zamora','67944'),(4837,6,'Rancho Nuevo','67944'),(4838,6,'El Muerto','67944'),(4839,6,'La Florida','67944'),(4840,6,'El Molino','67944'),(4841,6,'El Pitacoche (La Tinaja)','67944'),(4842,6,'El Talco','67944'),(4843,6,'La Carpintera','67944'),(4844,6,'Salitrillo','67944'),(4845,6,'El Pitacoche','67944'),(4846,6,'Granjenal','67944'),(4847,6,'Ojo de Agua','67944'),(4848,6,'Las nimas','67944'),(4849,6,'Puerto Carretas','67944'),(4850,6,'El Cedrito','67944'),(4851,6,'La Lagunita (Lagunita de los Vzquez)','67944'),(4852,6,'Lagunita (Lagunita de los Cerda)','67944'),(4853,6,'San Isidro','67944'),(4854,6,'Santa Cruz','67944'),(4855,6,'La Aldea','67944'),(4856,6,'El Alamar','67944'),(4857,6,'El Monal','67944'),(4858,6,'El Refugio','67944'),(4859,6,'Los Nogales (El Mezquital)','67944'),(4860,6,'La Soledad (Rusia)','67945'),(4861,6,'El Tepozn','67945'),(4862,6,'El Carrizalillo','67945'),(4863,6,'La Nueva Reforma (Buenos Aires)','67945'),(4864,6,'La Sabanilla','67945'),(4865,6,'Sandia el Chico','67945'),(4866,6,'El Tigre','67945'),(4867,6,'La Sabanilla','67946'),(4868,6,'La Vbora','67946'),(4869,6,'Cedritos','67946'),(4870,6,'Pozo Dos','67947'),(4871,6,'San Juan de Avils','67947'),(4872,6,'Puentes (San Juan y Puentes)','67947'),(4873,6,'La Rosita (Los Llanitos)','67947'),(4874,6,'Dolores Palmita','67947'),(4875,6,'La Trinidad','67947'),(4876,6,'El Pinalito','67947'),(4877,6,'La Pea','67947'),(4878,6,'San Juanito de Resndiz','67948'),(4879,6,'San Rafael de los Cortez','67948'),(4880,6,'San Rafael de los Cortez (La Cuesta)','67948'),(4881,6,'Santa Rita','67948'),(4882,6,'Agua de Mata','67948'),(4883,6,'La Esperanza','67948'),(4884,6,'Aranjuez','67948'),(4885,6,'Las Virgenes','67948'),(4886,6,'El Calichal','67948'),(4887,6,'El Tejn','67948'),(4888,6,'Ojo de Agua','67948'),(4889,6,'Hoya de Bocacelly','67948'),(4890,6,'Pedregosa','67948'),(4891,6,'San Rafael de los Cortes (Las Cruces)','67948'),(4892,6,'Los Cuartitos','67948'),(4893,6,'El Porvenir','67948'),(4894,6,'Joyas y Anteojitos','67948'),(4895,6,'Santa Ana','67948'),(4896,6,'Cuartitos y Marmolejo (Parada Marmolejo)','67948'),(4897,6,'El Anillo','67948'),(4898,6,'El Mezquital','67948'),(4899,6,'El Porvenir','67948'),(4900,6,'La Palmita','67948'),(4901,6,'Laguna de Bocacelly','67948'),(4902,6,'San Juan','67948'),(4903,6,'La Ascensin','67950'),(4904,6,'El Derramadero','67953'),(4905,6,'San Rafael del Llano','67953'),(4906,6,'La Ascensin (Esteban Salazar)','67953'),(4907,6,'Presa de Anteojitos','67953'),(4908,6,'Puerto de Anteojitos','67953'),(4909,6,'La Laguna','67953'),(4910,6,'La Reforma','67953'),(4911,6,'El Coyote','67953'),(4912,6,'Milpa Vieja (San Manuel)','67953'),(4913,6,'San Joaqun de Soto','67953'),(4914,6,'Sandia (Sandi el Grande)','67954'),(4915,6,'Las Presas','67954'),(4916,6,'El Puerto','67954'),(4917,6,'La Victoria (Los ngeles)','67954'),(4918,6,'Erasmo Vzquez','67954'),(4919,6,'El Sauz','67954'),(4920,6,'El Jilguero','67955'),(4921,6,'La Angostura','67955'),(4922,6,'El Rucio','67955'),(4923,6,'La Muralla','67955'),(4924,6,'San Rafael de la Angostura (La Cueva)','67955'),(4925,6,'Milpillas','67955'),(4926,6,'Guadalupe de los Navarro','67955'),(4927,6,'Juan Mndez Castro','67955'),(4928,6,'La Atarjea (El Pinal)','67955'),(4929,6,'La Canoa','67955'),(4930,6,'La Colorada','67955'),(4931,6,'La Mesa de Alcocer','67955'),(4932,6,'Vista Hermosa','67955'),(4933,6,'San Jose Del Jilguero','67955'),(4934,6,'Puerto Bajo','67955'),(4935,6,'La Caballada','67955'),(4936,6,'Agua de Enmedio (Los Pocitos)','67955'),(4937,6,'Guadalupe Victoria','67955'),(4938,6,'Presa de las Animas','67956'),(4939,6,'Puerto Piones','67956'),(4940,6,'San Enrique (Los Mendoza)','67956'),(4941,6,'La Majada','67956'),(4942,6,'Rancho Nuevo','67956'),(4943,6,'San Juanito de Sols','67956'),(4944,6,'San Isidro','67956'),(4945,6,'Centro Caprino','67956'),(4946,6,'Las Juanas','67956'),(4947,6,'El Cuervo Uno','67957'),(4948,6,'El Rodeo','67957'),(4949,6,'Hoya de Bocacil','67957'),(4950,6,'Can de Vacas (El Jardn)','67957'),(4951,6,'Las Joyitas','67957'),(4952,6,'El Astillero','67957'),(4953,6,'Las Delicias','67957'),(4954,6,'El Jardn (Can de Vacas)','67957'),(4955,6,'El Saucillo','67957'),(4956,6,'La Reforma','67957'),(4957,6,'San Francisco de Leos','67957'),(4958,6,'El Leoncito','67957'),(4959,6,'Las Palmas','67957'),(4960,6,'El Paraso (San Antonio Mesa de las Piedras)','67957'),(4961,6,'El Yerbaniz','67957'),(4962,6,'La Boquilla','67957'),(4963,6,'El Cuervo Dos','67957'),(4964,6,'El Nacimiento','67957'),(4965,6,'El Refugio (Refugio de Texas)','67957'),(4966,6,'San Antonio','67957'),(4967,6,'Lampacitos','67957'),(4968,6,'La Corona','67957'),(4969,6,'Las Higueritas','67957'),(4970,6,'Yerbaniz','67957'),(4971,6,'Las Mulas','67958'),(4972,6,'Monillal','67958'),(4973,6,'Duraznillos','67958'),(4974,6,'El Naranjo','67958'),(4975,6,'El Puerto','67958'),(4976,6,'La Tinaja','67958'),(4977,6,'Ibarrilla (Rincn de Ibarrilla)','67958'),(4978,6,'lamos','67958'),(4979,6,'Esquivel','67958'),(4980,6,'Ignacio Zaragoza','67958'),(4981,6,'Lagunitas','67958'),(4982,6,'Los Laureles','67958'),(4983,6,'Ojo de Agua','67958'),(4984,6,'Ballenitas','67958'),(4985,6,'Puerto Rincn de Jess','67958'),(4986,6,'El Divisadero','67958'),(4987,6,'El Rincn de Jess','67958'),(4988,6,'El Sauz','67958'),(4989,6,'La Gota','67958'),(4990,6,'El Tejocote','67959'),(4991,22,'Dulces Nombres','67960'),(4992,22,'General Zaragoza','67960'),(4993,22,'El Charco','67965'),(4994,22,'El Refugio','67965'),(4995,22,'Tepozanes','67965'),(4996,22,'Maravillas','67966'),(4997,22,'San Josecito','67972'),(4998,22,'San Francisco','67973'),(4999,22,'El Baral','67974'),(5000,22,'La Joya de Alardin','67974'),(5001,22,'El Salitre','67975'),(5002,22,'Encantada','67976'),(5003,22,'Joya de San Diego','67977'),(5004,22,'La Cieneguita','67977'),(5005,22,'Siberia','67978'),(5006,37,'Cerros Blancos','67980'),(5007,37,'Presita de Cerros Blancos','67980'),(5008,37,'Tapona Morena','67980'),(5009,37,'San Isidro','67980'),(5010,37,'La Cardona','67980'),(5011,37,'San Rafael de Martinez','67980'),(5012,37,'Mier y Noriega','67980'),(5013,37,'Las Palomas','67982'),(5014,37,'Dolores','67983'),(5015,37,'El Gallito','67984'),(5016,37,'Jess Maria Del Terrero','67985'),(5017,37,'San Jose de Medina','67986'),(5018,37,'El Refugio','67990'),(5019,37,'San Antonio de Alamitos','67996');
/*!40000 ALTER TABLE `colonia` ENABLE KEYS */;
UNLOCK TABLES;

--
-- Table structure for table `color`
--

DROP TABLE IF EXISTS `color`;
/*!40101 SET @saved_cs_client     = @@character_set_client */;
/*!40101 SET character_set_client = utf8 */;
CREATE TABLE `color` (
  `id` int(11) NOT NULL AUTO_INCREMENT,
  `nombre` varchar(45) NOT NULL,
  PRIMARY KEY (`id`)
) ENGINE=InnoDB AUTO_INCREMENT=30 DEFAULT CHARSET=utf8;
/*!40101 SET character_set_client = @saved_cs_client */;

--
-- Dumping data for table `color`
--

LOCK TABLES `color` WRITE;
/*!40000 ALTER TABLE `color` DISABLE KEYS */;
INSERT INTO `color` VALUES (1,'Verde Ubatuba'),(2,'Negro San Gabriel'),(3,'Sandy Gold'),(4,'Blanco Morita'),(5,'Blanco Acapulco'),(6,'Crema Marfil'),(7,'Crema Cordoba'),(8,'Blanco Carrara'),(9,'Rojo Capao'),(10,'Baltik Brown'),(11,'Negro Santiago'),(12,'Sal y Pimienta'),(13,'Cafe Castor'),(14,'Natural'),(15,'Blue Pearl'),(16,'Santo Toms'),(17,'Santa Cecilia'),(18,'Topacio'),(19,'Himalaya'),(20,'Verde Absoluto'),(21,'Azul turquesa '),(22,'Verde Mayate'),(23,'Verde Moco'),(24,'Rojo pasin'),(25,'Azul fuego del infierno'),(26,'Amarillo Pollito'),(27,'Amarillo Pollita'),(28,'Amarillo canaria'),(29,'purpura mashota');
/*!40000 ALTER TABLE `color` ENABLE KEYS */;
UNLOCK TABLES;

--
-- Table structure for table `comision`
--

DROP TABLE IF EXISTS `comision`;
/*!40101 SET @saved_cs_client     = @@character_set_client */;
/*!40101 SET character_set_client = utf8 */;
CREATE TABLE `comision` (
  `id` int(11) NOT NULL AUTO_INCREMENT,
  `asesor_id` int(11) NOT NULL,
  `venta_id` int(11) NOT NULL,
  `created_at` timestamp NOT NULL DEFAULT CURRENT_TIMESTAMP ON UPDATE CURRENT_TIMESTAMP,
  `updated_at` timestamp NOT NULL DEFAULT '0000-00-00 00:00:00',
  `total` double NOT NULL,
  `cancelada` tinyint(1) NOT NULL DEFAULT '0',
  `pagada` tinyint(1) NOT NULL DEFAULT '0',
  `total_comisionable` double NOT NULL DEFAULT '0',
  `numero_pagos` int(11) NOT NULL DEFAULT '1',
  `porcentaje` int(11) NOT NULL DEFAULT '12',
  `observaciones` text,
  PRIMARY KEY (`id`),
  KEY `fk_venta_asesor_asesor1_idx` (`asesor_id`),
  KEY `fk_venta_asesor_venta1_idx` (`venta_id`),
  CONSTRAINT `fk_venta_asesor_asesor1` FOREIGN KEY (`asesor_id`) REFERENCES `asesor` (`id`) ON DELETE NO ACTION ON UPDATE NO ACTION,
  CONSTRAINT `fk_venta_asesor_venta1` FOREIGN KEY (`venta_id`) REFERENCES `venta` (`id`) ON DELETE NO ACTION ON UPDATE NO ACTION
) ENGINE=InnoDB AUTO_INCREMENT=4488 DEFAULT CHARSET=utf8;
/*!40101 SET character_set_client = @saved_cs_client */;

--
-- Dumping data for table `comision`
--

LOCK TABLES `comision` WRITE;
/*!40000 ALTER TABLE `comision` DISABLE KEYS */;
INSERT INTO `comision` VALUES (111,84,111,'2016-12-21 16:49:51','2016-10-20 16:15:15',313.79,0,1,313.79,1,13,NULL),(1000,84,1000,'2016-12-21 16:49:26','0000-00-00 00:00:00',1939.65,0,0,1939.65,6,15,NULL),(1001,84,1001,'2016-12-21 16:49:26','0000-00-00 00:00:00',2265.9,0,0,2265.9,6,15,NULL),(1002,84,1002,'2016-12-21 16:49:26','0000-00-00 00:00:00',2265.9,0,0,2265.9,6,15,NULL),(1003,84,1003,'2016-12-21 16:49:26','0000-00-00 00:00:00',2265.9,0,0,2265.9,6,15,NULL),(1004,84,1004,'2016-12-21 16:49:26','0000-00-00 00:00:00',2265.9,0,0,2265.9,6,15,NULL),(1010,84,1010,'2016-12-21 16:49:26','2016-07-23 16:49:41',4368.62,0,1,4368.62,6,15,NULL),(1072,12,1072,'2016-12-21 16:49:26','2016-07-23 16:49:29',4368.62,0,1,4368.62,6,15,NULL),(1080,12,1080,'2016-12-21 16:49:26','2016-07-23 16:49:06',4368.62,0,1,4368.62,6,15,NULL),(1148,72,1148,'2016-12-21 16:49:26','0000-00-00 00:00:00',4368.62,0,0,4368.62,6,15,NULL),(1151,158,1151,'2016-12-21 16:49:26','2016-07-23 16:39:11',3494.89,0,1,3494.89,8,12,NULL),(1179,64,1179,'2016-12-21 16:49:26','2016-08-19 19:03:31',4368.62,0,0,4368.62,6,15,NULL),(1195,67,1195,'2016-12-21 16:49:26','0000-00-00 00:00:00',19780.96,0,0,19780.96,10,12,NULL),(1246,72,1246,'2016-12-21 16:49:26','0000-00-00 00:00:00',4368.62,0,0,4368.62,6,15,NULL),(1249,72,1249,'2016-12-21 16:49:26','2016-07-23 16:38:23',9181.03,0,1,9181.03,8,12,NULL),(1283,148,1283,'2016-12-21 16:49:26','0000-00-00 00:00:00',4368.62,0,0,4368.62,6,15,NULL),(1284,72,1284,'2016-12-21 16:49:26','0000-00-00 00:00:00',4368.62,0,0,4368.62,6,15,NULL),(1301,12,1301,'2016-12-21 16:49:26','0000-00-00 00:00:00',4368.62,0,0,4368.62,6,15,NULL),(1306,43,1306,'2016-12-21 16:49:26','0000-00-00 00:00:00',4368.62,0,0,4368.62,6,15,NULL),(1329,69,1329,'2016-12-21 16:49:26','2016-07-23 16:10:51',4368.62,0,1,4368.62,6,15,NULL),(1336,188,1336,'2016-12-21 16:49:26','0000-00-00 00:00:00',4368.62,0,0,4368.62,6,15,NULL),(1358,173,1358,'2016-12-21 16:49:26','0000-00-00 00:00:00',3494.89,0,0,3494.89,12,12,NULL),(1362,64,1362,'2016-12-21 16:49:26','2016-08-02 19:55:44',14345.43,0,1,14345.43,12,15,NULL),(1363,64,1363,'2016-12-21 16:49:26','2016-08-02 19:55:06',4368.62,0,1,4368.62,12,15,NULL),(1366,72,1366,'2016-12-21 16:49:26','0000-00-00 00:00:00',11476.34,0,0,11476.34,12,12,NULL),(1373,134,1373,'2016-12-21 16:49:26','2016-10-10 17:53:33',3494.89,0,1,3494.89,6,12,NULL),(1374,12,1374,'2016-12-21 16:49:26','2016-07-23 17:10:25',3494.89,0,1,3494.89,8,12,NULL),(1382,12,1382,'2016-12-21 16:49:26','0000-00-00 00:00:00',3494.89,0,0,3494.89,6,12,NULL),(1383,138,1383,'2016-12-21 16:49:26','0000-00-00 00:00:00',3494.89,0,0,3494.89,6,12,NULL),(1385,64,1385,'2016-12-21 16:49:26','2016-10-03 17:31:14',3786.13,0,1,3786.13,6,13,NULL),(1386,78,1386,'2016-12-21 16:49:26','0000-00-00 00:00:00',4763.79,0,1,4763.79,6,12,NULL),(1387,72,1387,'2016-12-21 16:49:26','0000-00-00 00:00:00',3494.89,0,0,3494.89,8,12,NULL),(1391,83,1391,'2016-12-08 15:35:15','2016-12-08 15:35:16',4764.82,0,1,4764.82,1,0,NULL),(1409,78,1409,'2016-12-21 16:49:26','0000-00-00 00:00:00',4764.41,0,1,4764.41,8,12,NULL),(1420,158,1420,'2016-12-21 16:49:26','0000-00-00 00:00:00',3494.89,0,0,3494.89,6,12,NULL),(1428,18,1428,'2016-12-21 16:49:26','0000-00-00 00:00:00',3494.89,0,1,3494.89,6,12,NULL),(1432,172,1432,'2016-12-21 16:49:26','0000-00-00 00:00:00',11476.29,0,1,11476.29,12,15,NULL),(1436,72,1436,'2016-12-21 16:49:26','0000-00-00 00:00:00',3494.89,0,0,3494.89,6,12,NULL),(1439,84,1439,'2016-12-21 16:49:26','2016-07-23 17:07:47',3494.89,0,1,3494.89,8,12,NULL),(1449,84,1449,'2016-12-21 16:49:26','0000-00-00 00:00:00',7766.37,0,0,7766.37,12,12,NULL),(1462,12,1462,'2016-12-21 16:49:26','0000-00-00 00:00:00',3494.89,0,1,3494.89,6,12,NULL),(1465,84,1465,'2016-12-21 16:49:26','0000-00-00 00:00:00',3786.13,0,0,3786.13,6,13,NULL),(1471,72,1471,'2016-12-21 16:49:26','2016-09-12 17:12:32',3494.89,0,1,3494.89,6,12,NULL),(1477,43,1477,'2016-12-21 16:49:26','0000-00-00 00:00:00',3494.89,0,1,3494.89,6,12,NULL),(1478,173,1478,'2016-12-21 16:49:26','2016-08-15 15:30:03',3494.89,0,1,3494.89,8,12,NULL),(1479,173,1479,'2016-12-21 16:49:26','2016-08-15 15:30:15',3494.89,0,1,3494.89,8,12,NULL),(1480,173,1480,'2016-12-21 16:49:26','2016-08-15 15:30:24',3494.89,0,1,3494.89,8,12,NULL),(1481,173,1481,'2016-12-21 16:49:26','2016-08-26 23:12:29',3494.89,0,1,3494.89,8,12,NULL),(1482,43,1482,'2016-12-21 16:49:26','2016-11-08 17:02:18',3494.89,0,1,3494.89,6,12,NULL),(1483,43,1483,'2016-12-21 16:49:26','2016-11-08 17:02:45',3494.89,0,1,3494.89,6,12,NULL),(1490,67,1490,'2016-12-21 16:49:26','0000-00-00 00:00:00',4368.62,0,1,4368.62,10,15,NULL),(1491,67,1491,'2016-12-21 16:49:26','2016-07-23 16:06:47',3494.89,0,1,3494.89,8,12,NULL),(1500,43,1500,'2016-12-21 16:49:26','0000-00-00 00:00:00',3494.89,0,0,3494.89,6,12,NULL),(1503,12,1503,'2016-12-21 16:49:26','2016-10-31 18:51:37',3494.89,0,1,3494.89,8,12,NULL),(1504,12,1504,'2016-12-21 16:49:26','2016-10-31 18:51:42',6213.1,0,1,6213.1,8,12,NULL),(1505,12,1505,'2016-12-21 16:49:26','0000-00-00 00:00:00',6213.1,0,1,6213.1,8,12,NULL),(1507,83,1507,'2016-12-21 16:49:26','2016-07-23 16:07:09',3494.89,0,1,3494.89,6,12,NULL),(1509,172,1509,'2016-12-21 16:49:26','0000-00-00 00:00:00',3494.89,0,0,3494.89,8,12,NULL),(1510,172,1510,'2016-12-26 19:37:12','2016-12-26 19:37:14',9181.03,0,1,9181.03,12,12,NULL),(1511,172,1511,'2016-12-26 19:38:07','2016-12-26 19:38:08',3494.89,0,1,3494.89,12,12,NULL),(1513,107,1513,'2016-08-15 15:29:46','2016-08-15 15:29:46',3494.89,0,1,3494.89,6,12,NULL),(1514,64,1514,'2017-01-16 22:31:25','2017-01-16 22:31:23',3786.13,0,1,3786.13,6,13,NULL),(1515,12,1515,'2016-12-21 16:49:26','0000-00-00 00:00:00',11476.34,0,1,11476.34,6,12,NULL),(1516,78,1516,'2016-12-21 16:49:26','0000-00-00 00:00:00',9181.86,0,0,9181.86,12,12,NULL),(1517,78,1517,'2016-12-21 16:49:26','0000-00-00 00:00:00',3494.89,0,0,3494.89,12,12,NULL),(1518,75,1518,'2016-12-21 16:49:26','0000-00-00 00:00:00',3494.89,0,0,3494.89,6,12,NULL),(1519,12,1519,'2016-12-21 16:49:26','0000-00-00 00:00:00',3786.13,0,0,3786.13,6,13,NULL),(1521,138,1521,'2016-12-21 16:49:26','0000-00-00 00:00:00',3494.89,0,1,3494.89,6,12,NULL),(1522,69,1522,'2016-12-21 16:49:26','0000-00-00 00:00:00',3494.89,0,0,3494.89,6,12,NULL),(1529,18,1529,'2016-12-21 16:49:26','0000-00-00 00:00:00',3494.89,0,1,3494.89,6,12,NULL),(1535,84,1535,'2016-12-21 16:49:26','0000-00-00 00:00:00',3494.89,0,1,3494.89,6,12,NULL),(1538,84,1538,'2016-12-21 16:49:26','2016-07-23 17:10:03',3494.89,0,1,3494.89,6,12,NULL),(1540,179,1540,'2016-12-21 16:49:26','0000-00-00 00:00:00',4368.62,0,1,4368.62,6,15,NULL),(1541,179,1541,'2016-12-21 16:49:26','0000-00-00 00:00:00',4368.62,0,1,4368.62,6,15,NULL),(1542,179,1542,'2016-12-21 16:49:26','0000-00-00 00:00:00',4368.62,0,1,4368.62,6,15,NULL),(1546,173,1546,'2016-12-21 16:49:26','2016-08-26 22:12:57',8304.62,0,1,8304.62,6,12,NULL),(1547,184,1547,'2016-12-21 16:49:26','2016-07-23 17:10:57',9181.86,0,1,9181.86,8,12,NULL),(1556,184,1556,'2016-12-21 16:49:26','0000-00-00 00:00:00',3494.89,0,1,3494.89,6,12,NULL),(1563,138,1563,'2016-12-21 16:49:26','0000-00-00 00:00:00',3494.89,0,1,3494.89,6,12,NULL),(1566,84,1566,'2016-12-21 16:49:26','2016-09-15 21:40:59',3494.89,0,1,3494.89,6,12,NULL),(1567,158,1567,'2016-12-21 16:49:26','2016-07-23 16:07:21',3494.89,0,1,3494.89,6,12,NULL),(1574,138,1574,'2016-12-21 16:49:26','0000-00-00 00:00:00',3494.89,0,1,3494.89,6,12,NULL),(1581,138,1581,'2016-12-21 16:49:26','0000-00-00 00:00:00',3494.89,0,0,3494.89,6,12,NULL),(1582,182,1582,'2016-12-21 16:49:26','2016-07-23 17:09:52',3494.89,0,1,3494.89,6,12,NULL),(1585,180,1585,'2016-12-21 16:49:26','0000-00-00 00:00:00',3494.89,0,1,3494.89,6,12,NULL),(1586,180,1586,'2016-12-21 16:49:26','0000-00-00 00:00:00',3494.89,0,1,3494.89,6,12,NULL),(1587,158,1587,'2016-12-21 16:49:26','0000-00-00 00:00:00',6860.79,0,0,6860.79,12,12,NULL),(1588,158,1588,'2016-12-21 16:49:26','0000-00-00 00:00:00',3494.89,0,0,3494.89,12,12,NULL),(1591,72,1591,'2016-12-21 16:49:26','2016-07-23 16:11:08',3786.13,0,1,3786.13,6,13,NULL),(1592,72,1592,'2016-12-21 16:49:26','2016-07-23 16:11:31',3786.13,0,1,3786.13,6,13,NULL),(1593,72,1593,'2016-12-21 16:49:26','2016-07-23 16:12:58',2315,0,1,2315,6,13,NULL),(1594,179,1594,'2016-12-21 16:49:26','2016-07-23 16:07:57',3494.89,0,1,3494.89,6,12,NULL),(1595,179,1595,'2016-12-21 16:49:26','2016-07-23 16:09:21',3494.89,0,1,3494.89,6,12,NULL),(1596,79,1596,'2016-12-21 16:49:26','0000-00-00 00:00:00',3494.89,0,1,3494.89,6,12,NULL),(1600,172,1600,'2016-12-21 16:49:26','2016-12-06 17:04:00',3494.89,0,1,3494.89,12,12,NULL),(1601,173,1601,'2017-01-16 22:32:01','2017-01-16 22:31:59',3494.89,0,1,3494.89,12,12,NULL),(1605,67,1605,'2016-12-21 16:49:26','0000-00-00 00:00:00',3786.13,0,0,3786.13,6,13,NULL),(1606,67,1606,'2016-12-21 16:49:26','0000-00-00 00:00:00',3786.13,0,0,3786.13,6,13,NULL),(1607,75,1607,'2016-12-21 16:49:26','0000-00-00 00:00:00',3494.89,0,1,3494.89,6,12,NULL),(1608,78,1608,'2016-12-21 16:49:26','2016-07-23 17:09:38',3494.89,0,1,3494.89,6,12,NULL),(1609,78,1609,'2016-12-21 16:49:26','2016-07-23 17:09:26',3494.89,0,1,3494.89,6,12,NULL),(1610,18,1610,'2016-12-21 16:49:26','0000-00-00 00:00:00',3494.89,0,1,3494.89,6,12,NULL),(1611,18,1611,'2016-12-21 16:49:26','0000-00-00 00:00:00',3494.89,0,1,3494.89,6,12,NULL),(1613,173,1613,'2016-12-21 16:49:26','0000-00-00 00:00:00',3494.89,0,0,3494.89,12,12,NULL),(1619,99,1619,'2016-12-21 16:49:26','2016-07-23 16:10:03',3494.89,0,1,3494.89,6,12,NULL),(1620,99,1620,'2016-12-21 16:49:26','2016-07-23 16:10:38',3494.89,0,1,3494.89,6,12,NULL),(1624,148,1624,'2016-12-21 16:49:26','2016-07-23 17:09:16',3786.13,0,1,3786.13,6,13,NULL),(1625,148,1625,'2016-12-21 16:49:26','2016-07-23 17:10:42',9735.09,0,1,9735.09,6,13,NULL),(1629,148,1629,'2016-12-21 16:49:26','0000-00-00 00:00:00',3786.13,0,0,3786.13,6,13,NULL),(1630,12,1630,'2016-12-21 16:49:26','0000-00-00 00:00:00',3494.89,0,0,3494.89,6,12,NULL),(1631,83,1631,'2016-12-21 16:49:26','2016-12-08 15:35:01',3494.89,0,1,3494.89,12,12,NULL),(1634,79,1634,'2016-12-21 16:49:26','0000-00-00 00:00:00',3494.89,0,0,3494.89,6,12,NULL),(1637,148,1637,'2016-12-21 16:49:26','2016-07-23 16:11:55',3786.13,0,1,3786.13,6,13,NULL),(1638,148,1638,'2016-12-21 16:49:26','2016-07-23 16:12:40',3786.13,0,1,3786.13,6,13,NULL),(1639,153,1639,'2016-12-21 16:49:26','0000-00-00 00:00:00',3494.89,0,1,3494.89,6,12,NULL),(1643,180,1643,'2016-12-21 16:49:26','0000-00-00 00:00:00',3494.89,0,1,3494.89,6,12,NULL),(1644,158,1644,'2016-12-21 16:49:26','2016-11-22 18:25:04',7334.91,0,1,7334.91,12,13,NULL),(1650,172,1650,'2017-01-09 21:44:40','2017-01-09 21:44:43',3494.89,0,1,3494.89,12,12,NULL),(1651,172,1651,'2017-01-09 21:44:47','2017-01-09 21:44:49',9181.03,0,1,9181.03,12,12,NULL),(1662,148,1662,'2016-12-21 16:49:26','0000-00-00 00:00:00',3786.13,0,1,3786.13,6,13,NULL),(1663,148,1663,'2016-12-21 16:49:26','0000-00-00 00:00:00',3786.13,0,1,3786.13,6,13,NULL),(1664,148,1664,'2016-12-21 16:49:26','0000-00-00 00:00:00',3786.13,0,1,3786.13,6,13,NULL),(1665,148,1665,'2016-12-21 16:49:26','0000-00-00 00:00:00',3786.13,0,1,3786.13,6,13,NULL),(1666,148,1666,'2016-12-21 16:49:26','2016-08-15 15:30:33',3786.13,0,1,3786.13,6,13,NULL),(1667,148,1667,'2016-12-21 16:49:26','2016-10-31 20:56:44',3786.13,0,1,3786.13,6,13,NULL),(1669,67,1669,'2016-12-21 16:49:26','0000-00-00 00:00:00',3494.89,0,1,3494.89,6,12,NULL),(1670,67,1670,'2016-12-21 16:49:26','0000-00-00 00:00:00',9181.03,0,1,9181.03,6,12,NULL),(1676,84,1676,'2016-06-17 23:00:58','0000-00-00 00:00:00',24662,0,1,24662,8,13,NULL),(1677,158,1677,'2016-07-23 16:35:15','2016-07-23 16:35:17',10466,0,1,10466,1,13,NULL),(1679,67,1679,'2016-12-21 16:49:26','0000-00-00 00:00:00',3494.89,0,0,3494.89,6,12,NULL),(1681,67,1681,'2016-12-21 16:49:26','0000-00-00 00:00:00',2812.96,0,1,2812.96,1,12,NULL),(1682,67,1682,'2016-12-21 16:49:26','2016-10-24 18:44:04',3494.89,0,1,3494.89,6,12,NULL),(1685,72,1685,'2016-12-21 16:49:26','0000-00-00 00:00:00',3494.89,0,0,3494.89,12,12,NULL),(1686,167,1686,'2016-12-21 16:49:26','0000-00-00 00:00:00',3494.89,0,1,3494.89,1,12,NULL),(1687,167,1687,'2016-12-21 16:49:26','0000-00-00 00:00:00',2586.2,0,1,2586.2,6,12,NULL),(1688,158,1688,'2016-12-21 16:49:26','2016-09-19 19:41:32',3786.13,0,1,3786.13,6,13,NULL),(1689,158,1689,'2016-12-21 16:49:26','2016-09-19 19:41:41',3786.13,0,1,3786.13,6,13,NULL),(1690,84,1690,'2016-12-21 16:49:26','2016-10-03 17:31:04',3786.13,0,1,3786.13,6,13,NULL),(1691,84,1691,'2016-12-21 16:49:26','2016-09-15 21:41:00',3786.13,0,1,3786.13,6,13,NULL),(1692,84,1692,'2016-12-21 16:49:26','2016-09-15 21:41:00',3786.13,0,1,3786.13,6,13,NULL),(1694,67,1694,'2016-12-21 16:49:26','0000-00-00 00:00:00',3494.89,0,1,3494.89,12,12,NULL),(1695,84,1695,'2016-12-21 16:49:26','2016-10-10 17:54:26',6724.13,0,1,6724.13,6,13,NULL),(1696,158,1696,'2016-12-21 16:49:26','2016-09-19 19:41:55',3494.89,0,1,3494.89,6,12,NULL),(1697,13,1697,'2016-12-21 16:49:26','0000-00-00 00:00:00',70887.93,0,1,70887.93,1,12,NULL),(1698,13,1698,'2016-12-21 16:49:26','0000-00-00 00:00:00',3494.89,0,1,3494.89,1,12,NULL),(1699,13,1699,'2016-12-21 16:49:26','0000-00-00 00:00:00',3494.89,0,1,3494.89,1,12,NULL),(1700,13,1700,'2016-12-21 16:49:26','0000-00-00 00:00:00',1039.65,0,1,1039.65,1,12,NULL),(1701,67,1701,'2016-12-21 16:49:26','0000-00-00 00:00:00',3494.89,0,0,3494.89,12,12,NULL),(1702,148,1702,'2016-12-21 16:49:26','0000-00-00 00:00:00',3786.13,0,0,3786.13,6,13,NULL),(1703,148,1703,'2016-12-21 16:49:26','0000-00-00 00:00:00',1681.03,0,0,1681.03,6,13,NULL),(1704,148,1704,'2016-07-23 17:09:05','2016-07-23 17:09:06',6113,0,1,6113,6,13,NULL),(1705,148,1705,'2016-12-21 16:49:26','0000-00-00 00:00:00',3786.13,0,1,3786.13,1,13,NULL),(1706,148,1706,'2016-12-21 16:49:26','0000-00-00 00:00:00',3786.13,0,1,3786.13,1,13,NULL),(1707,78,1707,'2016-12-21 16:49:26','2016-05-20 17:24:57',3494.89,0,0,3494.89,6,12,NULL),(1711,18,1711,'2016-12-21 16:49:26','2016-05-28 15:00:39',13307.64,0,0,13307.64,12,12,NULL),(1712,107,1712,'2016-07-23 16:40:28','2016-07-23 16:40:30',4368,0,1,4368,6,15,NULL),(1713,107,1713,'2016-12-21 16:49:26','2016-10-20 14:23:36',4368.62,0,1,4368.62,6,15,NULL),(1715,67,1715,'2016-12-21 16:49:26','2016-05-31 18:28:49',11477.32,0,0,11477.32,6,15,NULL),(1716,67,1716,'2016-12-21 16:49:26','2016-05-31 19:55:26',4368.62,0,0,4368.62,6,15,NULL),(1717,67,1717,'2016-12-21 16:49:26','2016-05-31 20:37:33',4368.62,0,0,4368.62,6,15,NULL),(1718,18,1718,'2016-09-05 16:34:03','2016-05-31 21:07:44',2648,0,0,2648,12,12,'Comisionado sobre $25,597.50'),(1719,13,1719,'2016-10-03 17:30:37','2016-10-03 17:30:36',10711.26,0,1,10711.26,6,14,NULL),(1721,13,1721,'2016-12-21 16:49:26','2016-11-14 18:10:10',4077.37,0,1,4077.37,6,14,NULL),(1722,13,1722,'2016-12-21 16:49:26','2016-11-14 18:10:27',4077.37,0,1,4077.37,6,14,NULL),(1723,13,1723,'2016-12-21 16:49:26','2016-11-14 18:10:58',4077.37,0,1,4077.37,6,14,NULL),(1726,158,1726,'2016-12-21 16:49:26','2016-07-23 17:08:45',10611.15,0,1,10611.15,6,14,NULL),(1727,158,1727,'2016-12-21 16:49:26','2016-07-23 16:34:19',4571.12,0,1,4571.12,6,14,NULL),(1728,13,1728,'2016-12-21 16:49:26','2016-10-03 17:30:44',4077.37,0,1,4077.37,6,14,NULL),(1735,158,1735,'2016-11-14 18:11:03','2016-11-14 18:11:04',4401.51,0,1,4401.51,6,13,NULL),(1736,72,1736,'2016-12-21 16:49:26','2016-07-23 16:33:21',6770.68,0,1,6770.68,1,12,NULL),(1737,180,1737,'2016-12-21 16:49:26','2016-07-18 22:46:59',3918.1,0,0,3918.1,6,12,NULL),(1738,69,1738,'2016-12-21 16:49:26','2016-07-19 14:57:43',2068.96,0,0,2068.96,1,13,NULL),(1739,69,1739,'2016-12-21 16:49:26','2016-07-19 15:05:18',1993.96,0,0,1993.96,1,12,NULL),(1741,188,1741,'2016-12-21 16:49:26','2016-07-23 17:08:34',58511.63,0,1,58511.63,6,12,NULL),(1742,188,1742,'2016-12-21 16:49:26','2016-07-23 16:54:03',3918.1,0,1,3918.1,6,12,NULL),(1743,95,1743,'2016-12-21 16:49:26','2016-07-23 16:32:16',1612.75,0,1,1612.75,1,12,NULL),(1745,148,1745,'2016-12-21 16:49:26','2016-07-23 16:53:40',4244.61,0,1,4244.61,6,13,NULL),(1746,99,1746,'2016-12-21 16:49:26','2016-07-19 17:23:04',3918.1,0,0,3918.1,1,12,NULL),(1747,72,1747,'2017-01-23 18:35:17','2017-01-23 18:35:17',24087.93,0,1,24087.93,6,12,NULL),(1748,72,1748,'2017-01-23 18:35:21','2017-01-23 18:35:21',3918.1,0,1,3918.1,6,12,NULL),(1749,72,1749,'2017-01-25 23:29:48','2017-01-25 23:29:48',1993.97,0,1,1993.97,6,12,NULL),(1750,13,1750,'2016-12-21 16:49:26','2016-12-19 21:25:24',3918.1,0,1,3918.1,6,12,NULL),(1751,13,1751,'2016-12-21 16:49:26','2016-07-23 16:50:44',3918.1,0,1,3918.1,6,12,NULL),(1752,13,1752,'2016-12-21 16:49:26','2016-07-23 15:39:55',3918.1,0,1,3918.1,6,12,NULL),(1755,173,1755,'2016-12-21 16:49:26','2016-07-23 16:37:22',2531.48,0,1,2531.48,1,12,NULL),(1756,95,1756,'2017-01-05 19:43:59','2017-01-05 19:43:57',4571.12,0,1,4571.12,6,14,NULL),(1757,95,1757,'2016-12-21 16:49:26','2016-07-19 22:13:01',4571.12,0,0,4571.12,6,14,NULL),(1760,195,1760,'2016-12-21 16:49:26','2016-08-02 19:53:12',3918.1,0,1,3918.1,1,12,NULL),(1761,158,1761,'2017-01-05 19:44:54','2017-01-05 19:44:52',4244.61,0,1,4244.61,6,13,NULL),(1762,158,1762,'2017-01-09 23:54:23','2017-01-09 23:54:25',30818.96,0,0,30818.96,6,13,NULL),(1763,84,1763,'2016-09-20 20:15:23','2016-09-20 20:15:21',5868,0,1,5868,1,13,NULL),(1764,158,1764,'2016-08-15 15:29:18','2016-08-15 15:29:18',1523.58,0,1,1523.58,6,13,NULL),(1765,67,1765,'2016-11-29 18:32:46','2016-11-29 18:32:49',13695,0,1,13695,6,14,'Comisionado sobre $113,474'),(1766,84,1766,'2016-12-21 16:49:26','2016-08-01 21:23:39',4244.61,0,1,4244.61,6,13,NULL),(1767,84,1767,'2016-12-21 16:49:26','2016-08-01 22:17:51',9946.12,0,1,9946.12,6,13,NULL),(1768,84,1768,'2016-12-21 16:49:26','2016-09-15 21:52:08',4244.61,0,1,4244.61,1,13,NULL),(1769,84,1769,'2017-01-16 22:53:56','2017-01-16 22:53:54',6094.31,0,1,6094.31,6,13,NULL),(1770,78,1770,'2016-12-21 16:45:55','2016-08-15 15:48:07',2000,0,1,2000,6,12,'Acuerdo con el vendedor'),(1771,194,1771,'2016-12-21 16:49:26','2016-08-15 16:44:26',13990.7,0,0,13990.7,12,14,NULL),(1772,194,1772,'2016-12-21 16:49:26','2016-08-15 16:46:27',4571.12,0,0,4571.12,12,14,NULL),(1773,173,1773,'2016-12-21 16:45:55','2016-08-22 15:07:13',11859.31,0,1,11859.31,1,12,'La venta fue  de $128,640 pero se descuenttan $14,000 de un monolito'),(1774,107,1774,'2016-12-21 16:49:26','2016-08-22 15:35:51',9181.13,0,1,9181.13,6,12,NULL),(1775,107,1775,'2016-12-21 16:49:26','2016-08-26 18:44:17',3918.1,0,1,3918.1,6,12,NULL),(1776,99,1776,'2016-12-21 16:49:26','2016-10-24 18:46:25',3918.1,0,1,3918.1,6,12,NULL),(1778,84,1778,'2017-02-08 21:13:17','2017-02-08 21:13:15',4571.12,0,1,4571.12,6,14,NULL),(1780,84,1780,'2016-12-21 16:49:26','2016-12-19 21:26:26',4224.13,0,1,4224.13,6,14,NULL),(1781,173,1781,'2016-12-21 16:49:26','2016-08-29 15:39:08',3918.1,0,1,3918.1,6,12,NULL),(1782,173,1782,'2016-12-21 16:49:26','2016-08-29 15:40:19',3918.1,0,1,3918.1,6,12,NULL),(1783,194,1783,'2017-01-23 18:39:56','2017-01-23 18:39:56',4571.12,0,1,4571.12,6,14,NULL),(1784,13,1784,'2016-12-21 16:49:26','2016-10-31 21:03:46',13551.72,0,1,13551.72,6,12,NULL),(1785,84,1785,'2016-12-21 16:49:26','2016-08-29 17:03:56',13800.62,0,0,13800.62,6,14,NULL),(1786,84,1786,'2016-12-21 16:49:26','2016-08-29 17:05:11',4571.12,0,0,4571.12,6,14,NULL),(1787,173,1787,'2016-12-21 16:49:26','2016-09-05 14:50:24',3918.1,0,0,3918.1,6,12,NULL),(1788,173,1788,'2016-12-21 16:49:26','2016-09-05 14:51:40',3918.1,0,0,3918.1,6,12,NULL),(1789,173,1789,'2016-12-21 16:49:26','2016-09-05 14:52:28',3918.1,0,0,3918.1,6,12,NULL),(1790,173,1790,'2016-12-21 16:49:26','2016-09-05 14:53:11',3918.1,0,0,3918.1,6,12,NULL),(1791,173,1791,'2016-12-21 16:49:26','2016-09-05 14:56:42',3918.1,0,0,3918.1,6,12,NULL),(1792,173,1792,'2016-12-21 16:49:26','2016-09-05 15:01:24',3918.1,0,0,3918.1,6,12,NULL),(1793,173,1793,'2016-12-21 16:49:26','2016-09-05 15:02:10',3918.1,0,0,3918.1,6,12,NULL),(1795,148,1795,'2016-12-21 16:49:26','2016-09-05 15:06:47',1993.96,0,0,1993.96,6,12,NULL),(1796,13,1796,'2016-12-21 16:49:26','2016-09-15 21:41:00',3918.1,0,1,3918.1,6,12,NULL),(1799,13,1799,'2016-12-21 16:49:26','2016-09-15 21:41:01',13307.68,0,1,13307.68,1,12,NULL),(1800,148,1800,'2016-12-21 16:49:26','2016-09-15 21:41:01',3918.1,0,1,3918.1,6,12,NULL),(1801,148,1801,'2016-12-21 16:49:26','2016-09-15 21:41:01',3918.1,0,1,3918.1,6,12,NULL),(1802,173,1802,'2016-12-21 16:49:26','2016-09-19 20:40:54',3918.1,0,1,3918.1,1,12,NULL),(1803,158,1803,'2016-12-21 16:49:26','2016-09-20 19:54:06',4244.61,0,1,4244.61,6,13,NULL),(1804,158,1804,'2016-12-21 16:49:26','2016-09-19 19:42:51',8082.97,0,1,8082.97,6,13,NULL),(1806,148,1806,'2017-02-20 18:37:27','2017-02-20 18:37:27',3918.1,0,1,3918.1,6,12,NULL),(1807,148,1807,'2017-02-20 18:46:27','2017-02-20 18:46:25',3792.41,0,1,3792.41,1,12,NULL),(1809,95,1809,'2016-12-21 16:49:26','2016-09-26 22:34:45',8989.65,0,1,8989.65,6,12,NULL),(1811,148,1811,'2016-12-21 16:49:26','2016-10-03 17:25:58',3918.1,0,1,3918.1,6,12,NULL),(1814,158,1814,'2016-12-21 16:49:26','2016-10-03 15:34:03',4244.61,0,0,4244.61,6,13,NULL),(1815,158,1815,'2017-01-16 19:11:23','2017-01-16 19:11:21',4244.61,0,1,4244.61,6,13,NULL),(1816,158,1816,'2016-12-21 16:49:26','2016-10-03 15:38:40',4244.61,0,0,4244.61,6,13,NULL),(1818,158,1818,'2016-12-21 16:49:26','2016-10-03 15:44:55',2160.12,0,0,2160.12,6,13,NULL),(1819,67,1819,'2016-12-21 16:49:26','2016-10-12 17:02:24',9310.34,0,1,9310.34,1,12,NULL),(1820,13,1820,'2016-12-21 16:49:26','2016-10-08 16:03:39',3918.1,0,0,3918.1,6,12,NULL),(1821,13,1821,'2016-12-21 16:49:26','2016-10-08 16:10:06',3918.1,0,0,3918.1,6,12,NULL),(1822,148,1822,'2016-10-19 22:51:01','2016-10-19 22:51:01',3118.96,0,1,3118.96,1,12,NULL),(1823,13,1823,'2016-12-21 16:49:26','2016-10-12 17:01:19',3918.1,0,1,3918.1,6,12,NULL),(1824,13,1824,'2017-01-23 18:42:53','2017-01-23 18:42:53',9181.13,0,1,9181.13,6,12,NULL),(1825,182,1825,'2016-12-21 16:49:26','2016-10-19 15:20:32',9181.13,0,1,9181.13,6,12,NULL),(1826,182,1826,'2016-12-21 16:49:26','2016-10-19 15:20:36',3918.1,0,1,3918.1,6,12,NULL),(1827,74,1827,'2016-12-21 16:49:26','2016-10-24 18:50:59',8304.62,0,1,8304.62,1,12,NULL),(1828,79,1828,'2016-12-21 16:49:26','2016-10-24 18:57:28',2971.86,0,1,2971.86,1,12,NULL),(1829,107,1829,'2016-10-24 18:58:45','2016-10-24 18:58:45',1345,0,1,1345,1,12,'Se comisiona sobre $13,000'),(1830,79,1830,'2016-12-21 16:49:26','2016-10-24 19:04:10',2531.48,0,1,2531.48,1,12,NULL),(1831,84,1831,'2016-12-21 16:49:26','2016-10-31 21:12:20',3922.41,0,1,3922.41,6,13,NULL),(1832,84,1832,'2016-12-21 16:49:26','2016-10-30 22:01:57',4244.61,0,0,4244.61,6,13,NULL),(1833,84,1833,'2016-12-21 16:49:26','2016-10-31 21:16:08',2801.72,0,1,2801.72,6,13,NULL),(1834,84,1834,'2016-12-21 16:49:26','2016-12-06 17:17:59',4244.61,0,1,4244.61,6,13,NULL),(1835,84,1835,'2016-12-21 16:49:26','2016-12-06 17:19:22',4244.61,0,1,4244.61,6,13,NULL),(1836,84,1836,'2016-12-21 16:49:26','2016-10-31 15:59:51',5160.77,0,0,5160.77,6,13,NULL),(1837,84,1837,'2016-12-21 16:49:26','2016-10-31 16:19:04',5160.77,0,0,5160.77,6,13,NULL),(1838,172,1838,'2016-12-21 16:49:26','2016-11-05 16:36:01',9181.13,0,0,9181.13,12,12,NULL),(1839,172,1839,'2016-12-21 16:49:26','2016-11-05 16:40:36',3918.1,0,0,3918.1,12,12,NULL),(1840,172,1840,'2016-12-21 16:49:26','2016-11-05 17:06:32',3918.1,0,0,3918.1,12,12,NULL),(1841,172,1841,'2016-12-21 16:49:26','2016-11-05 17:11:36',3918.1,0,0,3918.1,12,12,NULL),(1843,74,1843,'2016-12-21 16:49:26','2016-11-05 17:22:46',9310.34,0,0,9310.34,12,12,NULL),(1844,74,1844,'2016-12-21 16:49:26','2016-11-05 17:29:21',9310.34,0,0,9310.34,12,12,NULL),(1845,74,1845,'2016-12-21 16:49:26','2016-11-05 17:34:31',3918.1,0,0,3918.1,12,12,NULL),(1846,74,1846,'2016-12-21 16:49:26','2016-11-05 17:36:11',3918.1,0,0,3918.1,12,12,NULL),(1847,107,1847,'2016-12-21 16:49:26','2016-11-11 18:05:01',2793.1,0,1,2793.1,1,12,NULL),(1848,107,1848,'2016-12-21 16:49:26','2016-11-11 18:05:25',2793.1,0,1,2793.1,1,12,NULL),(1849,72,1849,'2017-01-30 17:20:23','2017-01-30 17:20:22',3918.1,0,1,3918.1,6,12,NULL),(1850,84,1850,'2017-01-09 22:22:24','2017-01-09 22:22:26',3047,0,1,3047,6,13,NULL),(1851,13,1851,'2016-12-26 19:40:47','2016-12-26 19:40:48',3918.1,0,1,3918.1,1,12,NULL),(1852,74,1852,'2016-12-21 16:49:26','2016-11-12 20:19:35',3918.1,0,0,3918.1,6,12,NULL),(1853,158,1853,'2017-02-10 23:11:56','2017-02-10 22:24:56',3792.41,1,1,3792.41,1,12,NULL),(1854,72,1854,'2016-11-08 18:52:40','2016-11-05 18:36:25',4244,0,0,4244,6,13,NULL),(1855,72,1855,'2016-11-08 18:52:40','2016-11-05 18:38:10',4244,0,0,4244,6,13,NULL),(1856,69,1856,'2017-01-16 23:54:01','2017-01-16 23:53:58',10075,0,1,10075,6,13,NULL),(1857,69,1857,'2017-02-20 18:48:33','2017-02-20 18:48:31',2465.52,0,1,2465.52,6,13,NULL),(1858,84,1858,'2016-11-08 18:52:40','2016-11-05 18:48:41',5161,0,0,5161,6,13,NULL),(1859,64,1859,'2016-11-08 18:52:40','2016-11-05 18:53:09',25241,0,0,25241,12,13,NULL),(1860,173,1860,'2016-12-21 16:49:26','2016-11-08 22:17:38',3918.1,0,1,3918.1,6,12,NULL),(1861,173,1861,'2016-12-21 16:49:26','2016-11-08 22:17:46',3918.1,0,1,3918.1,6,12,NULL),(1862,173,1862,'2016-12-21 16:49:26','2016-11-08 22:17:51',3918.1,0,1,3918.1,6,12,NULL),(1863,173,1863,'2016-12-21 16:49:26','2016-11-08 22:17:59',3918.1,0,1,3918.1,6,12,NULL),(1864,64,1864,'2016-11-08 22:20:30','2016-11-08 22:20:31',3761,0,1,3761,1,13,NULL),(1866,158,1866,'2016-12-21 16:49:26','2016-11-22 17:37:42',8702.93,0,0,8702.93,6,13,NULL),(1869,74,1869,'2016-12-21 16:49:26','2016-11-14 18:13:42',9835.13,0,1,9835.13,6,12,NULL),(1871,74,1871,'2016-11-14 18:42:31','2016-11-14 18:13:47',6957,0,1,6957,6,12,NULL),(1873,188,1873,'2016-12-21 16:49:26','2016-12-06 17:29:42',11829.1,0,1,11829.1,6,12,NULL),(1874,188,1874,'2016-12-21 16:49:26','2016-12-06 17:31:53',3918.1,0,1,3918.1,6,12,NULL),(1875,188,1875,'2016-12-21 16:49:26','2016-11-22 19:21:48',3918.1,0,1,3918.1,6,12,NULL),(1876,95,1876,'2016-11-22 19:23:13','2016-11-22 19:23:14',3378.87,0,1,3378.87,1,13,NULL),(1877,173,1877,'2017-01-23 18:44:33','2017-01-23 18:44:33',24697.45,0,1,24697.45,6,12,NULL),(1878,148,1878,'2016-12-26 19:41:57','2016-12-26 19:41:59',2275.86,0,1,2275.86,6,12,NULL),(1879,148,1879,'2016-12-26 19:44:00','2016-12-26 19:44:02',2275.86,0,1,2275.86,6,12,NULL),(1880,148,1880,'2016-12-26 19:47:03','2016-12-26 19:47:04',4137.93,0,1,4137.93,6,12,NULL),(1881,95,1881,'2016-12-21 16:49:26','2016-11-29 18:57:09',7788.79,0,1,7788.79,6,13,NULL),(1882,72,1882,'2016-12-21 16:49:26','2016-11-29 18:59:32',4244.61,0,1,4244.61,6,13,NULL),(1884,84,1884,'2016-12-21 16:49:26','2016-11-28 22:12:02',2160.12,0,0,2160.12,6,13,NULL),(1888,64,1888,'2016-12-21 16:49:26','2016-11-28 22:14:37',3047.15,0,0,3047.15,6,13,NULL),(1889,95,1889,'2016-12-21 16:49:26','2016-12-06 17:38:06',1126.29,0,1,1126.29,1,13,NULL),(1890,13,1890,'2016-12-21 16:49:26','2016-12-06 17:40:01',7758.62,0,1,7758.62,6,12,NULL),(1891,64,1891,'2016-12-26 19:51:06','2016-12-26 19:51:07',10086.2,0,1,10086.2,12,13,NULL),(1892,158,1892,'2016-12-21 16:49:26','2016-12-05 23:36:42',4244.61,0,0,4244.61,12,13,NULL),(1895,72,1895,'2016-12-12 17:02:47','2016-12-12 17:02:47',1126,0,1,1126,1,13,'Comisionado sobre $10,050'),(1896,72,1896,'2016-12-21 16:49:26','2016-12-10 18:24:32',4244.61,0,0,4244.61,6,13,NULL),(1898,72,1898,'2016-12-21 16:49:26','2016-12-12 17:04:17',1126.29,0,1,1126.29,1,13,NULL),(1899,69,1899,'2016-12-21 16:49:26','2016-12-10 18:42:13',4244.61,0,0,4244.61,6,13,NULL),(1900,64,1900,'2016-12-21 16:49:26','2016-12-19 21:32:33',1681.03,0,1,1681.03,1,13,NULL),(1901,64,1901,'2016-12-21 16:49:26','2016-12-19 21:38:11',3025.86,0,1,3025.86,6,13,NULL),(1902,64,1902,'2016-12-21 16:49:26','2016-12-19 21:38:42',3025.86,0,1,3025.86,6,13,NULL),(1903,158,1903,'2016-12-21 16:49:26','2016-12-19 19:57:56',4244.61,0,0,4244.61,6,13,NULL),(1904,148,1904,'2016-12-21 16:49:26','2016-12-19 20:02:40',9483.62,0,0,9483.62,6,12,NULL),(1905,148,1905,'2016-12-21 16:49:26','2016-12-19 20:04:20',3918.1,0,0,3918.1,6,12,NULL),(1906,149,1906,'2016-12-26 17:36:30','2016-12-26 17:36:30',23299.14,0,0,23299.14,12,12,NULL),(1907,149,1907,'2016-12-26 17:44:00','2016-12-26 17:44:00',3918.1,0,0,3918.1,12,12,NULL),(1908,149,1908,'2016-12-26 17:50:55','2016-12-26 17:50:55',3918.1,0,0,3918.1,12,12,NULL),(1909,158,1909,'2017-01-07 00:04:39','2017-01-07 00:04:39',4244.61,0,1,4244.61,6,13,NULL),(1910,158,1910,'2017-01-07 00:04:43','2017-01-07 00:04:42',4482.76,0,1,4482.76,12,13,NULL),(1911,79,1911,'2017-02-08 21:12:12','2017-02-08 21:12:10',1039.66,0,1,1039.66,1,12,NULL),(1912,158,1912,'2017-01-09 22:29:06','2017-01-09 22:29:09',20172.41,0,1,20172.41,1,13,NULL),(1913,184,1913,'2016-12-26 18:30:34','2016-12-26 18:30:34',1551.72,0,0,1551.72,1,12,NULL),(1914,13,1914,'2017-02-13 23:08:53','2017-02-13 23:08:53',1993.97,0,1,1993.97,1,12,'Comisionado sobre $19275'),(1916,148,1916,'2017-01-05 15:35:03','2017-01-05 15:35:03',3620.69,0,0,3620.69,6,12,NULL),(1917,79,1917,'2017-01-05 20:04:58','2017-01-05 20:04:56',3526,0,1,3526,1,12,NULL),(1918,79,1918,'2017-01-05 20:07:15','2017-01-05 20:07:13',3526,0,1,3526,1,12,NULL),(1919,13,1919,'2017-01-05 20:07:59','2017-01-05 20:07:58',6206.9,0,1,6206.9,6,12,NULL),(1920,13,1920,'2017-01-23 18:45:43','2017-01-23 18:45:43',2275.86,0,1,2275.86,6,12,NULL),(1921,72,1921,'2017-01-05 20:11:15','2017-01-05 20:11:14',1400,0,1,1400,1,13,NULL),(1922,188,1922,'2017-01-09 22:39:16','2017-01-09 22:39:18',2079,0,1,2079,1,12,NULL),(1924,173,1924,'2017-01-09 22:48:21','2017-01-09 22:48:23',305.17,0,1,305.17,1,12,NULL),(1925,173,1925,'2017-01-09 22:49:19','2017-01-09 22:49:22',1039.66,0,1,1039.66,1,12,NULL),(1926,79,1926,'2017-01-04 22:03:02','2017-01-04 22:03:00',1039.66,0,1,1039.66,1,12,NULL),(1928,79,1928,'2017-01-09 22:51:36','2017-01-09 22:51:39',4244.61,0,1,4244.61,6,13,NULL),(1929,148,1929,'2017-01-16 23:58:37','2017-01-16 23:58:33',3918.1,0,1,3918.1,6,12,NULL),(1930,13,1930,'2017-01-16 23:59:54','2017-01-16 23:59:51',4219.34,0,1,4219.34,6,12,NULL),(1931,188,1931,'2017-01-17 00:01:21','2017-01-17 00:01:18',2079.31,0,1,2079.31,1,12,NULL),(1932,148,1932,'2017-01-23 16:37:53','2017-01-23 16:37:53',3918.1,0,0,3918.1,6,12,NULL),(1933,158,1933,'2017-01-30 17:23:47','2017-01-30 17:23:46',1126.29,0,1,1126.29,1,13,NULL),(1935,67,1935,'2017-02-13 21:56:07','2017-02-13 21:56:07',9933.57,0,1,9933.57,6,13,NULL),(1936,67,1936,'2017-02-13 21:55:22','2017-02-13 21:55:22',4244.61,0,1,4244.61,6,13,NULL),(1938,84,1938,'2017-01-30 15:40:10','2017-01-30 15:40:10',4244.61,0,0,4244.61,12,13,NULL),(1939,84,1939,'2017-01-30 15:46:18','2017-01-30 15:46:18',14765.53,0,0,14765.53,12,13,NULL),(1940,158,1940,'2017-02-10 22:46:41','2017-02-10 22:42:14',2253,0,0,2253,1,13,NULL),(1941,13,1941,'2017-02-27 19:05:52','2017-02-27 19:05:52',1265.69,0,1,1265.69,1,12,NULL),(1942,173,1942,'2017-02-13 22:01:35','2017-02-13 22:01:35',11369.07,0,0,11369.07,6,12,NULL),(1943,13,1943,'2017-02-20 18:54:04','2017-02-20 18:54:02',10310.344827586,0,1,10310.344827586,1,13,NULL),(1944,13,1944,'2017-02-20 18:54:13','2017-02-20 18:54:12',10310.344827586,0,1,10310.344827586,1,13,NULL),(1945,198,1945,'2017-02-08 19:38:38','2017-02-08 19:38:36',1039.66,0,1,1039.66,1,12,NULL),(1946,12,1946,'2017-03-06 19:33:38','2017-03-06 19:33:38',11476.34,0,1,11476.34,6,12,NULL),(1948,148,1948,'2017-02-18 18:59:19','2017-02-18 18:58:35',4244.61,0,1,4244.61,6,13,NULL),(1949,84,1949,'2017-02-13 23:14:27','2017-02-13 23:14:27',1681.03,0,1,1681.03,2,13,NULL),(1950,148,1950,'2017-02-18 19:00:14','2017-02-13 17:54:44',4244.61,0,0,4244.61,6,13,NULL),(1951,148,1951,'2017-02-18 19:01:59','2017-02-13 17:57:24',4244.61,0,0,4244.61,6,13,NULL),(1952,199,1952,'2017-03-01 23:37:05','2017-02-20 18:55:15',85344.83,0,1,85344.83,1,9,NULL),(1956,72,1956,'2017-02-20 17:16:46','2017-02-20 17:16:46',4244.61,0,0,4244.61,6,13,NULL),(1957,79,1957,'2017-02-27 19:10:55','2017-02-27 19:10:55',1126.29,0,1,1126.29,1,13,NULL),(1958,184,1958,'2017-03-01 23:41:52','2017-03-01 23:41:55',14416.55,0,1,14416.55,1,13,NULL),(1959,148,1959,'2017-02-27 19:13:37','2017-02-27 19:13:37',8996.67,0,1,8996.67,6,13,NULL),(1960,79,1960,'2017-03-06 18:53:53','2017-03-06 18:53:53',4244.61,0,0,4244.61,6,13,NULL),(1961,13,1961,'2017-03-06 19:36:43','2017-03-06 19:36:43',1126.29,0,1,1126.29,1,13,NULL),(1962,85,1962,'2017-03-06 19:37:13','2017-03-06 19:37:12',1126.29,0,1,1126.29,1,13,NULL),(1963,13,1963,'2017-03-06 19:38:09','2017-03-06 19:38:08',4244.61,0,1,4244.61,6,13,NULL),(1965,184,1965,'2017-03-06 19:38:31','2017-03-06 19:38:31',9184.34,0,1,9184.34,1,12,NULL),(1966,79,1966,'2017-03-06 17:00:13','2017-03-06 17:00:13',4244.61,0,0,4244.61,6,13,NULL),(3552,78,3552,'2016-12-21 16:49:26','2016-07-23 16:14:21',1655.17,0,1,1655.17,2,12,NULL),(3560,20,3560,'2016-12-21 16:49:26','0000-00-00 00:00:00',1448.27,0,0,1448.27,2,12,NULL),(3577,148,3577,'2016-12-21 16:49:26','2016-07-23 16:27:43',1568.96,0,1,1568.96,2,13,NULL),(3579,72,3579,'2016-12-21 16:49:26','0000-00-00 00:00:00',1448.27,0,0,1448.27,2,12,NULL),(3582,83,3582,'2016-12-21 16:49:26','2016-12-08 15:34:46',1448.27,0,1,1448.27,2,12,NULL),(3588,167,3588,'2016-12-21 16:49:26','0000-00-00 00:00:00',352.75,0,1,352.75,2,12,NULL),(3598,84,3598,'2016-12-21 16:49:26','2016-10-24 19:12:35',5172.41,0,1,5172.41,2,15,NULL),(3599,158,3599,'2016-12-21 16:49:26','0000-00-00 00:00:00',1568.96,0,0,1568.96,2,13,NULL),(3601,158,3601,'2016-12-21 16:49:26','0000-00-00 00:00:00',704.09,0,1,704.09,2,15,NULL),(3606,167,3606,'2016-12-21 16:49:26','0000-00-00 00:00:00',206.89,0,0,206.89,2,12,NULL),(3611,158,3611,'2016-12-21 16:49:26','0000-00-00 00:00:00',1568.96,0,0,1568.96,2,13,NULL),(3621,158,3621,'2016-12-21 16:49:26','0000-00-00 00:00:00',191.07,0,1,191.07,2,13,NULL),(3624,72,3624,'2016-12-21 16:49:26','0000-00-00 00:00:00',9012.41,0,0,9012.41,2,12,NULL),(3626,67,3626,'2016-12-21 16:49:26','0000-00-00 00:00:00',413.79,0,0,413.79,2,12,NULL),(3627,18,3627,'2016-12-21 16:49:26','2016-10-24 19:13:11',1655.17,0,1,1655.17,2,12,NULL),(3630,84,3630,'2016-12-21 16:49:26','0000-00-00 00:00:00',1568.96,0,1,1568.96,2,13,NULL),(3632,72,3632,'2016-12-21 16:49:26','2016-08-15 15:28:52',1904.48,0,1,1904.48,2,12,NULL),(3635,67,3635,'2016-12-21 16:49:26','0000-00-00 00:00:00',352.75,0,0,352.75,2,12,NULL),(3638,167,3638,'2016-12-21 16:49:26','2016-07-23 16:25:06',1120.86,0,1,1120.86,2,12,NULL),(3642,84,3642,'2016-12-21 16:49:26','0000-00-00 00:00:00',1526.37,0,1,1526.37,2,13,NULL),(3647,180,3647,'2016-12-21 16:49:26','0000-00-00 00:00:00',620.68,0,1,620.68,2,12,NULL),(3648,84,3648,'2016-12-21 16:49:26','0000-00-00 00:00:00',896.55,0,0,896.55,2,13,NULL),(3656,64,3656,'2016-12-21 16:49:26','2016-09-15 21:51:37',1069.13,0,1,1069.13,2,12,NULL),(3662,79,3662,'2016-12-21 16:49:26','0000-00-00 00:00:00',1120.86,0,1,1120.86,1,12,NULL),(3663,84,3663,'2016-12-21 16:49:26','0000-00-00 00:00:00',2801.72,0,0,2801.72,2,13,NULL),(3667,158,3667,'2016-12-21 16:49:26','0000-00-00 00:00:00',313.79,0,0,313.79,2,13,NULL),(3668,67,3668,'2016-12-21 16:49:26','0000-00-00 00:00:00',1120.86,0,1,1120.86,1,12,NULL),(3674,84,3674,'2016-12-21 16:49:26','2016-09-19 20:42:23',1568.96,0,1,1568.96,2,13,NULL),(3676,181,3676,'2016-12-21 16:49:26','0000-00-00 00:00:00',168.1,0,1,168.1,1,13,NULL),(3680,72,3680,'2016-12-21 16:49:26','2016-08-26 18:41:32',1568.96,0,1,1568.96,2,13,NULL),(3681,72,3681,'2016-12-21 16:49:26','2016-08-15 15:28:03',3051.07,0,1,3051.07,2,13,NULL),(3682,72,3682,'2016-12-21 16:49:26','0000-00-00 00:00:00',224.13,0,1,224.13,1,13,NULL),(3683,72,3683,'2016-12-21 16:49:26','0000-00-00 00:00:00',610.21,0,1,610.21,1,13,NULL),(3686,13,3686,'2016-12-21 16:49:26','0000-00-00 00:00:00',1689.65,0,1,1689.65,2,14,NULL),(3688,158,3688,'2016-12-21 16:49:26','0000-00-00 00:00:00',411.55,0,1,411.55,2,14,NULL),(3689,167,3689,'2016-12-21 16:49:26','2016-07-23 16:14:06',507.93,0,1,507.93,2,12,NULL),(3690,107,3690,'2016-12-21 16:49:26','0000-00-00 00:00:00',1448.27,0,0,1448.27,2,12,NULL),(3691,95,3691,'2016-12-21 16:49:26','0000-00-00 00:00:00',134.48,0,1,134.48,1,13,NULL),(3692,158,3692,'2016-12-21 16:49:26','0000-00-00 00:00:00',965.51,0,1,965.51,1,14,NULL),(3693,158,3693,'2016-12-21 16:49:26','0000-00-00 00:00:00',657.15,0,1,657.15,2,14,NULL),(3694,148,3694,'2016-12-21 16:49:26','0000-00-00 00:00:00',181.03,0,1,181.03,1,14,NULL),(3695,158,3695,'2016-12-21 16:49:26','2016-08-02 19:56:58',1689.65,0,1,1689.65,2,14,NULL),(3696,158,3696,'2016-12-21 16:49:26','0000-00-00 00:00:00',657.15,0,1,657.15,1,14,NULL),(3697,158,3697,'2016-12-21 16:49:26','2016-08-02 19:57:16',5078.01,0,1,5078.01,2,14,NULL),(3702,72,3702,'2016-07-16 18:49:15','2016-07-16 17:40:19',120.69,0,0,120.69,2,14,NULL),(3703,72,3703,'2016-08-15 17:05:17','2016-07-23 16:20:46',627,1,1,627,2,14,NULL),(3704,158,3704,'2016-12-21 16:49:26','2016-07-19 22:22:38',1206.89,0,0,1206.89,2,14,NULL),(3706,181,3706,'2016-12-21 16:49:26','2016-08-26 18:36:56',568.96,0,1,568.96,2,12,NULL),(3709,167,3709,'2016-12-21 16:49:26','2016-07-19 22:44:55',268.96,0,0,268.96,2,12,NULL),(3711,173,3711,'2016-12-21 16:49:26','2016-07-19 22:50:17',352.75,0,0,352.75,2,12,NULL),(3731,180,3731,'2016-12-21 16:49:26','2016-08-26 18:42:11',1448.27,0,1,1448.27,2,12,NULL),(3733,148,3733,'2017-02-04 16:43:47','2017-02-04 16:43:46',382.15,0,1,382.15,2,13,NULL),(3734,84,3734,'2016-12-21 16:49:26','2016-07-20 17:37:11',1173.92,0,0,1173.92,2,13,NULL),(3736,158,3736,'2016-12-21 16:49:26','2016-10-31 21:32:00',610.21,0,1,610.21,2,13,NULL),(3738,78,3738,'2016-12-21 16:49:26','2016-07-20 17:49:15',352.75,0,0,352.75,2,12,NULL),(3739,72,3739,'2016-12-21 16:49:26','2016-11-14 19:10:06',1125.51,0,1,1125.51,2,12,NULL),(3743,188,3743,'2016-12-21 16:49:26','2016-08-15 15:27:51',1448.27,0,1,1448.27,2,12,NULL),(3744,13,3744,'2016-12-21 16:49:26','2016-07-23 16:27:23',430.34,0,1,430.34,2,12,NULL),(3745,158,3745,'2016-12-21 16:49:26','2016-07-20 20:47:12',1568.96,0,0,1568.96,2,13,NULL),(3748,18,3748,'2016-12-21 16:49:26','2016-07-20 20:50:53',352.75,0,0,352.75,2,12,NULL),(3749,13,3749,'2016-12-21 16:49:26','2016-08-02 17:27:17',144.82,0,1,144.82,2,12,NULL),(3753,148,3753,'2016-12-21 16:49:26','2016-08-02 19:56:43',382.15,0,1,382.15,2,13,NULL),(3754,158,3754,'2016-12-21 16:49:26','2016-07-23 16:21:15',353.01,0,1,353.01,2,13,NULL),(3755,148,3755,'2016-12-21 16:49:26','2016-07-23 16:26:41',168.1,0,1,168.1,2,13,NULL),(3757,99,3757,'2016-12-21 16:49:26','2016-07-23 16:24:17',162.93,0,1,162.93,2,12,NULL),(3759,167,3759,'2016-12-21 16:49:26','2016-07-23 16:25:59',155.17,0,1,155.17,2,12,NULL),(3760,167,3760,'2016-12-21 16:49:26','2016-07-23 16:14:40',488.79,0,1,488.79,2,12,NULL),(3761,79,3761,'2016-12-21 16:49:26','2016-07-23 16:23:03',362.06,0,1,362.06,1,12,NULL),(3762,173,3762,'2016-12-21 16:49:26','2016-07-23 16:26:19',318.1,0,1,318.1,2,12,NULL),(3763,67,3763,'2016-12-21 16:49:26','2016-07-23 16:23:51',7887.06,0,1,7887.06,2,14,NULL),(3764,79,3764,'2016-12-21 16:49:26','2016-07-23 16:21:02',2586.2,0,1,2586.2,2,12,NULL),(3765,167,3765,'2016-12-21 16:49:26','2016-07-20 22:34:43',3042.41,0,0,3042.41,2,12,NULL),(3766,167,3766,'2016-12-21 16:49:26','2016-07-23 16:24:43',162.93,0,1,162.93,2,12,NULL),(3767,72,3767,'2016-12-21 16:49:26','2016-07-23 16:26:58',334.91,0,1,334.91,1,14,NULL),(3768,148,3768,'2016-12-21 16:49:26','2016-07-20 22:52:54',5043.1,0,0,5043.1,2,13,NULL),(3769,194,3769,'2016-12-21 16:49:26','2016-07-23 16:29:42',176.5,0,1,176.5,2,13,NULL),(3772,84,3772,'2016-12-21 16:49:26','2016-08-26 18:35:39',20129.82,0,1,20129.82,2,13,NULL),(3773,72,3773,'2016-12-21 16:49:26','2016-07-23 16:21:47',603.44,0,1,603.44,2,14,NULL),(3774,13,3774,'2016-12-21 16:49:26','2016-10-31 21:34:04',352.75,0,1,352.75,2,12,NULL),(3775,148,3775,'2016-12-21 16:49:26','2016-08-02 19:57:29',747.38,0,1,747.38,2,13,NULL),(3777,173,3777,'2016-12-21 16:49:26','2016-09-12 17:22:11',827.58,0,1,827.58,2,12,NULL),(3778,13,3778,'2016-12-21 16:49:26','2016-08-02 19:57:48',39.31,0,1,39.31,1,12,NULL),(3780,158,3780,'2016-10-03 18:11:10','2016-10-03 18:00:17',2898,0,1,2898,2,13,'Se dio una nota de credito por $1,361.25'),(3781,194,3781,'2016-12-21 16:49:26','2016-10-24 19:13:33',1568.96,0,1,1568.96,2,13,NULL),(3782,158,3782,'2016-12-21 16:49:26','2016-08-26 18:35:01',1008.96,0,1,1008.96,2,14,NULL),(3783,158,3783,'2016-12-21 16:49:26','2016-08-10 18:02:05',936.55,0,0,936.55,2,14,NULL),(3784,69,3784,'2016-12-21 16:49:26','2016-08-10 18:06:40',5518.96,0,0,5518.96,2,12,NULL),(3785,72,3785,'2016-12-21 16:49:26','2016-08-15 15:28:24',162.93,0,1,162.93,1,12,NULL),(3786,72,3786,'2016-12-21 16:49:26','2016-09-19 20:41:57',4655.17,0,1,4655.17,2,12,NULL),(3787,67,3787,'2016-12-21 16:49:26','2016-10-20 15:16:46',1448.27,0,1,1448.27,2,12,NULL),(3788,194,3788,'2016-12-21 16:49:26','2016-08-13 19:20:21',2583.96,0,0,2583.96,2,14,NULL),(3789,148,3789,'2016-10-03 17:01:30','2016-10-03 17:01:28',510,0,1,510,2,12,NULL),(3790,148,3790,'2016-12-21 16:49:26','2016-09-12 17:15:41',256.13,0,1,256.13,2,12,NULL),(3791,148,3791,'2016-12-21 16:49:26','2016-08-15 15:28:11',103.44,0,1,103.44,2,12,NULL),(3792,148,3792,'2016-12-21 16:49:26','2016-08-26 18:34:41',925.03,0,1,925.03,1,12,NULL),(3793,67,3793,'2016-12-21 16:49:26','2016-11-29 19:11:27',2017.24,0,1,2017.24,2,12,NULL),(3794,13,3794,'2016-12-21 16:49:26','2016-10-24 19:14:12',369.82,0,1,369.82,2,12,NULL),(3795,13,3795,'2016-12-21 16:49:26','2016-09-28 15:43:26',78.62,0,1,78.62,1,12,NULL),(3796,173,3796,'2016-12-21 16:49:26','2016-09-19 20:41:39',352.75,0,1,352.75,2,12,NULL),(3797,173,3797,'2016-12-21 16:49:26','2016-08-26 18:34:31',931.03,0,1,931.03,1,12,NULL),(3799,13,3799,'2016-12-21 16:49:26','2016-08-26 18:34:20',206.89,0,1,206.89,1,12,NULL),(3800,13,3800,'2016-12-21 16:49:26','2016-08-22 16:09:29',352.75,0,0,352.75,2,12,NULL),(3801,78,3801,'2016-12-21 16:49:26','2016-08-26 18:34:09',563.27,0,1,563.27,1,12,NULL),(3803,196,3803,'2016-12-21 16:49:26','2016-08-26 18:33:57',124.13,0,1,124.13,1,12,NULL),(3805,194,3805,'2016-12-21 16:49:26','2016-08-29 17:08:56',301.72,0,1,301.72,1,14,NULL),(3806,158,3806,'2016-09-26 22:29:27','2016-09-26 22:29:27',1313,0,1,1313,2,14,NULL),(3809,194,3809,'2016-09-12 17:22:19','2016-08-29 17:17:51',525,0,1,525,1,14,NULL),(3810,158,3810,'2016-12-21 16:49:26','2016-09-12 17:15:23',362.06,0,1,362.06,1,14,NULL),(3811,148,3811,'2016-12-21 16:45:55','2016-09-15 21:51:16',1520.69,0,1,1520.69,2,14,'La venta trae una nota de credito de $1400, se descuenta de la venta total'),(3812,84,3812,'2016-12-21 16:49:26','2016-09-12 17:15:12',168.96,0,1,168.96,1,14,NULL),(3813,67,3813,'2016-12-21 16:49:26','2016-12-06 18:03:46',1025.17,0,1,1025.17,2,12,NULL),(3815,158,3815,'2016-09-05 15:17:47','2016-09-05 15:15:27',3051,0,0,3051,2,13,NULL),(3816,13,3816,'2016-12-21 16:49:26','2016-09-05 15:20:40',162.93,0,1,162.93,1,12,NULL),(3818,148,3818,'2016-12-21 16:49:26','2016-09-12 17:14:58',843.2,0,1,843.2,1,13,NULL),(3819,148,3819,'2016-12-21 16:49:26','2016-09-12 17:14:39',382.15,0,1,382.15,1,13,NULL),(3820,148,3820,'2016-12-21 16:49:26','2016-09-12 17:14:24',1568.96,0,1,1568.96,1,13,NULL),(3821,13,3821,'2016-12-21 16:49:26','2016-10-10 17:44:16',1125.51,0,1,1125.51,2,12,NULL),(3822,148,3822,'2016-09-15 21:41:03','2016-09-15 21:41:02',300,0,1,300,1,12,NULL),(3823,13,3823,'2016-12-21 16:49:26','2016-11-29 19:13:57',1448.27,0,1,1448.27,2,12,NULL),(3824,13,3824,'2016-12-21 16:49:26','2016-09-12 16:23:52',1862.06,0,0,1862.06,2,12,NULL),(3825,13,3825,'2016-12-21 16:49:26','2016-09-19 16:56:20',103.44,0,1,103.44,1,12,NULL),(3826,173,3826,'2016-12-21 16:49:26','2016-09-15 21:41:02',584.48,0,1,584.48,1,12,NULL),(3827,13,3827,'2016-12-21 16:49:26','2016-09-15 21:41:02',258.62,0,1,258.62,1,12,NULL),(3829,79,3829,'2016-12-21 16:49:26','2016-09-15 21:41:02',392.06,0,1,392.06,1,12,NULL),(3830,13,3830,'2016-12-21 16:49:26','2016-09-12 16:58:20',2816.37,0,0,2816.37,2,12,NULL),(3831,79,3831,'2016-12-21 16:49:26','2016-09-15 21:41:03',162.93,0,1,162.93,1,12,NULL),(3832,13,3832,'2016-12-21 16:49:26','2016-09-12 17:03:01',20689.65,0,0,20689.65,2,12,NULL),(3833,194,3833,'2016-12-21 16:49:26','2016-10-10 17:53:51',1568.96,0,1,1568.96,2,13,NULL),(3834,84,3834,'2016-12-21 16:49:26','2016-11-08 19:22:57',2271.07,0,1,2271.07,2,13,NULL),(3835,84,3835,'2016-12-21 16:49:26','2016-11-08 19:23:26',896.55,0,1,896.55,2,13,NULL),(3836,84,3836,'2016-12-21 16:49:26','2016-11-08 19:24:14',896.55,0,1,896.55,2,13,NULL),(3837,79,3837,'2016-12-21 16:49:26','2016-09-19 15:09:53',1448.27,0,0,1448.27,2,12,NULL),(3838,158,3838,'2016-12-21 16:49:26','2016-09-19 20:41:50',134.48,0,1,134.48,1,13,NULL),(3839,84,3839,'2016-12-21 16:49:26','2016-10-20 15:17:38',2034.05,0,1,2034.05,2,13,NULL),(3841,99,3841,'2016-12-21 16:49:26','2016-10-12 17:42:30',222.41,0,1,222.41,1,12,NULL),(3842,173,3842,'2016-12-21 16:49:26','2016-09-19 20:41:41',1137.93,0,1,1137.93,1,12,NULL),(3843,95,3843,'2016-12-21 16:49:26','2016-09-19 20:41:46',392.06,0,1,392.06,1,12,NULL),(3844,107,3844,'2016-12-21 16:49:26','2016-09-19 15:26:34',124.13,0,0,124.13,2,12,NULL),(3845,20,3845,'2016-12-21 16:49:26','2016-11-29 19:14:35',1448.27,0,1,1448.27,2,12,NULL),(3846,148,3846,'2016-12-21 16:49:26','2016-09-19 20:42:07',144.82,0,1,144.82,1,12,NULL),(3848,79,3848,'2016-12-21 16:49:26','2016-09-26 22:53:26',103.44,0,1,103.44,1,12,NULL),(3849,13,3849,'2016-12-21 16:49:26','2016-09-26 22:53:34',78.62,0,1,78.62,1,12,NULL),(3850,194,3850,'2016-11-08 19:27:44','2016-11-08 19:27:45',3687,0,1,3687,2,13,'Se modific el total de la venta a $32,900 y se modifica el porcentaje al 13%'),(3851,43,3851,'2016-12-21 16:49:26','2016-09-26 22:53:56',162.93,0,1,162.93,1,12,NULL),(3853,158,3853,'2016-11-22 17:19:10','2016-11-22 17:19:11',493,0,1,493,2,13,NULL),(3854,13,3854,'2016-12-21 16:49:26','2016-09-28 15:49:19',352.75,0,1,352.75,1,12,NULL),(3855,194,3855,'2016-12-21 16:49:26','2016-10-03 18:01:25',168.1,0,1,168.1,1,13,NULL),(3857,158,3857,'2016-12-21 16:49:26','2016-10-03 15:59:38',610.21,0,0,610.21,2,13,NULL),(3859,99,3859,'2016-12-21 16:49:26','2016-12-06 18:04:21',1448.27,0,1,1448.27,2,12,NULL),(3860,64,3860,'2016-12-21 16:49:26','2016-10-10 17:53:40',2979.31,0,1,2979.31,1,12,NULL),(3861,74,3861,'2016-12-21 16:49:26','2016-10-12 18:34:15',12413.79,0,1,12413.79,2,12,NULL),(3862,72,3862,'2016-12-21 16:49:26','2016-10-10 17:53:37',456.2,0,1,456.2,1,12,NULL),(3863,79,3863,'2016-12-21 16:49:26','2016-10-10 17:54:18',1125.51,0,1,1125.51,1,12,NULL),(3864,13,3864,'2016-12-06 18:06:34','2016-12-06 18:06:35',828,0,1,828,2,12,NULL),(3865,158,3865,'2016-12-21 16:49:26','2016-10-19 15:18:10',633.18,0,1,633.18,2,13,NULL),(3866,148,3866,'2016-12-21 16:49:26','2016-11-08 19:34:43',563.27,0,1,563.27,2,12,NULL),(3867,148,3867,'2016-12-21 16:49:26','2016-10-31 21:35:49',362.06,0,1,362.06,1,12,NULL),(3868,79,3868,'2016-12-21 16:49:26','2016-10-20 15:15:19',1303.44,0,1,1303.44,1,12,NULL),(3869,188,3869,'2017-01-19 15:44:13','2017-01-19 15:44:09',1621,0,1,1621,2,12,NULL),(3870,13,3870,'2016-12-21 16:49:26','2016-10-20 15:15:42',155.17,0,1,155.17,1,12,NULL),(3872,79,3872,'2016-12-26 20:02:31','2016-12-26 20:02:32',532.75,0,1,532.75,2,12,NULL),(3873,43,3873,'2016-12-21 16:49:26','2016-10-31 21:36:55',827.58,0,1,827.58,2,12,NULL),(3874,173,3874,'2016-12-21 16:49:26','2016-10-19 15:14:40',1038.1,0,1,1038.1,1,12,NULL),(3875,13,3875,'2016-12-21 16:49:26','2016-10-24 19:24:01',392.06,0,1,392.06,1,12,NULL),(3877,173,3877,'2016-12-21 16:49:26','2016-10-26 15:02:22',8275.86,0,1,8275.86,2,12,NULL),(3878,74,3878,'2016-12-21 16:49:26','2016-10-24 19:24:15',1882.75,0,1,1882.75,1,12,NULL),(3879,148,3879,'2016-12-21 16:49:26','2016-10-24 19:24:20',258.62,0,1,258.62,1,12,NULL),(3880,72,3880,'2017-02-27 19:22:44','2017-02-27 19:22:44',1448.27,0,1,1448.27,2,12,NULL),(3881,64,3881,'2016-12-21 16:49:26','2016-12-12 17:08:46',352.75,0,1,352.75,2,12,NULL),(3882,148,3882,'2016-12-21 16:49:26','2016-10-24 19:24:55',1303.44,0,1,1303.44,1,12,NULL),(3883,72,3883,'2016-12-21 16:49:26','2016-10-24 19:25:06',279.31,0,1,279.31,1,12,NULL),(3884,79,3884,'2016-12-21 16:49:26','2016-10-24 17:10:56',864.82,0,0,864.82,2,12,NULL),(3885,79,3885,'2016-12-21 16:49:26','2016-10-24 17:16:01',1224.31,0,0,1224.31,2,12,NULL),(3886,84,3886,'2016-12-21 16:49:26','2016-10-24 19:28:34',224.13,0,1,224.13,1,13,NULL),(3887,194,3887,'2016-12-21 16:49:26','2016-12-19 21:46:36',1568.96,0,1,1568.96,2,13,NULL),(3888,194,3888,'2016-12-21 16:49:26','2016-10-31 21:50:40',176.5,0,1,176.5,1,13,NULL),(3889,84,3889,'2016-10-31 21:50:51','2016-10-31 21:50:53',465,0,1,465,1,13,NULL),(3890,84,3890,'2016-12-21 16:49:26','2016-10-31 21:50:57',343.93,0,1,343.93,1,13,NULL),(3891,13,3891,'2017-01-05 20:15:11','2017-01-05 20:15:10',1611.2,0,1,1611.2,2,12,NULL),(3892,13,3892,'2016-12-21 16:49:26','2016-10-31 21:51:07',1303.44,0,1,1303.44,1,12,NULL),(3894,64,3894,'2017-02-08 21:39:06','2017-02-08 21:39:04',2938.96,0,1,2938.96,2,12,NULL),(3895,148,3895,'2016-12-21 16:49:26','2016-10-31 21:51:15',162.94,0,1,162.94,1,12,NULL),(3896,72,3896,'2016-12-21 16:49:26','2016-12-19 21:46:58',1448.27,0,1,1448.27,2,12,NULL),(3897,188,3897,'2016-12-21 16:49:26','2016-12-12 17:09:15',325.86,0,1,325.86,2,12,NULL),(3898,188,3898,'2017-01-05 20:16:17','2017-01-05 20:16:15',1034.48,0,1,1034.48,2,12,NULL),(3899,173,3899,'2016-12-21 16:49:26','2016-11-08 22:37:38',155.17,0,1,155.17,1,12,NULL),(3900,67,3900,'2016-12-21 16:49:26','2016-11-08 22:37:45',1303.44,0,1,1303.44,1,12,NULL),(3901,148,3901,'2016-12-21 16:49:26','2016-11-08 22:39:05',248.27,0,1,248.27,1,12,NULL),(3902,67,3902,'2016-12-21 16:49:26','2016-11-17 19:08:53',18620.68,0,1,18620.68,2,12,NULL),(3904,188,3904,'2016-12-21 16:49:26','2016-11-08 22:39:19',310.34,0,1,310.34,1,12,NULL),(3906,173,3906,'2016-12-21 16:49:26','2016-11-05 19:36:48',1448.27,0,0,1448.27,2,12,NULL),(3907,13,3907,'2016-12-21 16:49:26','2016-11-05 19:40:00',335.17,0,0,335.17,2,12,NULL),(3908,74,3908,'2016-12-21 16:49:26','2016-11-12 20:14:04',457.86,0,1,457.86,1,12,NULL),(3909,72,3909,'2016-11-08 22:35:53','2016-11-08 22:35:54',764,0,1,764,1,13,NULL),(3910,99,3910,'2016-11-08 20:09:09','2016-11-05 20:05:28',1513,0,0,1513,2,13,NULL),(3911,148,3911,'2016-12-21 16:49:26','2016-11-05 20:22:31',1448.27,0,0,1448.27,2,12,NULL),(3912,72,3912,'2016-11-08 20:09:09','2016-11-05 20:29:49',1569,0,0,1569,2,13,NULL),(3913,148,3913,'2016-12-21 16:49:26','2016-11-17 19:41:48',5242.96,0,1,5242.96,2,12,NULL),(3914,197,3914,'2016-12-21 16:49:26','2016-11-08 22:41:30',352.75,0,1,352.75,1,12,NULL),(3915,184,3915,'2016-12-21 16:49:26','2016-11-05 20:45:07',1448.27,0,0,1448.27,2,12,NULL),(3916,13,3916,'2016-12-21 16:49:26','2016-11-08 22:42:56',563.27,0,1,563.27,2,12,NULL),(3917,13,3917,'2016-12-21 16:49:26','2016-11-08 22:44:33',162.93,0,1,162.93,1,12,NULL),(3918,13,3918,'2016-12-21 16:49:26','2016-11-05 21:00:13',289.65,0,0,289.65,2,12,NULL),(3919,148,3919,'2016-12-21 16:49:26','2016-11-05 21:01:59',620.68,0,0,620.68,2,12,NULL),(3920,148,3920,'2016-12-21 16:49:26','2016-11-08 22:45:28',318.1,0,1,318.1,1,12,NULL),(3921,13,3921,'2017-02-08 21:42:25','2017-02-08 21:42:23',1027.75,0,1,1027.75,2,12,NULL),(3922,188,3922,'2016-12-21 16:49:26','2016-11-08 22:45:56',1694.48,0,1,1694.48,1,12,NULL),(3923,148,3923,'2016-12-21 16:49:26','2016-11-22 19:34:27',352.75,0,1,352.75,2,12,NULL),(3924,188,3924,'2016-12-21 16:49:26','2016-11-07 22:41:19',352.75,0,0,352.75,2,12,NULL),(3925,158,3925,'2016-11-08 20:09:09','2016-11-07 22:44:01',1681,0,0,1681,2,13,NULL),(3926,84,3926,'2017-03-06 19:11:51','2017-03-06 19:11:51',1113,0,1,1113,2,13,NULL),(3927,158,3927,'2016-12-19 21:48:49','2016-12-19 21:48:50',1569,0,1,1569,2,13,NULL),(3928,158,3928,'2016-12-21 16:49:26','2016-11-14 19:25:53',176.5,0,1,176.5,1,13,NULL),(3929,158,3929,'2016-12-21 16:49:26','2016-11-14 19:26:03',42.58,0,1,42.58,1,13,NULL),(3930,84,3930,'2016-12-21 16:49:26','2016-11-14 17:43:36',1008.62,0,1,1008.62,1,13,NULL),(3932,173,3932,'2016-12-21 16:49:26','2016-11-14 19:26:34',662.06,0,1,662.06,1,12,NULL),(3933,13,3933,'2016-12-21 16:49:26','2016-11-22 19:48:09',181.03,0,1,181.03,1,12,NULL),(3934,13,3934,'2016-12-21 16:49:26','2016-11-22 19:48:13',258.62,0,1,258.62,1,12,NULL),(3935,13,3935,'2016-12-21 16:49:26','2016-11-22 19:48:17',310.34,0,1,310.34,1,12,NULL),(3936,188,3936,'2016-12-21 16:49:26','2016-11-22 16:39:10',1810.34,0,0,1810.34,2,12,NULL),(3937,84,3937,'2016-12-21 16:49:26','2016-11-16 16:44:52',1568.96,0,0,1568.96,2,13,''),(3938,158,3938,'2016-12-21 16:49:26','2016-11-22 19:48:27',156.89,0,1,156.89,1,13,NULL),(3939,84,3939,'2016-12-21 16:49:26','2016-11-22 16:43:07',382.15,0,0,382.15,2,13,NULL),(3940,84,3940,'2016-12-21 16:49:26','2016-11-22 19:48:34',382.15,0,1,382.15,1,13,NULL),(3941,148,3941,'2016-12-21 16:49:26','2016-11-22 19:48:39',117.93,0,1,117.93,1,12,NULL),(3942,188,3942,'2016-12-21 16:49:26','2016-11-22 16:48:50',1241.37,0,0,1241.37,2,12,NULL),(3943,188,3943,'2016-12-21 16:49:26','2016-11-22 16:50:36',1448.27,0,0,1448.27,2,12,NULL),(3944,148,3944,'2016-12-21 16:49:26','2016-11-22 16:53:29',2068.96,0,0,2068.96,2,12,NULL),(3945,95,3945,'2016-12-21 16:49:26','2016-11-29 19:31:54',13448.27,0,1,13448.27,2,13,NULL),(3946,173,3946,'2016-12-21 16:49:26','2016-11-22 19:49:03',1125.51,0,1,1125.51,1,12,NULL),(3947,173,3947,'2016-12-21 16:49:26','2016-11-22 19:49:12',352.75,0,1,352.75,1,12,NULL),(3949,84,3949,'2016-12-21 16:49:26','2016-11-29 15:20:12',382.15,0,0,382.15,2,13,NULL),(3950,67,3950,'2016-12-21 16:49:26','2016-11-29 19:40:10',1256.18,0,1,1256.18,1,13,NULL),(3951,72,3951,'2016-12-21 16:49:26','2016-11-29 19:41:14',1412.06,0,1,1412.06,1,13,NULL),(3952,95,3952,'2017-03-06 19:12:48','2017-03-06 19:12:47',1745.47,0,1,1745.47,1,13,NULL),(3953,79,3953,'2017-01-17 15:26:42','2017-01-17 15:26:38',1448.27,0,1,1448.27,2,12,NULL),(3954,79,3954,'2017-01-05 22:37:35','2017-01-05 22:37:33',1448.27,0,1,1448.27,2,12,NULL),(3957,173,3957,'2017-02-27 19:23:16','2017-02-27 19:23:16',1172.58,0,1,1172.58,2,12,NULL),(3958,72,3958,'2016-12-21 16:49:26','2016-11-29 19:42:41',1412.06,0,1,1412.06,1,13,NULL),(3959,148,3959,'2016-12-21 16:49:26','2016-12-05 23:38:51',124.13,0,0,124.13,2,12,NULL),(3960,13,3960,'2016-12-21 16:49:26','2016-12-06 19:05:42',256.55,0,1,256.55,1,12,NULL),(3962,173,3962,'2017-02-08 21:43:17','2017-02-08 21:43:15',1448.27,0,1,1448.27,2,12,NULL),(3963,95,3963,'2016-12-21 16:49:26','2016-12-06 19:06:27',2801.72,0,1,2801.72,1,13,NULL),(3964,13,3964,'2017-03-06 19:13:27','2017-03-06 19:13:26',1448.27,0,1,1448.27,2,12,NULL),(3965,84,3965,'2016-12-21 16:49:26','2016-12-06 19:08:27',1412.06,0,1,1412.06,1,13,NULL),(3966,107,3966,'2016-12-21 16:49:26','2016-12-06 19:12:05',1737.06,0,0,1737.06,2,13,NULL),(3967,182,3967,'2016-12-21 16:49:26','2016-12-19 21:52:30',3328.44,0,1,3328.44,2,13,NULL),(3968,99,3968,'2016-12-21 16:49:26','2016-12-10 18:55:39',3171.77,0,0,3171.77,2,13,NULL),(3969,95,3969,'2016-12-21 16:49:26','2016-12-10 19:00:00',392.24,0,0,392.24,2,13,NULL),(3970,13,3970,'2016-12-21 16:49:26','2016-12-12 17:21:26',1137.93,0,1,1137.93,1,12,NULL),(3971,72,3971,'2016-12-21 16:49:26','2016-12-12 17:21:44',280.17,0,1,280.17,1,13,NULL),(3972,173,3972,'2016-12-21 16:49:26','2016-12-12 17:22:03',1303.44,0,1,1303.44,1,12,NULL),(3974,79,3974,'2017-01-04 21:56:18','2017-01-04 21:56:16',698.28,0,1,698.28,1,6,NULL),(3975,13,3975,'2017-02-08 21:43:36','2017-02-08 21:43:34',162.93,0,1,162.93,2,12,NULL),(3977,107,3977,'2016-12-21 16:49:26','2016-12-19 21:55:27',509.91,0,1,509.91,1,13,NULL),(3978,158,3978,'2016-12-26 18:36:46','2016-12-26 18:36:46',560.34,0,0,560.34,2,13,NULL),(3979,173,3979,'2017-01-05 20:18:15','2017-01-05 20:18:13',352.76,0,1,352.76,1,12,NULL),(3980,188,3980,'2017-01-05 18:25:49','2017-01-05 18:25:49',1448.28,0,0,1448.28,2,12,NULL),(3981,158,3981,'2017-01-05 20:19:51','2017-01-05 20:19:50',156.9,0,1,156.9,1,13,NULL),(3982,79,3982,'2017-01-05 18:57:12','2017-01-05 18:57:12',1448.28,0,0,1448.28,1,12,NULL),(3983,79,3983,'2017-01-05 20:21:38','2017-01-05 20:21:37',162.93,0,1,162.93,1,12,NULL),(3984,72,3984,'2017-01-07 18:26:14','2017-01-07 18:26:16',5379.31,0,1,5379.31,2,13,NULL),(3985,43,3985,'2017-02-13 23:21:42','2017-02-13 23:21:42',1448.28,0,1,1448.28,2,12,NULL),(3986,173,3986,'2017-01-09 22:57:55','2017-01-09 22:57:57',931.03,0,1,931.03,1,12,NULL),(3988,182,3988,'2017-01-07 00:19:24','2017-01-07 00:19:23',5978.88,0,1,5978.88,2,13,NULL),(3989,84,3989,'2017-02-08 21:45:06','2017-02-08 21:45:05',610.22,0,1,610.22,2,13,NULL),(3991,188,3991,'2017-01-09 22:59:06','2017-01-09 22:59:09',1965.52,0,1,1965.52,1,12,NULL),(3992,173,3992,'2017-02-20 19:03:40','2017-02-20 19:03:38',352.76,0,1,352.76,2,12,NULL),(3993,79,3993,'2017-01-09 23:01:05','2017-01-09 23:01:07',4137.93,0,1,4137.93,1,12,NULL),(3994,188,3994,'2017-01-16 17:06:12','2017-01-16 17:06:12',563.28,0,0,563.28,2,12,NULL),(3995,13,3995,'2017-01-16 17:10:54','2017-01-16 17:10:54',1448.28,0,0,1448.28,2,12,NULL),(3997,148,3997,'2017-01-16 17:12:59','2017-01-16 17:12:59',1448.28,0,0,1448.28,2,12,NULL),(3998,148,3998,'2017-01-23 18:54:00','2017-01-23 18:54:00',162.93,0,1,162.93,1,12,NULL),(3999,148,3999,'2017-01-23 18:54:11','2017-01-23 18:54:11',1303.45,0,1,1303.45,1,12,NULL),(4000,148,4000,'2017-01-23 18:54:22','2017-01-23 18:54:22',124.14,0,1,124.14,1,12,NULL),(4001,95,4001,'2017-01-23 18:54:31','2017-01-23 18:54:31',280.17,0,1,280.17,1,13,NULL),(4003,148,4003,'2017-01-23 19:00:04','2017-01-23 18:55:22',326,0,1,326,1,12,NULL),(4004,158,4004,'2017-01-23 16:50:09','2017-01-23 16:50:09',1568.97,0,0,1568.97,2,13,NULL),(4005,148,4005,'2017-01-25 23:35:14','2017-01-23 19:02:27',2535,0,1,2535,1,12,NULL),(4006,158,4006,'2017-01-30 17:25:56','2017-01-30 17:25:55',382.16,0,1,382.16,1,13,NULL),(4007,158,4007,'2017-01-30 17:26:19','2017-01-30 17:26:18',448.28,0,1,448.28,1,13,NULL),(4009,84,4009,'2017-01-30 15:53:32','2017-01-30 15:53:32',1219.31,0,0,1219.31,2,13,NULL),(4011,148,4011,'2017-02-20 19:04:36','2017-02-20 19:04:34',1012.97,0,1,1012.97,2,12,NULL),(4013,13,4013,'2017-01-30 17:28:33','2017-01-30 17:28:32',1629.31,0,1,1629.31,1,12,NULL),(4014,43,4014,'2017-01-30 17:57:57','2017-01-30 17:57:56',1303.45,0,1,1303.45,2,12,NULL),(4015,79,4015,'2017-02-08 21:56:06','2017-02-08 21:56:04',162.93,0,1,162.93,1,12,NULL),(4016,148,4016,'2017-02-08 22:09:52','2017-02-08 22:09:50',162.93,0,1,162.93,1,12,NULL),(4017,148,4017,'2017-02-08 22:10:08','2017-02-08 22:10:06',258.62,0,1,258.62,1,12,NULL),(4018,84,4018,'2017-02-08 19:06:37','2017-02-08 19:06:37',19051.72,0,0,19051.72,2,13,NULL),(4020,188,4020,'2017-02-08 22:10:55','2017-02-08 22:10:53',1127.07,0,1,1127.07,1,12,NULL),(4021,148,4021,'2017-02-08 22:12:28','2017-02-08 22:12:26',39.31,0,1,39.31,1,12,NULL),(4023,72,4023,'2017-02-08 22:12:47','2017-02-08 22:12:46',1412.07,0,1,1412.07,1,13,NULL),(4024,184,4024,'2017-02-13 23:32:23','2017-02-11 20:21:38',2816,0,0,2816,2,12,NULL),(4025,84,4025,'2017-02-11 20:27:31','2017-02-11 20:27:31',1502.84,0,0,1502.84,1,13,NULL),(4027,79,4027,'2017-02-18 19:10:13','2017-02-18 18:28:59',1568.9655172413,0,0,1568.9655172413,2,13,NULL),(4029,158,4029,'2017-02-13 23:54:06','2017-02-13 23:54:06',317.72,0,1,317.72,1,13,NULL),(4030,84,4030,'2017-02-13 23:54:30','2017-02-13 23:54:30',687.88,0,1,687.88,1,13,NULL),(4031,108,4031,'2017-02-18 19:08:39','2017-02-18 19:08:41',1568.9655172413,0,1,1568.9655172413,1,13,NULL),(4033,95,4033,'2017-02-11 20:51:02','2017-02-11 20:51:02',1568.97,0,0,1568.97,2,13,NULL),(4034,79,4034,'2017-02-18 19:57:01','2017-02-18 19:57:01',1534.78,0,0,1534.78,2,13,NULL),(4035,198,4035,'2017-02-18 19:58:49','2017-02-18 19:58:49',1588.58,0,0,1588.58,2,13,NULL),(4037,84,4037,'2017-02-20 19:08:14','2017-02-20 19:08:13',176.51,0,1,176.51,1,13,NULL),(4038,158,4038,'2017-02-27 18:11:11','2017-02-27 18:11:11',2426.29,0,0,2426.29,2,13,NULL),(4039,67,4039,'2017-02-27 18:13:37','2017-02-27 18:13:37',382.16,0,0,382.16,2,13,NULL),(4040,79,4040,'2017-02-27 19:24:59','2017-02-27 19:24:59',112.07,0,1,112.07,1,13,NULL),(4041,13,4041,'2017-02-27 18:22:30','2017-02-27 18:22:30',1412.07,0,0,1412.07,1,13,NULL),(4042,13,4042,'2017-03-06 17:04:15','2017-03-06 17:04:15',573.23,0,0,573.23,1,13,NULL),(4043,84,4043,'2017-03-06 17:09:01','2017-03-06 17:09:01',1568.97,0,0,1568.97,2,13,NULL),(4044,84,4044,'2017-03-06 17:14:29','2017-03-06 17:14:29',1448.28,0,0,1448.28,2,12,NULL),(4045,184,4045,'2017-03-06 19:21:52','2017-03-06 19:21:52',162.93,0,1,162.93,1,12,NULL),(4046,79,4046,'2017-03-06 17:20:31','2017-03-06 17:20:31',382.16,0,0,382.16,2,13,NULL),(4047,84,4047,'2017-03-06 17:59:31','2017-03-06 17:55:23',287,0,0,287,2,12,NULL),(4048,84,4048,'2017-03-06 18:06:07','2017-03-06 18:06:07',586.55,0,0,586.55,2,12,NULL),(4049,184,4049,'2017-03-06 18:10:00','2017-03-06 18:10:00',1125.52,0,0,1125.52,2,12,NULL),(4429,188,4429,'2016-12-21 16:49:26','2016-08-26 18:33:48',1039.65,0,1,1039.65,1,12,NULL),(4487,79,4487,'2017-02-08 22:09:00','2016-09-19 17:07:29',2080,0,1,2080,1,12,NULL);
/*!40000 ALTER TABLE `comision` ENABLE KEYS */;
UNLOCK TABLES;

--
-- Table structure for table `comision_advertencia`
--

DROP TABLE IF EXISTS `comision_advertencia`;
/*!40101 SET @saved_cs_client     = @@character_set_client */;
/*!40101 SET character_set_client = utf8 */;
CREATE TABLE `comision_advertencia` (
  `id` int(11) NOT NULL AUTO_INCREMENT,
  `comision_id` int(11) NOT NULL,
  `created_at` timestamp NULL DEFAULT NULL,
  `motivos` varchar(200) DEFAULT NULL,
  `activo` tinyint(4) NOT NULL DEFAULT '0',
  `updated_at` timestamp NULL DEFAULT NULL,
  PRIMARY KEY (`id`),
  KEY `fk_pago_comision_detenido_comision1_idx` (`comision_id`),
  CONSTRAINT `fk_pago_comision_detenido_comision1` FOREIGN KEY (`comision_id`) REFERENCES `comision` (`id`) ON DELETE NO ACTION ON UPDATE NO ACTION
) ENGINE=InnoDB AUTO_INCREMENT=5 DEFAULT CHARSET=utf8;
/*!40101 SET character_set_client = @saved_cs_client */;

--
-- Dumping data for table `comision_advertencia`
--

LOCK TABLES `comision_advertencia` WRITE;
/*!40000 ALTER TABLE `comision_advertencia` DISABLE KEYS */;
INSERT INTO `comision_advertencia` VALUES (3,3902,'2016-11-17 19:08:09','Ya est pagada completamente',1,'2016-11-17 19:08:09'),(4,4018,'2017-02-22 23:52:01','Pagar en 3 partes',1,'2017-02-22 23:52:01');
/*!40000 ALTER TABLE `comision_advertencia` ENABLE KEYS */;
UNLOCK TABLES;

--
-- Table structure for table `comision_esquema_vendedor`
--

DROP TABLE IF EXISTS `comision_esquema_vendedor`;
/*!40101 SET @saved_cs_client     = @@character_set_client */;
/*!40101 SET character_set_client = utf8 */;
CREATE TABLE `comision_esquema_vendedor` (
  `id` int(11) NOT NULL AUTO_INCREMENT,
  `esquema_comision_id` int(11) NOT NULL,
  `asesor_id` int(11) NOT NULL,
  `fecha_inicio` date NOT NULL,
  `fecha_fin` date NOT NULL,
  `activo` tinyint(4) NOT NULL DEFAULT '1',
  PRIMARY KEY (`id`),
  KEY `fk_comision_esquema_vendedor_esquema_comision1_idx` (`esquema_comision_id`),
  KEY `fk_comision_esquema_vendedor_asesor1_idx` (`asesor_id`),
  CONSTRAINT `fk_comision_esquema_vendedor_asesor1` FOREIGN KEY (`asesor_id`) REFERENCES `asesor` (`id`) ON DELETE NO ACTION ON UPDATE NO ACTION,
  CONSTRAINT `fk_comision_esquema_vendedor_esquema_comision1` FOREIGN KEY (`esquema_comision_id`) REFERENCES `esquema_comision` (`id`) ON DELETE NO ACTION ON UPDATE NO ACTION
) ENGINE=InnoDB AUTO_INCREMENT=2000 DEFAULT CHARSET=utf8;
/*!40101 SET character_set_client = @saved_cs_client */;

--
-- Dumping data for table `comision_esquema_vendedor`
--

LOCK TABLES `comision_esquema_vendedor` WRITE;
/*!40000 ALTER TABLE `comision_esquema_vendedor` DISABLE KEYS */;
INSERT INTO `comision_esquema_vendedor` VALUES (5,1,1,'2016-12-01','2016-12-31',1),(6,1,3,'2016-12-01','2016-12-31',1),(7,1,5,'2016-12-01','2016-12-31',1),(8,1,6,'2016-12-01','2016-12-31',1),(9,1,7,'2016-12-01','2016-12-31',1),(10,1,12,'2016-12-01','2016-12-31',1),(11,1,13,'2016-12-01','2016-12-31',1),(12,1,18,'2016-12-01','2016-12-31',1),(13,1,21,'2016-12-01','2016-12-31',1),(14,1,22,'2016-12-01','2016-12-31',1),(15,1,25,'2016-12-01','2016-12-31',1),(16,1,43,'2016-12-01','2016-12-31',1),(17,1,50,'2016-12-01','2016-12-31',1),(18,1,51,'2016-12-01','2016-12-31',1),(19,1,52,'2016-12-01','2016-12-31',1),(20,1,54,'2016-12-01','2016-12-31',1),(21,1,55,'2016-12-01','2016-12-31',1),(22,1,56,'2016-12-01','2016-12-31',1),(23,1,57,'2016-12-01','2016-12-31',1),(24,1,58,'2016-12-01','2016-12-31',1),(25,1,59,'2016-12-01','2016-12-31',1),(26,1,60,'2016-12-01','2016-12-31',1),(27,1,63,'2016-12-01','2016-12-31',1),(28,1,74,'2016-12-01','2016-12-31',1),(29,1,75,'2016-12-01','2016-12-31',1),(30,1,76,'2016-12-01','2016-12-31',1),(31,1,78,'2016-12-01','2016-12-31',1),(32,1,79,'2016-12-01','2016-12-31',1),(33,1,81,'2016-12-01','2016-12-31',1),(34,1,82,'2016-12-01','2016-12-31',1),(35,1,83,'2016-12-01','2016-12-31',1),(36,1,85,'2016-12-01','2016-12-31',1),(37,1,86,'2016-12-01','2016-12-31',1),(38,1,87,'2016-12-01','2016-12-31',1),(39,1,88,'2016-12-01','2016-12-31',1),(40,1,89,'2016-12-01','2016-12-31',1),(41,1,90,'2016-12-01','2016-12-31',1),(42,1,91,'2016-12-01','2016-12-31',1),(43,1,92,'2016-12-01','2016-12-31',1),(44,1,93,'2016-12-01','2016-12-31',1),(45,1,94,'2016-12-01','2016-12-31',1),(46,1,96,'2016-12-01','2016-12-31',1),(47,1,98,'2016-12-01','2016-12-31',1),(48,1,101,'2016-12-01','2016-12-31',1),(49,1,102,'2016-12-01','2016-12-31',1),(50,1,103,'2016-12-01','2016-12-31',1),(51,1,104,'2016-12-01','2016-12-31',1),(52,1,105,'2016-12-01','2016-12-31',1),(53,1,106,'2016-12-01','2016-12-31',1),(54,1,108,'2016-12-01','2016-12-31',1),(55,1,109,'2016-12-01','2016-12-31',1),(56,1,110,'2016-12-01','2016-12-31',1),(57,1,111,'2016-12-01','2016-12-31',1),(58,1,112,'2016-12-01','2016-12-31',1),(59,1,113,'2016-12-01','2016-12-31',1),(60,1,114,'2016-12-01','2016-12-31',1),(61,1,115,'2016-12-01','2016-12-31',1),(62,1,116,'2016-12-01','2016-12-31',1),(63,1,117,'2016-12-01','2016-12-31',1),(64,1,118,'2016-12-01','2016-12-31',1),(65,1,119,'2016-12-01','2016-12-31',1),(66,1,123,'2016-12-01','2016-12-31',1),(67,1,124,'2016-12-01','2016-12-31',1),(68,1,125,'2016-12-01','2016-12-31',1),(69,1,126,'2016-12-01','2016-12-31',1),(70,1,127,'2016-12-01','2016-12-31',1),(71,1,129,'2016-12-01','2016-12-31',1),(72,1,130,'2016-12-01','2016-12-31',1),(73,1,131,'2016-12-01','2016-12-31',1),(74,1,134,'2016-12-01','2016-12-31',1),(75,1,136,'2016-12-01','2016-12-31',1),(76,1,137,'2016-12-01','2016-12-31',1),(77,1,139,'2016-12-01','2016-12-31',1),(78,1,141,'2016-12-01','2016-12-31',1),(79,1,142,'2016-12-01','2016-12-31',1),(80,1,143,'2016-12-01','2016-12-31',1),(81,1,145,'2016-12-01','2016-12-31',1),(82,1,146,'2016-12-01','2016-12-31',1),(83,1,148,'2016-12-01','2016-12-31',1),(84,1,149,'2016-12-01','2016-12-31',1),(85,1,150,'2016-12-01','2016-12-31',1),(86,1,151,'2016-12-01','2016-12-31',1),(87,1,152,'2016-12-01','2016-12-31',1),(88,1,153,'2016-12-01','2016-12-31',1),(89,1,154,'2016-12-01','2016-12-31',1),(90,1,156,'2016-12-01','2016-12-31',1),(91,1,157,'2016-12-01','2016-12-31',1),(92,1,159,'2016-12-01','2016-12-31',1),(93,1,160,'2016-12-01','2016-12-31',1),(94,1,161,'2016-12-01','2016-12-31',1),(95,1,162,'2016-12-01','2016-12-31',1),(96,1,163,'2016-12-01','2016-12-31',1),(97,1,164,'2016-12-01','2016-12-31',1),(98,1,167,'2016-12-01','2016-12-31',1),(99,1,168,'2016-12-01','2016-12-31',1),(100,1,171,'2016-12-01','2016-12-31',1),(101,1,172,'2016-12-01','2016-12-31',1),(102,1,173,'2016-12-01','2016-12-31',1),(103,1,177,'2016-12-01','2016-12-31',1),(104,1,179,'2016-12-01','2016-12-31',1),(105,1,180,'2016-12-01','2016-12-31',1),(106,1,182,'2016-12-01','2016-12-31',1),(107,1,184,'2016-12-01','2016-12-31',1),(108,1,188,'2016-12-01','2016-12-31',1),(109,1,190,'2016-12-01','2016-12-31',1),(110,1,195,'2016-12-01','2016-12-31',1),(111,1,196,'2016-12-01','2016-12-31',1),(112,1,197,'2016-12-01','2016-12-31',1),(113,2,19,'2016-12-01','2016-12-31',1),(114,2,20,'2016-12-01','2016-12-31',1),(115,2,64,'2016-12-01','2016-12-31',1),(116,2,65,'2016-12-01','2016-12-31',1),(117,2,66,'2016-12-01','2016-12-31',1),(118,2,67,'2016-12-01','2016-12-31',1),(119,2,68,'2016-12-01','2016-12-31',1),(120,2,69,'2016-12-01','2016-12-31',1),(121,2,70,'2016-12-01','2016-12-31',1),(122,2,71,'2016-12-01','2016-12-31',1),(123,2,72,'2016-12-01','2016-12-31',1),(124,2,73,'2016-12-01','2016-12-31',1),(125,2,95,'2016-12-01','2016-12-31',1),(126,2,99,'2016-12-01','2016-12-31',1),(127,2,107,'2016-12-01','2016-12-31',1),(128,2,138,'2016-12-01','2016-12-31',1),(129,2,140,'2016-12-01','2016-12-31',1),(130,2,144,'2016-12-01','2016-12-31',1),(131,2,169,'2016-12-01','2016-12-31',1),(132,2,181,'2016-12-01','2016-12-31',1),(133,2,84,'2016-12-01','2016-12-31',1),(134,2,133,'2016-12-01','2016-12-31',1),(135,2,135,'2016-12-01','2016-12-31',1),(136,2,158,'2016-12-01','2016-12-31',1),(137,2,194,'2016-12-01','2016-12-31',1),(138,1,1,'2016-01-01','2016-01-31',1),(139,1,3,'2016-01-01','2016-01-31',1),(140,1,5,'2016-01-01','2016-01-31',1),(141,1,6,'2016-01-01','2016-01-31',1),(142,1,7,'2016-01-01','2016-01-31',1),(143,1,12,'2016-01-01','2016-01-31',1),(144,1,13,'2016-01-01','2016-01-31',1),(145,1,18,'2016-01-01','2016-01-31',1),(146,1,21,'2016-01-01','2016-01-31',1),(147,1,22,'2016-01-01','2016-01-31',1),(148,1,25,'2016-01-01','2016-01-31',1),(149,1,43,'2016-01-01','2016-01-31',1),(150,1,50,'2016-01-01','2016-01-31',1),(151,1,51,'2016-01-01','2016-01-31',1),(152,1,52,'2016-01-01','2016-01-31',1),(153,1,54,'2016-01-01','2016-01-31',1),(154,1,55,'2016-01-01','2016-01-31',1),(155,1,56,'2016-01-01','2016-01-31',1),(156,1,57,'2016-01-01','2016-01-31',1),(157,1,58,'2016-01-01','2016-01-31',1),(158,1,59,'2016-01-01','2016-01-31',1),(159,1,60,'2016-01-01','2016-01-31',1),(160,1,63,'2016-01-01','2016-01-31',1),(161,1,74,'2016-01-01','2016-01-31',1),(162,1,75,'2016-01-01','2016-01-31',1),(163,1,76,'2016-01-01','2016-01-31',1),(164,1,78,'2016-01-01','2016-01-31',1),(165,1,79,'2016-01-01','2016-01-31',1),(166,1,81,'2016-01-01','2016-01-31',1),(167,1,82,'2016-01-01','2016-01-31',1),(168,1,83,'2016-01-01','2016-01-31',1),(169,1,85,'2016-01-01','2016-01-31',1),(170,1,86,'2016-01-01','2016-01-31',1),(171,1,87,'2016-01-01','2016-01-31',1),(172,1,88,'2016-01-01','2016-01-31',1),(173,1,89,'2016-01-01','2016-01-31',1),(174,1,90,'2016-01-01','2016-01-31',1),(175,1,91,'2016-01-01','2016-01-31',1),(176,1,92,'2016-01-01','2016-01-31',1),(177,1,93,'2016-01-01','2016-01-31',1),(178,1,94,'2016-01-01','2016-01-31',1),(179,1,96,'2016-01-01','2016-01-31',1),(180,1,98,'2016-01-01','2016-01-31',1),(181,1,101,'2016-01-01','2016-01-31',1),(182,1,102,'2016-01-01','2016-01-31',1),(183,1,103,'2016-01-01','2016-01-31',1),(184,1,104,'2016-01-01','2016-01-31',1),(185,1,105,'2016-01-01','2016-01-31',1),(186,1,106,'2016-01-01','2016-01-31',1),(187,1,108,'2016-01-01','2016-01-31',1),(188,1,109,'2016-01-01','2016-01-31',1),(189,1,110,'2016-01-01','2016-01-31',1),(190,1,111,'2016-01-01','2016-01-31',1),(191,1,112,'2016-01-01','2016-01-31',1),(192,1,113,'2016-01-01','2016-01-31',1),(193,1,114,'2016-01-01','2016-01-31',1),(194,1,115,'2016-01-01','2016-01-31',1),(195,1,116,'2016-01-01','2016-01-31',1),(196,1,117,'2016-01-01','2016-01-31',1),(197,1,118,'2016-01-01','2016-01-31',1),(198,1,119,'2016-01-01','2016-01-31',1),(199,1,123,'2016-01-01','2016-01-31',1),(200,1,124,'2016-01-01','2016-01-31',1),(201,1,125,'2016-01-01','2016-01-31',1),(202,1,126,'2016-01-01','2016-01-31',1),(203,1,127,'2016-01-01','2016-01-31',1),(204,1,129,'2016-01-01','2016-01-31',1),(205,1,130,'2016-01-01','2016-01-31',1),(206,1,131,'2016-01-01','2016-01-31',1),(207,1,134,'2016-01-01','2016-01-31',1),(208,1,136,'2016-01-01','2016-01-31',1),(209,1,137,'2016-01-01','2016-01-31',1),(210,1,139,'2016-01-01','2016-01-31',1),(211,1,141,'2016-01-01','2016-01-31',1),(212,1,142,'2016-01-01','2016-01-31',1),(213,1,143,'2016-01-01','2016-01-31',1),(214,1,145,'2016-01-01','2016-01-31',1),(215,1,146,'2016-01-01','2016-01-31',1),(216,1,148,'2016-01-01','2016-01-31',1),(217,1,149,'2016-01-01','2016-01-31',1),(218,1,150,'2016-01-01','2016-01-31',1),(219,1,151,'2016-01-01','2016-01-31',1),(220,1,152,'2016-01-01','2016-01-31',1),(221,1,153,'2016-01-01','2016-01-31',1),(222,1,154,'2016-01-01','2016-01-31',1),(223,1,156,'2016-01-01','2016-01-31',1),(224,1,157,'2016-01-01','2016-01-31',1),(225,1,159,'2016-01-01','2016-01-31',1),(226,1,160,'2016-01-01','2016-01-31',1),(227,1,161,'2016-01-01','2016-01-31',1),(228,1,162,'2016-01-01','2016-01-31',1),(229,1,163,'2016-01-01','2016-01-31',1),(230,1,164,'2016-01-01','2016-01-31',1),(231,1,167,'2016-01-01','2016-01-31',1),(232,1,168,'2016-01-01','2016-01-31',1),(233,1,171,'2016-01-01','2016-01-31',1),(234,1,172,'2016-01-01','2016-01-31',1),(235,1,173,'2016-01-01','2016-01-31',1),(236,1,177,'2016-01-01','2016-01-31',1),(237,1,179,'2016-01-01','2016-01-31',1),(238,1,180,'2016-01-01','2016-01-31',1),(239,1,182,'2016-01-01','2016-01-31',1),(240,1,184,'2016-01-01','2016-01-31',1),(241,1,188,'2016-01-01','2016-01-31',1),(242,1,190,'2016-01-01','2016-01-31',1),(243,1,195,'2016-01-01','2016-01-31',1),(244,1,196,'2016-01-01','2016-01-31',1),(245,1,197,'2016-01-01','2016-01-31',1),(246,2,19,'2016-01-01','2016-01-31',1),(247,2,20,'2016-01-01','2016-01-31',1),(248,2,64,'2016-01-01','2016-01-31',1),(249,2,65,'2016-01-01','2016-01-31',1),(250,2,66,'2016-01-01','2016-01-31',1),(251,2,67,'2016-01-01','2016-01-31',1),(252,2,68,'2016-01-01','2016-01-31',1),(253,2,69,'2016-01-01','2016-01-31',1),(254,2,70,'2016-01-01','2016-01-31',1),(255,2,71,'2016-01-01','2016-01-31',1),(256,2,72,'2016-01-01','2016-01-31',1),(257,2,73,'2016-01-01','2016-01-31',1),(258,2,95,'2016-01-01','2016-01-31',1),(259,2,99,'2016-01-01','2016-01-31',1),(260,2,107,'2016-01-01','2016-01-31',1),(261,2,138,'2016-01-01','2016-01-31',1),(262,2,140,'2016-01-01','2016-01-31',1),(263,2,144,'2016-01-01','2016-01-31',1),(264,2,169,'2016-01-01','2016-01-31',1),(265,2,181,'2016-01-01','2016-01-31',1),(266,2,84,'2016-01-01','2016-01-31',1),(267,2,133,'2016-01-01','2016-01-31',1),(268,2,135,'2016-01-01','2016-01-31',1),(269,2,158,'2016-01-01','2016-01-31',1),(270,2,194,'2016-01-01','2016-01-31',1),(271,2,84,'2016-02-01','2016-02-29',1),(272,2,133,'2016-02-01','2016-02-29',1),(273,2,135,'2016-02-01','2016-02-29',1),(274,2,158,'2016-02-01','2016-02-29',1),(275,2,194,'2016-02-01','2016-02-29',1),(276,1,19,'2016-02-01','2016-02-29',1),(277,1,20,'2016-02-01','2016-02-29',1),(278,1,64,'2016-02-01','2016-02-29',1),(279,1,65,'2016-02-01','2016-02-29',1),(280,1,66,'2016-02-01','2016-02-29',1),(281,1,67,'2016-02-01','2016-02-29',1),(282,1,68,'2016-02-01','2016-02-29',1),(283,1,69,'2016-02-01','2016-02-29',1),(284,1,70,'2016-02-01','2016-02-29',1),(285,1,71,'2016-02-01','2016-02-29',1),(286,1,72,'2016-02-01','2016-02-29',1),(287,1,73,'2016-02-01','2016-02-29',1),(288,1,95,'2016-02-01','2016-02-29',1),(289,1,99,'2016-02-01','2016-02-29',1),(290,1,107,'2016-02-01','2016-02-29',1),(291,1,138,'2016-02-01','2016-02-29',1),(292,1,140,'2016-02-01','2016-02-29',1),(293,1,144,'2016-02-01','2016-02-29',1),(294,1,169,'2016-02-01','2016-02-29',1),(295,1,181,'2016-02-01','2016-02-29',1),(296,1,1,'2016-02-01','2016-02-29',1),(297,1,3,'2016-02-01','2016-02-29',1),(298,1,5,'2016-02-01','2016-02-29',1),(299,1,6,'2016-02-01','2016-02-29',1),(300,1,7,'2016-02-01','2016-02-29',1),(301,1,12,'2016-02-01','2016-02-29',1),(302,1,13,'2016-02-01','2016-02-29',1),(303,1,18,'2016-02-01','2016-02-29',1),(304,1,21,'2016-02-01','2016-02-29',1),(305,1,22,'2016-02-01','2016-02-29',1),(306,1,25,'2016-02-01','2016-02-29',1),(307,1,43,'2016-02-01','2016-02-29',1),(308,1,50,'2016-02-01','2016-02-29',1),(309,1,51,'2016-02-01','2016-02-29',1),(310,1,52,'2016-02-01','2016-02-29',1),(311,1,54,'2016-02-01','2016-02-29',1),(312,1,55,'2016-02-01','2016-02-29',1),(313,1,56,'2016-02-01','2016-02-29',1),(314,1,57,'2016-02-01','2016-02-29',1),(315,1,58,'2016-02-01','2016-02-29',1),(316,1,59,'2016-02-01','2016-02-29',1),(317,1,60,'2016-02-01','2016-02-29',1),(318,1,63,'2016-02-01','2016-02-29',1),(319,1,74,'2016-02-01','2016-02-29',1),(320,1,75,'2016-02-01','2016-02-29',1),(321,1,76,'2016-02-01','2016-02-29',1),(322,1,78,'2016-02-01','2016-02-29',1),(323,1,79,'2016-02-01','2016-02-29',1),(324,1,81,'2016-02-01','2016-02-29',1),(325,1,82,'2016-02-01','2016-02-29',1),(326,1,83,'2016-02-01','2016-02-29',1),(327,1,85,'2016-02-01','2016-02-29',1),(328,1,86,'2016-02-01','2016-02-29',1),(329,1,87,'2016-02-01','2016-02-29',1),(330,1,88,'2016-02-01','2016-02-29',1),(331,1,89,'2016-02-01','2016-02-29',1),(332,1,90,'2016-02-01','2016-02-29',1),(333,1,91,'2016-02-01','2016-02-29',1),(334,1,92,'2016-02-01','2016-02-29',1),(335,1,93,'2016-02-01','2016-02-29',1),(336,1,94,'2016-02-01','2016-02-29',1),(337,1,96,'2016-02-01','2016-02-29',1),(338,1,98,'2016-02-01','2016-02-29',1),(339,1,101,'2016-02-01','2016-02-29',1),(340,1,102,'2016-02-01','2016-02-29',1),(341,1,103,'2016-02-01','2016-02-29',1),(342,1,104,'2016-02-01','2016-02-29',1),(343,1,105,'2016-02-01','2016-02-29',1),(344,1,106,'2016-02-01','2016-02-29',1),(345,1,108,'2016-02-01','2016-02-29',1),(346,1,109,'2016-02-01','2016-02-29',1),(347,1,110,'2016-02-01','2016-02-29',1),(348,1,111,'2016-02-01','2016-02-29',1),(349,1,112,'2016-02-01','2016-02-29',1),(350,1,113,'2016-02-01','2016-02-29',1),(351,1,114,'2016-02-01','2016-02-29',1),(352,1,115,'2016-02-01','2016-02-29',1),(353,1,116,'2016-02-01','2016-02-29',1),(354,1,117,'2016-02-01','2016-02-29',1),(355,1,118,'2016-02-01','2016-02-29',1),(356,1,119,'2016-02-01','2016-02-29',1),(357,1,123,'2016-02-01','2016-02-29',1),(358,1,124,'2016-02-01','2016-02-29',1),(359,1,125,'2016-02-01','2016-02-29',1),(360,1,126,'2016-02-01','2016-02-29',1),(361,1,127,'2016-02-01','2016-02-29',1),(362,1,129,'2016-02-01','2016-02-29',1),(363,1,130,'2016-02-01','2016-02-29',1),(364,1,131,'2016-02-01','2016-02-29',1),(365,1,134,'2016-02-01','2016-02-29',1),(366,1,136,'2016-02-01','2016-02-29',1),(367,1,137,'2016-02-01','2016-02-29',1),(368,1,139,'2016-02-01','2016-02-29',1),(369,1,141,'2016-02-01','2016-02-29',1),(370,1,142,'2016-02-01','2016-02-29',1),(371,1,143,'2016-02-01','2016-02-29',1),(372,1,145,'2016-02-01','2016-02-29',1),(373,1,146,'2016-02-01','2016-02-29',1),(374,1,148,'2016-02-01','2016-02-29',1),(375,1,149,'2016-02-01','2016-02-29',1),(376,1,150,'2016-02-01','2016-02-29',1),(377,1,151,'2016-02-01','2016-02-29',1),(378,1,152,'2016-02-01','2016-02-29',1),(379,1,153,'2016-02-01','2016-02-29',1),(380,1,154,'2016-02-01','2016-02-29',1),(381,1,156,'2016-02-01','2016-02-29',1),(382,1,157,'2016-02-01','2016-02-29',1),(383,1,159,'2016-02-01','2016-02-29',1),(384,1,160,'2016-02-01','2016-02-29',1),(385,1,161,'2016-02-01','2016-02-29',1),(386,1,162,'2016-02-01','2016-02-29',1),(387,1,163,'2016-02-01','2016-02-29',1),(388,1,164,'2016-02-01','2016-02-29',1),(389,1,167,'2016-02-01','2016-02-29',1),(390,1,168,'2016-02-01','2016-02-29',1),(391,1,171,'2016-02-01','2016-02-29',1),(392,1,172,'2016-02-01','2016-02-29',1),(393,1,173,'2016-02-01','2016-02-29',1),(394,1,177,'2016-02-01','2016-02-29',1),(395,1,179,'2016-02-01','2016-02-29',1),(396,1,180,'2016-02-01','2016-02-29',1),(397,1,182,'2016-02-01','2016-02-29',1),(398,1,184,'2016-02-01','2016-02-29',1),(399,1,188,'2016-02-01','2016-02-29',1),(400,1,190,'2016-02-01','2016-02-29',1),(401,1,195,'2016-02-01','2016-02-29',1),(402,1,196,'2016-02-01','2016-02-29',1),(403,1,197,'2016-02-01','2016-02-29',1),(404,2,84,'2016-03-01','2016-03-31',1),(405,2,133,'2016-03-01','2016-03-31',1),(406,2,135,'2016-03-01','2016-03-31',1),(407,2,158,'2016-03-01','2016-03-31',1),(408,2,194,'2016-03-01','2016-03-31',1),(409,1,19,'2016-03-01','2016-03-31',1),(410,1,20,'2016-03-01','2016-03-31',1),(411,1,64,'2016-03-01','2016-03-31',1),(412,1,65,'2016-03-01','2016-03-31',1),(413,1,66,'2016-03-01','2016-03-31',1),(414,1,67,'2016-03-01','2016-03-31',1),(415,1,68,'2016-03-01','2016-03-31',1),(416,1,69,'2016-03-01','2016-03-31',1),(417,1,70,'2016-03-01','2016-03-31',1),(418,1,71,'2016-03-01','2016-03-31',1),(419,1,72,'2016-03-01','2016-03-31',1),(420,1,73,'2016-03-01','2016-03-31',1),(421,1,95,'2016-03-01','2016-03-31',1),(422,1,99,'2016-03-01','2016-03-31',1),(423,1,107,'2016-03-01','2016-03-31',1),(424,1,138,'2016-03-01','2016-03-31',1),(425,1,140,'2016-03-01','2016-03-31',1),(426,1,144,'2016-03-01','2016-03-31',1),(427,1,169,'2016-03-01','2016-03-31',1),(428,1,181,'2016-03-01','2016-03-31',1),(429,1,1,'2016-03-01','2016-03-31',1),(430,1,3,'2016-03-01','2016-03-31',1),(431,1,5,'2016-03-01','2016-03-31',1),(432,1,6,'2016-03-01','2016-03-31',1),(433,1,7,'2016-03-01','2016-03-31',1),(434,1,12,'2016-03-01','2016-03-31',1),(435,1,13,'2016-03-01','2016-03-31',1),(436,1,18,'2016-03-01','2016-03-31',1),(437,1,21,'2016-03-01','2016-03-31',1),(438,1,22,'2016-03-01','2016-03-31',1),(439,1,25,'2016-03-01','2016-03-31',1),(440,1,43,'2016-03-01','2016-03-31',1),(441,1,50,'2016-03-01','2016-03-31',1),(442,1,51,'2016-03-01','2016-03-31',1),(443,1,52,'2016-03-01','2016-03-31',1),(444,1,54,'2016-03-01','2016-03-31',1),(445,1,55,'2016-03-01','2016-03-31',1),(446,1,56,'2016-03-01','2016-03-31',1),(447,1,57,'2016-03-01','2016-03-31',1),(448,1,58,'2016-03-01','2016-03-31',1),(449,1,59,'2016-03-01','2016-03-31',1),(450,1,60,'2016-03-01','2016-03-31',1),(451,1,63,'2016-03-01','2016-03-31',1),(452,1,74,'2016-03-01','2016-03-31',1),(453,1,75,'2016-03-01','2016-03-31',1),(454,1,76,'2016-03-01','2016-03-31',1),(455,1,78,'2016-03-01','2016-03-31',1),(456,1,79,'2016-03-01','2016-03-31',1),(457,1,81,'2016-03-01','2016-03-31',1),(458,1,82,'2016-03-01','2016-03-31',1),(459,1,83,'2016-03-01','2016-03-31',1),(460,1,85,'2016-03-01','2016-03-31',1),(461,1,86,'2016-03-01','2016-03-31',1),(462,1,87,'2016-03-01','2016-03-31',1),(463,1,88,'2016-03-01','2016-03-31',1),(464,1,89,'2016-03-01','2016-03-31',1),(465,1,90,'2016-03-01','2016-03-31',1),(466,1,91,'2016-03-01','2016-03-31',1),(467,1,92,'2016-03-01','2016-03-31',1),(468,1,93,'2016-03-01','2016-03-31',1),(469,1,94,'2016-03-01','2016-03-31',1),(470,1,96,'2016-03-01','2016-03-31',1),(471,1,98,'2016-03-01','2016-03-31',1),(472,1,101,'2016-03-01','2016-03-31',1),(473,1,102,'2016-03-01','2016-03-31',1),(474,1,103,'2016-03-01','2016-03-31',1),(475,1,104,'2016-03-01','2016-03-31',1),(476,1,105,'2016-03-01','2016-03-31',1),(477,1,106,'2016-03-01','2016-03-31',1),(478,1,108,'2016-03-01','2016-03-31',1),(479,1,109,'2016-03-01','2016-03-31',1),(480,1,110,'2016-03-01','2016-03-31',1),(481,1,111,'2016-03-01','2016-03-31',1),(482,1,112,'2016-03-01','2016-03-31',1),(483,1,113,'2016-03-01','2016-03-31',1),(484,1,114,'2016-03-01','2016-03-31',1),(485,1,115,'2016-03-01','2016-03-31',1),(486,1,116,'2016-03-01','2016-03-31',1),(487,1,117,'2016-03-01','2016-03-31',1),(488,1,118,'2016-03-01','2016-03-31',1),(489,1,119,'2016-03-01','2016-03-31',1),(490,1,123,'2016-03-01','2016-03-31',1),(491,1,124,'2016-03-01','2016-03-31',1),(492,1,125,'2016-03-01','2016-03-31',1),(493,1,126,'2016-03-01','2016-03-31',1),(494,1,127,'2016-03-01','2016-03-31',1),(495,1,129,'2016-03-01','2016-03-31',1),(496,1,130,'2016-03-01','2016-03-31',1),(497,1,131,'2016-03-01','2016-03-31',1),(498,1,134,'2016-03-01','2016-03-31',1),(499,1,136,'2016-03-01','2016-03-31',1),(500,1,137,'2016-03-01','2016-03-31',1),(501,1,139,'2016-03-01','2016-03-31',1),(502,1,141,'2016-03-01','2016-03-31',1),(503,1,142,'2016-03-01','2016-03-31',1),(504,1,143,'2016-03-01','2016-03-31',1),(505,1,145,'2016-03-01','2016-03-31',1),(506,1,146,'2016-03-01','2016-03-31',1),(507,1,148,'2016-03-01','2016-03-31',1),(508,1,149,'2016-03-01','2016-03-31',1),(509,1,150,'2016-03-01','2016-03-31',1),(510,1,151,'2016-03-01','2016-03-31',1),(511,1,152,'2016-03-01','2016-03-31',1),(512,1,153,'2016-03-01','2016-03-31',1),(513,1,154,'2016-03-01','2016-03-31',1),(514,1,156,'2016-03-01','2016-03-31',1),(515,1,157,'2016-03-01','2016-03-31',1),(516,1,159,'2016-03-01','2016-03-31',1),(517,1,160,'2016-03-01','2016-03-31',1),(518,1,161,'2016-03-01','2016-03-31',1),(519,1,162,'2016-03-01','2016-03-31',1),(520,1,163,'2016-03-01','2016-03-31',1),(521,1,164,'2016-03-01','2016-03-31',1),(522,1,167,'2016-03-01','2016-03-31',1),(523,1,168,'2016-03-01','2016-03-31',1),(524,1,171,'2016-03-01','2016-03-31',1),(525,1,172,'2016-03-01','2016-03-31',1),(526,1,173,'2016-03-01','2016-03-31',1),(527,1,177,'2016-03-01','2016-03-31',1),(528,1,179,'2016-03-01','2016-03-31',1),(529,1,180,'2016-03-01','2016-03-31',1),(530,1,182,'2016-03-01','2016-03-31',1),(531,1,184,'2016-03-01','2016-03-31',1),(532,1,188,'2016-03-01','2016-03-31',1),(533,1,190,'2016-03-01','2016-03-31',1),(534,1,195,'2016-03-01','2016-03-31',1),(535,1,196,'2016-03-01','2016-03-31',1),(536,1,197,'2016-03-01','2016-03-31',1),(537,2,84,'2016-04-01','2016-04-30',1),(538,2,133,'2016-04-01','2016-04-30',1),(539,2,135,'2016-04-01','2016-04-30',1),(540,2,158,'2016-04-01','2016-04-30',1),(541,2,194,'2016-04-01','2016-04-30',1),(542,1,19,'2016-04-01','2016-04-30',1),(543,1,20,'2016-04-01','2016-04-30',1),(544,1,64,'2016-04-01','2016-04-30',1),(545,1,65,'2016-04-01','2016-04-30',1),(546,1,66,'2016-04-01','2016-04-30',1),(547,1,67,'2016-04-01','2016-04-30',1),(548,1,68,'2016-04-01','2016-04-30',1),(549,1,69,'2016-04-01','2016-04-30',1),(550,1,70,'2016-04-01','2016-04-30',1),(551,1,71,'2016-04-01','2016-04-30',1),(552,1,72,'2016-04-01','2016-04-30',1),(553,1,73,'2016-04-01','2016-04-30',1),(554,1,95,'2016-04-01','2016-04-30',1),(555,1,99,'2016-04-01','2016-04-30',1),(556,1,107,'2016-04-01','2016-04-30',1),(557,1,138,'2016-04-01','2016-04-30',1),(558,1,140,'2016-04-01','2016-04-30',1),(559,1,144,'2016-04-01','2016-04-30',1),(560,1,169,'2016-04-01','2016-04-30',1),(561,1,181,'2016-04-01','2016-04-30',1),(562,1,1,'2016-04-01','2016-04-30',1),(563,1,3,'2016-04-01','2016-04-30',1),(564,1,5,'2016-04-01','2016-04-30',1),(565,1,6,'2016-04-01','2016-04-30',1),(566,1,7,'2016-04-01','2016-04-30',1),(567,1,12,'2016-04-01','2016-04-30',1),(568,1,13,'2016-04-01','2016-04-30',1),(569,1,18,'2016-04-01','2016-04-30',1),(570,1,21,'2016-04-01','2016-04-30',1),(571,1,22,'2016-04-01','2016-04-30',1),(572,1,25,'2016-04-01','2016-04-30',1),(573,1,43,'2016-04-01','2016-04-30',1),(574,1,50,'2016-04-01','2016-04-30',1),(575,1,51,'2016-04-01','2016-04-30',1),(576,1,52,'2016-04-01','2016-04-30',1),(577,1,54,'2016-04-01','2016-04-30',1),(578,1,55,'2016-04-01','2016-04-30',1),(579,1,56,'2016-04-01','2016-04-30',1),(580,1,57,'2016-04-01','2016-04-30',1),(581,1,58,'2016-04-01','2016-04-30',1),(582,1,59,'2016-04-01','2016-04-30',1),(583,1,60,'2016-04-01','2016-04-30',1),(584,1,63,'2016-04-01','2016-04-30',1),(585,1,74,'2016-04-01','2016-04-30',1),(586,1,75,'2016-04-01','2016-04-30',1),(587,1,76,'2016-04-01','2016-04-30',1),(588,1,78,'2016-04-01','2016-04-30',1),(589,1,79,'2016-04-01','2016-04-30',1),(590,1,81,'2016-04-01','2016-04-30',1),(591,1,82,'2016-04-01','2016-04-30',1),(592,1,83,'2016-04-01','2016-04-30',1),(593,1,85,'2016-04-01','2016-04-30',1),(594,1,86,'2016-04-01','2016-04-30',1),(595,1,87,'2016-04-01','2016-04-30',1),(596,1,88,'2016-04-01','2016-04-30',1),(597,1,89,'2016-04-01','2016-04-30',1),(598,1,90,'2016-04-01','2016-04-30',1),(599,1,91,'2016-04-01','2016-04-30',1),(600,1,92,'2016-04-01','2016-04-30',1),(601,1,93,'2016-04-01','2016-04-30',1),(602,1,94,'2016-04-01','2016-04-30',1),(603,1,96,'2016-04-01','2016-04-30',1),(604,1,98,'2016-04-01','2016-04-30',1),(605,1,101,'2016-04-01','2016-04-30',1),(606,1,102,'2016-04-01','2016-04-30',1),(607,1,103,'2016-04-01','2016-04-30',1),(608,1,104,'2016-04-01','2016-04-30',1),(609,1,105,'2016-04-01','2016-04-30',1),(610,1,106,'2016-04-01','2016-04-30',1),(611,1,108,'2016-04-01','2016-04-30',1),(612,1,109,'2016-04-01','2016-04-30',1),(613,1,110,'2016-04-01','2016-04-30',1),(614,1,111,'2016-04-01','2016-04-30',1),(615,1,112,'2016-04-01','2016-04-30',1),(616,1,113,'2016-04-01','2016-04-30',1),(617,1,114,'2016-04-01','2016-04-30',1),(618,1,115,'2016-04-01','2016-04-30',1),(619,1,116,'2016-04-01','2016-04-30',1),(620,1,117,'2016-04-01','2016-04-30',1),(621,1,118,'2016-04-01','2016-04-30',1),(622,1,119,'2016-04-01','2016-04-30',1),(623,1,123,'2016-04-01','2016-04-30',1),(624,1,124,'2016-04-01','2016-04-30',1),(625,1,125,'2016-04-01','2016-04-30',1),(626,1,126,'2016-04-01','2016-04-30',1),(627,1,127,'2016-04-01','2016-04-30',1),(628,1,129,'2016-04-01','2016-04-30',1),(629,1,130,'2016-04-01','2016-04-30',1),(630,1,131,'2016-04-01','2016-04-30',1),(631,1,134,'2016-04-01','2016-04-30',1),(632,1,136,'2016-04-01','2016-04-30',1),(633,1,137,'2016-04-01','2016-04-30',1),(634,1,139,'2016-04-01','2016-04-30',1),(635,1,141,'2016-04-01','2016-04-30',1),(636,1,142,'2016-04-01','2016-04-30',1),(637,1,143,'2016-04-01','2016-04-30',1),(638,1,145,'2016-04-01','2016-04-30',1),(639,1,146,'2016-04-01','2016-04-30',1),(640,1,148,'2016-04-01','2016-04-30',1),(641,1,149,'2016-04-01','2016-04-30',1),(642,1,150,'2016-04-01','2016-04-30',1),(643,1,151,'2016-04-01','2016-04-30',1),(644,1,152,'2016-04-01','2016-04-30',1),(645,1,153,'2016-04-01','2016-04-30',1),(646,1,154,'2016-04-01','2016-04-30',1),(647,1,156,'2016-04-01','2016-04-30',1),(648,1,157,'2016-04-01','2016-04-30',1),(649,1,159,'2016-04-01','2016-04-30',1),(650,1,160,'2016-04-01','2016-04-30',1),(651,1,161,'2016-04-01','2016-04-30',1),(652,1,162,'2016-04-01','2016-04-30',1),(653,1,163,'2016-04-01','2016-04-30',1),(654,1,164,'2016-04-01','2016-04-30',1),(655,1,167,'2016-04-01','2016-04-30',1),(656,1,168,'2016-04-01','2016-04-30',1),(657,1,171,'2016-04-01','2016-04-30',1),(658,1,172,'2016-04-01','2016-04-30',1),(659,1,173,'2016-04-01','2016-04-30',1),(660,1,177,'2016-04-01','2016-04-30',1),(661,1,179,'2016-04-01','2016-04-30',1),(662,1,180,'2016-04-01','2016-04-30',1),(663,1,182,'2016-04-01','2016-04-30',1),(664,1,184,'2016-04-01','2016-04-30',1),(665,1,188,'2016-04-01','2016-04-30',1),(666,1,190,'2016-04-01','2016-04-30',1),(667,1,195,'2016-04-01','2016-04-30',1),(668,1,196,'2016-04-01','2016-04-30',1),(669,1,197,'2016-04-01','2016-04-30',1),(670,1,1,'2016-05-01','2016-05-31',1),(671,1,3,'2016-05-01','2016-05-31',1),(672,1,5,'2016-05-01','2016-05-31',1),(673,1,6,'2016-05-01','2016-05-31',1),(674,1,7,'2016-05-01','2016-05-31',1),(675,1,12,'2016-05-01','2016-05-31',1),(676,1,13,'2016-05-01','2016-05-31',1),(677,1,18,'2016-05-01','2016-05-31',1),(678,1,21,'2016-05-01','2016-05-31',1),(679,1,22,'2016-05-01','2016-05-31',1),(680,1,25,'2016-05-01','2016-05-31',1),(681,1,43,'2016-05-01','2016-05-31',1),(682,1,50,'2016-05-01','2016-05-31',1),(683,1,51,'2016-05-01','2016-05-31',1),(684,1,52,'2016-05-01','2016-05-31',1),(685,1,54,'2016-05-01','2016-05-31',1),(686,1,55,'2016-05-01','2016-05-31',1),(687,1,56,'2016-05-01','2016-05-31',1),(688,1,57,'2016-05-01','2016-05-31',1),(689,1,58,'2016-05-01','2016-05-31',1),(690,1,59,'2016-05-01','2016-05-31',1),(691,1,60,'2016-05-01','2016-05-31',1),(692,1,63,'2016-05-01','2016-05-31',1),(693,1,74,'2016-05-01','2016-05-31',1),(694,1,75,'2016-05-01','2016-05-31',1),(695,1,76,'2016-05-01','2016-05-31',1),(696,1,78,'2016-05-01','2016-05-31',1),(697,1,79,'2016-05-01','2016-05-31',1),(698,1,81,'2016-05-01','2016-05-31',1),(699,1,82,'2016-05-01','2016-05-31',1),(700,1,83,'2016-05-01','2016-05-31',1),(701,1,85,'2016-05-01','2016-05-31',1),(702,1,86,'2016-05-01','2016-05-31',1),(703,1,87,'2016-05-01','2016-05-31',1),(704,1,88,'2016-05-01','2016-05-31',1),(705,1,89,'2016-05-01','2016-05-31',1),(706,1,90,'2016-05-01','2016-05-31',1),(707,1,91,'2016-05-01','2016-05-31',1),(708,1,92,'2016-05-01','2016-05-31',1),(709,1,93,'2016-05-01','2016-05-31',1),(710,1,94,'2016-05-01','2016-05-31',1),(711,1,96,'2016-05-01','2016-05-31',1),(712,1,98,'2016-05-01','2016-05-31',1),(713,1,101,'2016-05-01','2016-05-31',1),(714,1,102,'2016-05-01','2016-05-31',1),(715,1,103,'2016-05-01','2016-05-31',1),(716,1,104,'2016-05-01','2016-05-31',1),(717,1,105,'2016-05-01','2016-05-31',1),(718,1,106,'2016-05-01','2016-05-31',1),(719,1,108,'2016-05-01','2016-05-31',1),(720,1,109,'2016-05-01','2016-05-31',1),(721,1,110,'2016-05-01','2016-05-31',1),(722,1,111,'2016-05-01','2016-05-31',1),(723,1,112,'2016-05-01','2016-05-31',1),(724,1,113,'2016-05-01','2016-05-31',1),(725,1,114,'2016-05-01','2016-05-31',1),(726,1,115,'2016-05-01','2016-05-31',1),(727,1,116,'2016-05-01','2016-05-31',1),(728,1,117,'2016-05-01','2016-05-31',1),(729,1,118,'2016-05-01','2016-05-31',1),(730,1,119,'2016-05-01','2016-05-31',1),(731,1,123,'2016-05-01','2016-05-31',1),(732,1,124,'2016-05-01','2016-05-31',1),(733,1,125,'2016-05-01','2016-05-31',1),(734,1,126,'2016-05-01','2016-05-31',1),(735,1,127,'2016-05-01','2016-05-31',1),(736,1,129,'2016-05-01','2016-05-31',1),(737,1,130,'2016-05-01','2016-05-31',1),(738,1,131,'2016-05-01','2016-05-31',1),(739,1,134,'2016-05-01','2016-05-31',1),(740,1,136,'2016-05-01','2016-05-31',1),(741,1,137,'2016-05-01','2016-05-31',1),(742,1,139,'2016-05-01','2016-05-31',1),(743,1,141,'2016-05-01','2016-05-31',1),(744,1,142,'2016-05-01','2016-05-31',1),(745,1,143,'2016-05-01','2016-05-31',1),(746,1,145,'2016-05-01','2016-05-31',1),(747,1,146,'2016-05-01','2016-05-31',1),(748,1,148,'2016-05-01','2016-05-31',1),(749,1,149,'2016-05-01','2016-05-31',1),(750,1,150,'2016-05-01','2016-05-31',1),(751,1,151,'2016-05-01','2016-05-31',1),(752,1,152,'2016-05-01','2016-05-31',1),(753,1,153,'2016-05-01','2016-05-31',1),(754,1,154,'2016-05-01','2016-05-31',1),(755,1,156,'2016-05-01','2016-05-31',1),(756,1,157,'2016-05-01','2016-05-31',1),(757,1,159,'2016-05-01','2016-05-31',1),(758,1,160,'2016-05-01','2016-05-31',1),(759,1,161,'2016-05-01','2016-05-31',1),(760,1,162,'2016-05-01','2016-05-31',1),(761,1,163,'2016-05-01','2016-05-31',1),(762,1,164,'2016-05-01','2016-05-31',1),(763,1,167,'2016-05-01','2016-05-31',1),(764,1,168,'2016-05-01','2016-05-31',1),(765,1,171,'2016-05-01','2016-05-31',1),(766,1,172,'2016-05-01','2016-05-31',1),(767,1,173,'2016-05-01','2016-05-31',1),(768,1,177,'2016-05-01','2016-05-31',1),(769,1,179,'2016-05-01','2016-05-31',1),(770,1,180,'2016-05-01','2016-05-31',1),(771,1,182,'2016-05-01','2016-05-31',1),(772,1,184,'2016-05-01','2016-05-31',1),(773,1,188,'2016-05-01','2016-05-31',1),(774,1,190,'2016-05-01','2016-05-31',1),(775,1,195,'2016-05-01','2016-05-31',1),(776,1,196,'2016-05-01','2016-05-31',1),(777,1,197,'2016-05-01','2016-05-31',1),(778,2,19,'2016-05-01','2016-05-31',1),(779,2,20,'2016-05-01','2016-05-31',1),(780,2,64,'2016-05-01','2016-05-31',1),(781,2,65,'2016-05-01','2016-05-31',1),(782,2,66,'2016-05-01','2016-05-31',1),(783,2,67,'2016-05-01','2016-05-31',1),(784,2,68,'2016-05-01','2016-05-31',1),(785,2,69,'2016-05-01','2016-05-31',1),(786,2,70,'2016-05-01','2016-05-31',1),(787,2,71,'2016-05-01','2016-05-31',1),(788,2,72,'2016-05-01','2016-05-31',1),(789,2,73,'2016-05-01','2016-05-31',1),(790,2,95,'2016-05-01','2016-05-31',1),(791,2,99,'2016-05-01','2016-05-31',1),(792,2,107,'2016-05-01','2016-05-31',1),(793,2,138,'2016-05-01','2016-05-31',1),(794,2,140,'2016-05-01','2016-05-31',1),(795,2,144,'2016-05-01','2016-05-31',1),(796,2,169,'2016-05-01','2016-05-31',1),(797,2,181,'2016-05-01','2016-05-31',1),(798,3,84,'2016-05-01','2016-05-31',1),(799,3,133,'2016-05-01','2016-05-31',1),(800,3,135,'2016-05-01','2016-05-31',1),(801,3,158,'2016-05-01','2016-05-31',1),(802,3,194,'2016-05-01','2016-05-31',1),(803,2,84,'2016-06-01','2016-06-30',1),(804,2,133,'2016-06-01','2016-06-30',1),(805,2,135,'2016-06-01','2016-06-30',1),(806,2,158,'2016-06-01','2016-06-30',1),(807,2,194,'2016-06-01','2016-06-30',1),(808,1,19,'2016-06-01','2016-06-30',1),(809,1,20,'2016-06-01','2016-06-30',1),(810,1,64,'2016-06-01','2016-06-30',1),(811,1,65,'2016-06-01','2016-06-30',1),(812,1,66,'2016-06-01','2016-06-30',1),(813,1,67,'2016-06-01','2016-06-30',1),(814,1,68,'2016-06-01','2016-06-30',1),(815,1,69,'2016-06-01','2016-06-30',1),(816,1,70,'2016-06-01','2016-06-30',1),(817,1,71,'2016-06-01','2016-06-30',1),(818,1,72,'2016-06-01','2016-06-30',1),(819,1,73,'2016-06-01','2016-06-30',1),(820,1,95,'2016-06-01','2016-06-30',1),(821,1,99,'2016-06-01','2016-06-30',1),(822,1,107,'2016-06-01','2016-06-30',1),(823,1,138,'2016-06-01','2016-06-30',1),(824,1,140,'2016-06-01','2016-06-30',1),(825,1,144,'2016-06-01','2016-06-30',1),(826,1,169,'2016-06-01','2016-06-30',1),(827,1,181,'2016-06-01','2016-06-30',1),(828,1,1,'2016-06-01','2016-06-30',1),(829,1,3,'2016-06-01','2016-06-30',1),(830,1,5,'2016-06-01','2016-06-30',1),(831,1,6,'2016-06-01','2016-06-30',1),(832,1,7,'2016-06-01','2016-06-30',1),(833,1,12,'2016-06-01','2016-06-30',1),(834,1,13,'2016-06-01','2016-06-30',1),(835,1,18,'2016-06-01','2016-06-30',1),(836,1,21,'2016-06-01','2016-06-30',1),(837,1,22,'2016-06-01','2016-06-30',1),(838,1,25,'2016-06-01','2016-06-30',1),(839,1,43,'2016-06-01','2016-06-30',1),(840,1,50,'2016-06-01','2016-06-30',1),(841,1,51,'2016-06-01','2016-06-30',1),(842,1,52,'2016-06-01','2016-06-30',1),(843,1,54,'2016-06-01','2016-06-30',1),(844,1,55,'2016-06-01','2016-06-30',1),(845,1,56,'2016-06-01','2016-06-30',1),(846,1,57,'2016-06-01','2016-06-30',1),(847,1,58,'2016-06-01','2016-06-30',1),(848,1,59,'2016-06-01','2016-06-30',1),(849,1,60,'2016-06-01','2016-06-30',1),(850,1,63,'2016-06-01','2016-06-30',1),(851,1,74,'2016-06-01','2016-06-30',1),(852,1,75,'2016-06-01','2016-06-30',1),(853,1,76,'2016-06-01','2016-06-30',1),(854,1,78,'2016-06-01','2016-06-30',1),(855,1,79,'2016-06-01','2016-06-30',1),(856,1,81,'2016-06-01','2016-06-30',1),(857,1,82,'2016-06-01','2016-06-30',1),(858,1,83,'2016-06-01','2016-06-30',1),(859,1,85,'2016-06-01','2016-06-30',1),(860,1,86,'2016-06-01','2016-06-30',1),(861,1,87,'2016-06-01','2016-06-30',1),(862,1,88,'2016-06-01','2016-06-30',1),(863,1,89,'2016-06-01','2016-06-30',1),(864,1,90,'2016-06-01','2016-06-30',1),(865,1,91,'2016-06-01','2016-06-30',1),(866,1,92,'2016-06-01','2016-06-30',1),(867,1,93,'2016-06-01','2016-06-30',1),(868,1,94,'2016-06-01','2016-06-30',1),(869,1,96,'2016-06-01','2016-06-30',1),(870,1,98,'2016-06-01','2016-06-30',1),(871,1,101,'2016-06-01','2016-06-30',1),(872,1,102,'2016-06-01','2016-06-30',1),(873,1,103,'2016-06-01','2016-06-30',1),(874,1,104,'2016-06-01','2016-06-30',1),(875,1,105,'2016-06-01','2016-06-30',1),(876,1,106,'2016-06-01','2016-06-30',1),(877,1,108,'2016-06-01','2016-06-30',1),(878,1,109,'2016-06-01','2016-06-30',1),(879,1,110,'2016-06-01','2016-06-30',1),(880,1,111,'2016-06-01','2016-06-30',1),(881,1,112,'2016-06-01','2016-06-30',1),(882,1,113,'2016-06-01','2016-06-30',1),(883,1,114,'2016-06-01','2016-06-30',1),(884,1,115,'2016-06-01','2016-06-30',1),(885,1,116,'2016-06-01','2016-06-30',1),(886,1,117,'2016-06-01','2016-06-30',1),(887,1,118,'2016-06-01','2016-06-30',1),(888,1,119,'2016-06-01','2016-06-30',1),(889,1,123,'2016-06-01','2016-06-30',1),(890,1,124,'2016-06-01','2016-06-30',1),(891,1,125,'2016-06-01','2016-06-30',1),(892,1,126,'2016-06-01','2016-06-30',1),(893,1,127,'2016-06-01','2016-06-30',1),(894,1,129,'2016-06-01','2016-06-30',1),(895,1,130,'2016-06-01','2016-06-30',1),(896,1,131,'2016-06-01','2016-06-30',1),(897,1,134,'2016-06-01','2016-06-30',1),(898,1,136,'2016-06-01','2016-06-30',1),(899,1,137,'2016-06-01','2016-06-30',1),(900,1,139,'2016-06-01','2016-06-30',1),(901,1,141,'2016-06-01','2016-06-30',1),(902,1,142,'2016-06-01','2016-06-30',1),(903,1,143,'2016-06-01','2016-06-30',1),(904,1,145,'2016-06-01','2016-06-30',1),(905,1,146,'2016-06-01','2016-06-30',1),(906,1,148,'2016-06-01','2016-06-30',1),(907,1,149,'2016-06-01','2016-06-30',1),(908,1,150,'2016-06-01','2016-06-30',1),(909,1,151,'2016-06-01','2016-06-30',1),(910,1,152,'2016-06-01','2016-06-30',1),(911,1,153,'2016-06-01','2016-06-30',1),(912,1,154,'2016-06-01','2016-06-30',1),(913,1,156,'2016-06-01','2016-06-30',1),(914,1,157,'2016-06-01','2016-06-30',1),(915,1,159,'2016-06-01','2016-06-30',1),(916,1,160,'2016-06-01','2016-06-30',1),(917,1,161,'2016-06-01','2016-06-30',1),(918,1,162,'2016-06-01','2016-06-30',1),(919,1,163,'2016-06-01','2016-06-30',1),(920,1,164,'2016-06-01','2016-06-30',1),(921,1,167,'2016-06-01','2016-06-30',1),(922,1,168,'2016-06-01','2016-06-30',1),(923,1,171,'2016-06-01','2016-06-30',1),(924,1,172,'2016-06-01','2016-06-30',1),(925,1,173,'2016-06-01','2016-06-30',1),(926,1,177,'2016-06-01','2016-06-30',1),(927,1,179,'2016-06-01','2016-06-30',1),(928,1,180,'2016-06-01','2016-06-30',1),(929,1,182,'2016-06-01','2016-06-30',1),(930,1,184,'2016-06-01','2016-06-30',1),(931,1,188,'2016-06-01','2016-06-30',1),(932,1,190,'2016-06-01','2016-06-30',1),(933,1,195,'2016-06-01','2016-06-30',1),(934,1,196,'2016-06-01','2016-06-30',1),(935,1,197,'2016-06-01','2016-06-30',1),(936,1,1,'2016-07-01','2016-07-31',1),(937,1,3,'2016-07-01','2016-07-31',1),(938,1,5,'2016-07-01','2016-07-31',1),(939,1,6,'2016-07-01','2016-07-31',1),(940,1,7,'2016-07-01','2016-07-31',1),(941,1,12,'2016-07-01','2016-07-31',1),(942,1,13,'2016-07-01','2016-07-31',1),(943,1,18,'2016-07-01','2016-07-31',1),(944,1,21,'2016-07-01','2016-07-31',1),(945,1,22,'2016-07-01','2016-07-31',1),(946,1,25,'2016-07-01','2016-07-31',1),(947,1,43,'2016-07-01','2016-07-31',1),(948,1,50,'2016-07-01','2016-07-31',1),(949,1,51,'2016-07-01','2016-07-31',1),(950,1,52,'2016-07-01','2016-07-31',1),(951,1,54,'2016-07-01','2016-07-31',1),(952,1,55,'2016-07-01','2016-07-31',1),(953,1,56,'2016-07-01','2016-07-31',1),(954,1,57,'2016-07-01','2016-07-31',1),(955,1,58,'2016-07-01','2016-07-31',1),(956,1,59,'2016-07-01','2016-07-31',1),(957,1,60,'2016-07-01','2016-07-31',1),(958,1,63,'2016-07-01','2016-07-31',1),(959,1,74,'2016-07-01','2016-07-31',1),(960,1,75,'2016-07-01','2016-07-31',1),(961,1,76,'2016-07-01','2016-07-31',1),(962,1,78,'2016-07-01','2016-07-31',1),(963,1,79,'2016-07-01','2016-07-31',1),(964,1,81,'2016-07-01','2016-07-31',1),(965,1,82,'2016-07-01','2016-07-31',1),(966,1,83,'2016-07-01','2016-07-31',1),(967,1,85,'2016-07-01','2016-07-31',1),(968,1,86,'2016-07-01','2016-07-31',1),(969,1,87,'2016-07-01','2016-07-31',1),(970,1,88,'2016-07-01','2016-07-31',1),(971,1,89,'2016-07-01','2016-07-31',1),(972,1,90,'2016-07-01','2016-07-31',1),(973,1,91,'2016-07-01','2016-07-31',1),(974,1,92,'2016-07-01','2016-07-31',1),(975,1,93,'2016-07-01','2016-07-31',1),(976,1,94,'2016-07-01','2016-07-31',1),(977,1,96,'2016-07-01','2016-07-31',1),(978,1,98,'2016-07-01','2016-07-31',1),(979,1,101,'2016-07-01','2016-07-31',1),(980,1,102,'2016-07-01','2016-07-31',1),(981,1,103,'2016-07-01','2016-07-31',1),(982,1,104,'2016-07-01','2016-07-31',1),(983,1,105,'2016-07-01','2016-07-31',1),(984,1,106,'2016-07-01','2016-07-31',1),(985,1,108,'2016-07-01','2016-07-31',1),(986,1,109,'2016-07-01','2016-07-31',1),(987,1,110,'2016-07-01','2016-07-31',1),(988,1,111,'2016-07-01','2016-07-31',1),(989,1,112,'2016-07-01','2016-07-31',1),(990,1,113,'2016-07-01','2016-07-31',1),(991,1,114,'2016-07-01','2016-07-31',1),(992,1,115,'2016-07-01','2016-07-31',1),(993,1,116,'2016-07-01','2016-07-31',1),(994,1,117,'2016-07-01','2016-07-31',1),(995,1,118,'2016-07-01','2016-07-31',1),(996,1,119,'2016-07-01','2016-07-31',1),(997,1,123,'2016-07-01','2016-07-31',1),(998,1,124,'2016-07-01','2016-07-31',1),(999,1,125,'2016-07-01','2016-07-31',1),(1000,1,126,'2016-07-01','2016-07-31',1),(1001,1,127,'2016-07-01','2016-07-31',1),(1002,1,129,'2016-07-01','2016-07-31',1),(1003,1,130,'2016-07-01','2016-07-31',1),(1004,1,131,'2016-07-01','2016-07-31',1),(1005,1,134,'2016-07-01','2016-07-31',1),(1006,1,136,'2016-07-01','2016-07-31',1),(1007,1,137,'2016-07-01','2016-07-31',1),(1008,1,139,'2016-07-01','2016-07-31',1),(1009,1,141,'2016-07-01','2016-07-31',1),(1010,1,142,'2016-07-01','2016-07-31',1),(1011,1,143,'2016-07-01','2016-07-31',1),(1012,1,145,'2016-07-01','2016-07-31',1),(1013,1,146,'2016-07-01','2016-07-31',1),(1014,1,148,'2016-07-01','2016-07-31',1),(1015,1,149,'2016-07-01','2016-07-31',1),(1016,1,150,'2016-07-01','2016-07-31',1),(1017,1,151,'2016-07-01','2016-07-31',1),(1018,1,152,'2016-07-01','2016-07-31',1),(1019,1,153,'2016-07-01','2016-07-31',1),(1020,1,154,'2016-07-01','2016-07-31',1),(1021,1,156,'2016-07-01','2016-07-31',1),(1022,1,157,'2016-07-01','2016-07-31',1),(1023,1,159,'2016-07-01','2016-07-31',1),(1024,1,160,'2016-07-01','2016-07-31',1),(1025,1,161,'2016-07-01','2016-07-31',1),(1026,1,162,'2016-07-01','2016-07-31',1),(1027,1,163,'2016-07-01','2016-07-31',1),(1028,1,164,'2016-07-01','2016-07-31',1),(1029,1,167,'2016-07-01','2016-07-31',1),(1030,1,168,'2016-07-01','2016-07-31',1),(1031,1,171,'2016-07-01','2016-07-31',1),(1032,1,172,'2016-07-01','2016-07-31',1),(1033,1,173,'2016-07-01','2016-07-31',1),(1034,1,177,'2016-07-01','2016-07-31',1),(1035,1,179,'2016-07-01','2016-07-31',1),(1036,1,180,'2016-07-01','2016-07-31',1),(1037,1,182,'2016-07-01','2016-07-31',1),(1038,1,184,'2016-07-01','2016-07-31',1),(1039,1,188,'2016-07-01','2016-07-31',1),(1040,1,190,'2016-07-01','2016-07-31',1),(1041,1,195,'2016-07-01','2016-07-31',1),(1042,1,196,'2016-07-01','2016-07-31',1),(1043,1,197,'2016-07-01','2016-07-31',1),(1044,3,19,'2016-07-01','2016-07-31',1),(1045,3,20,'2016-07-01','2016-07-31',1),(1046,3,64,'2016-07-01','2016-07-31',1),(1047,3,65,'2016-07-01','2016-07-31',1),(1048,3,66,'2016-07-01','2016-07-31',1),(1049,3,67,'2016-07-01','2016-07-31',1),(1050,3,68,'2016-07-01','2016-07-31',1),(1051,3,69,'2016-07-01','2016-07-31',1),(1052,3,70,'2016-07-01','2016-07-31',1),(1053,3,71,'2016-07-01','2016-07-31',1),(1054,3,72,'2016-07-01','2016-07-31',1),(1055,3,73,'2016-07-01','2016-07-31',1),(1056,3,95,'2016-07-01','2016-07-31',1),(1057,3,99,'2016-07-01','2016-07-31',1),(1058,3,107,'2016-07-01','2016-07-31',1),(1059,3,138,'2016-07-01','2016-07-31',1),(1060,3,140,'2016-07-01','2016-07-31',1),(1061,3,144,'2016-07-01','2016-07-31',1),(1062,3,169,'2016-07-01','2016-07-31',1),(1063,3,181,'2016-07-01','2016-07-31',1),(1064,2,84,'2016-07-01','2016-07-31',1),(1065,2,133,'2016-07-01','2016-07-31',1),(1066,2,135,'2016-07-01','2016-07-31',1),(1067,2,158,'2016-07-01','2016-07-31',1),(1068,2,194,'2016-07-01','2016-07-31',1),(1069,3,84,'2016-08-01','2016-08-31',1),(1070,3,133,'2016-08-01','2016-08-31',1),(1071,3,135,'2016-08-01','2016-08-31',1),(1072,3,158,'2016-08-01','2016-08-31',1),(1073,3,194,'2016-08-01','2016-08-31',1),(1074,1,19,'2016-08-01','2016-08-31',1),(1075,1,20,'2016-08-01','2016-08-31',1),(1076,1,64,'2016-08-01','2016-08-31',1),(1077,1,65,'2016-08-01','2016-08-31',1),(1078,1,66,'2016-08-01','2016-08-31',1),(1079,1,67,'2016-08-01','2016-08-31',1),(1080,1,68,'2016-08-01','2016-08-31',1),(1081,1,69,'2016-08-01','2016-08-31',1),(1082,1,70,'2016-08-01','2016-08-31',1),(1083,1,71,'2016-08-01','2016-08-31',1),(1084,1,72,'2016-08-01','2016-08-31',1),(1085,1,73,'2016-08-01','2016-08-31',1),(1086,1,95,'2016-08-01','2016-08-31',1),(1087,1,99,'2016-08-01','2016-08-31',1),(1088,1,107,'2016-08-01','2016-08-31',1),(1089,1,138,'2016-08-01','2016-08-31',1),(1090,1,140,'2016-08-01','2016-08-31',1),(1091,1,144,'2016-08-01','2016-08-31',1),(1092,1,169,'2016-08-01','2016-08-31',1),(1093,1,181,'2016-08-01','2016-08-31',1),(1094,1,1,'2016-08-01','2016-08-31',1),(1095,1,3,'2016-08-01','2016-08-31',1),(1096,1,5,'2016-08-01','2016-08-31',1),(1097,1,6,'2016-08-01','2016-08-31',1),(1098,1,7,'2016-08-01','2016-08-31',1),(1099,1,12,'2016-08-01','2016-08-31',1),(1100,1,13,'2016-08-01','2016-08-31',1),(1101,1,18,'2016-08-01','2016-08-31',1),(1102,1,21,'2016-08-01','2016-08-31',1),(1103,1,22,'2016-08-01','2016-08-31',1),(1104,1,25,'2016-08-01','2016-08-31',1),(1105,1,43,'2016-08-01','2016-08-31',1),(1106,1,50,'2016-08-01','2016-08-31',1),(1107,1,51,'2016-08-01','2016-08-31',1),(1108,1,52,'2016-08-01','2016-08-31',1),(1109,1,54,'2016-08-01','2016-08-31',1),(1110,1,55,'2016-08-01','2016-08-31',1),(1111,1,56,'2016-08-01','2016-08-31',1),(1112,1,57,'2016-08-01','2016-08-31',1),(1113,1,58,'2016-08-01','2016-08-31',1),(1114,1,59,'2016-08-01','2016-08-31',1),(1115,1,60,'2016-08-01','2016-08-31',1),(1116,1,63,'2016-08-01','2016-08-31',1),(1117,1,74,'2016-08-01','2016-08-31',1),(1118,1,75,'2016-08-01','2016-08-31',1),(1119,1,76,'2016-08-01','2016-08-31',1),(1120,1,78,'2016-08-01','2016-08-31',1),(1121,1,79,'2016-08-01','2016-08-31',1),(1122,1,81,'2016-08-01','2016-08-31',1),(1123,1,82,'2016-08-01','2016-08-31',1),(1124,1,83,'2016-08-01','2016-08-31',1),(1125,1,85,'2016-08-01','2016-08-31',1),(1126,1,86,'2016-08-01','2016-08-31',1),(1127,1,87,'2016-08-01','2016-08-31',1),(1128,1,88,'2016-08-01','2016-08-31',1),(1129,1,89,'2016-08-01','2016-08-31',1),(1130,1,90,'2016-08-01','2016-08-31',1),(1131,1,91,'2016-08-01','2016-08-31',1),(1132,1,92,'2016-08-01','2016-08-31',1),(1133,1,93,'2016-08-01','2016-08-31',1),(1134,1,94,'2016-08-01','2016-08-31',1),(1135,1,96,'2016-08-01','2016-08-31',1),(1136,1,98,'2016-08-01','2016-08-31',1),(1137,1,101,'2016-08-01','2016-08-31',1),(1138,1,102,'2016-08-01','2016-08-31',1),(1139,1,103,'2016-08-01','2016-08-31',1),(1140,1,104,'2016-08-01','2016-08-31',1),(1141,1,105,'2016-08-01','2016-08-31',1),(1142,1,106,'2016-08-01','2016-08-31',1),(1143,1,108,'2016-08-01','2016-08-31',1),(1144,1,109,'2016-08-01','2016-08-31',1),(1145,1,110,'2016-08-01','2016-08-31',1),(1146,1,111,'2016-08-01','2016-08-31',1),(1147,1,112,'2016-08-01','2016-08-31',1),(1148,1,113,'2016-08-01','2016-08-31',1),(1149,1,114,'2016-08-01','2016-08-31',1),(1150,1,115,'2016-08-01','2016-08-31',1),(1151,1,116,'2016-08-01','2016-08-31',1),(1152,1,117,'2016-08-01','2016-08-31',1),(1153,1,118,'2016-08-01','2016-08-31',1),(1154,1,119,'2016-08-01','2016-08-31',1),(1155,1,123,'2016-08-01','2016-08-31',1),(1156,1,124,'2016-08-01','2016-08-31',1),(1157,1,125,'2016-08-01','2016-08-31',1),(1158,1,126,'2016-08-01','2016-08-31',1),(1159,1,127,'2016-08-01','2016-08-31',1),(1160,1,129,'2016-08-01','2016-08-31',1),(1161,1,130,'2016-08-01','2016-08-31',1),(1162,1,131,'2016-08-01','2016-08-31',1),(1163,1,134,'2016-08-01','2016-08-31',1),(1164,1,136,'2016-08-01','2016-08-31',1),(1165,1,137,'2016-08-01','2016-08-31',1),(1166,1,139,'2016-08-01','2016-08-31',1),(1167,1,141,'2016-08-01','2016-08-31',1),(1168,1,142,'2016-08-01','2016-08-31',1),(1169,1,143,'2016-08-01','2016-08-31',1),(1170,1,145,'2016-08-01','2016-08-31',1),(1171,1,146,'2016-08-01','2016-08-31',1),(1172,1,148,'2016-08-01','2016-08-31',1),(1173,1,149,'2016-08-01','2016-08-31',1),(1174,1,150,'2016-08-01','2016-08-31',1),(1175,1,151,'2016-08-01','2016-08-31',1),(1176,1,152,'2016-08-01','2016-08-31',1),(1177,1,153,'2016-08-01','2016-08-31',1),(1178,1,154,'2016-08-01','2016-08-31',1),(1179,1,156,'2016-08-01','2016-08-31',1),(1180,1,157,'2016-08-01','2016-08-31',1),(1181,1,159,'2016-08-01','2016-08-31',1),(1182,1,160,'2016-08-01','2016-08-31',1),(1183,1,161,'2016-08-01','2016-08-31',1),(1184,1,162,'2016-08-01','2016-08-31',1),(1185,1,163,'2016-08-01','2016-08-31',1),(1186,1,164,'2016-08-01','2016-08-31',1),(1187,1,167,'2016-08-01','2016-08-31',1),(1188,1,168,'2016-08-01','2016-08-31',1),(1189,1,171,'2016-08-01','2016-08-31',1),(1190,1,172,'2016-08-01','2016-08-31',1),(1191,1,173,'2016-08-01','2016-08-31',1),(1192,1,177,'2016-08-01','2016-08-31',1),(1193,1,179,'2016-08-01','2016-08-31',1),(1194,1,180,'2016-08-01','2016-08-31',1),(1195,1,182,'2016-08-01','2016-08-31',1),(1196,1,184,'2016-08-01','2016-08-31',1),(1197,1,188,'2016-08-01','2016-08-31',1),(1198,1,190,'2016-08-01','2016-08-31',1),(1199,1,195,'2016-08-01','2016-08-31',1),(1200,1,196,'2016-08-01','2016-08-31',1),(1201,1,197,'2016-08-01','2016-08-31',1),(1202,2,84,'2016-09-01','2016-09-30',1),(1203,2,133,'2016-09-01','2016-09-30',1),(1204,2,135,'2016-09-01','2016-09-30',1),(1205,2,158,'2016-09-01','2016-09-30',1),(1206,2,194,'2016-09-01','2016-09-30',1),(1207,1,19,'2016-09-01','2016-09-30',1),(1208,1,20,'2016-09-01','2016-09-30',1),(1209,1,64,'2016-09-01','2016-09-30',1),(1210,1,65,'2016-09-01','2016-09-30',1),(1211,1,66,'2016-09-01','2016-09-30',1),(1212,1,67,'2016-09-01','2016-09-30',1),(1213,1,68,'2016-09-01','2016-09-30',1),(1214,1,69,'2016-09-01','2016-09-30',1),(1215,1,70,'2016-09-01','2016-09-30',1),(1216,1,71,'2016-09-01','2016-09-30',1),(1217,1,72,'2016-09-01','2016-09-30',1),(1218,1,73,'2016-09-01','2016-09-30',1),(1219,1,95,'2016-09-01','2016-09-30',1),(1220,1,99,'2016-09-01','2016-09-30',1),(1221,1,107,'2016-09-01','2016-09-30',1),(1222,1,138,'2016-09-01','2016-09-30',1),(1223,1,140,'2016-09-01','2016-09-30',1),(1224,1,144,'2016-09-01','2016-09-30',1),(1225,1,169,'2016-09-01','2016-09-30',1),(1226,1,181,'2016-09-01','2016-09-30',1),(1227,1,1,'2016-09-01','2016-09-30',1),(1228,1,3,'2016-09-01','2016-09-30',1),(1229,1,5,'2016-09-01','2016-09-30',1),(1230,1,6,'2016-09-01','2016-09-30',1),(1231,1,7,'2016-09-01','2016-09-30',1),(1232,1,12,'2016-09-01','2016-09-30',1),(1233,1,13,'2016-09-01','2016-09-30',1),(1234,1,18,'2016-09-01','2016-09-30',1),(1235,1,21,'2016-09-01','2016-09-30',1),(1236,1,22,'2016-09-01','2016-09-30',1),(1237,1,25,'2016-09-01','2016-09-30',1),(1238,1,43,'2016-09-01','2016-09-30',1),(1239,1,50,'2016-09-01','2016-09-30',1),(1240,1,51,'2016-09-01','2016-09-30',1),(1241,1,52,'2016-09-01','2016-09-30',1),(1242,1,54,'2016-09-01','2016-09-30',1),(1243,1,55,'2016-09-01','2016-09-30',1),(1244,1,56,'2016-09-01','2016-09-30',1),(1245,1,57,'2016-09-01','2016-09-30',1),(1246,1,58,'2016-09-01','2016-09-30',1),(1247,1,59,'2016-09-01','2016-09-30',1),(1248,1,60,'2016-09-01','2016-09-30',1),(1249,1,63,'2016-09-01','2016-09-30',1),(1250,1,74,'2016-09-01','2016-09-30',1),(1251,1,75,'2016-09-01','2016-09-30',1),(1252,1,76,'2016-09-01','2016-09-30',1),(1253,1,78,'2016-09-01','2016-09-30',1),(1254,1,79,'2016-09-01','2016-09-30',1),(1255,1,81,'2016-09-01','2016-09-30',1),(1256,1,82,'2016-09-01','2016-09-30',1),(1257,1,83,'2016-09-01','2016-09-30',1),(1258,1,85,'2016-09-01','2016-09-30',1),(1259,1,86,'2016-09-01','2016-09-30',1),(1260,1,87,'2016-09-01','2016-09-30',1),(1261,1,88,'2016-09-01','2016-09-30',1),(1262,1,89,'2016-09-01','2016-09-30',1),(1263,1,90,'2016-09-01','2016-09-30',1),(1264,1,91,'2016-09-01','2016-09-30',1),(1265,1,92,'2016-09-01','2016-09-30',1),(1266,1,93,'2016-09-01','2016-09-30',1),(1267,1,94,'2016-09-01','2016-09-30',1),(1268,1,96,'2016-09-01','2016-09-30',1),(1269,1,98,'2016-09-01','2016-09-30',1),(1270,1,101,'2016-09-01','2016-09-30',1),(1271,1,102,'2016-09-01','2016-09-30',1),(1272,1,103,'2016-09-01','2016-09-30',1),(1273,1,104,'2016-09-01','2016-09-30',1),(1274,1,105,'2016-09-01','2016-09-30',1),(1275,1,106,'2016-09-01','2016-09-30',1),(1276,1,108,'2016-09-01','2016-09-30',1),(1277,1,109,'2016-09-01','2016-09-30',1),(1278,1,110,'2016-09-01','2016-09-30',1),(1279,1,111,'2016-09-01','2016-09-30',1),(1280,1,112,'2016-09-01','2016-09-30',1),(1281,1,113,'2016-09-01','2016-09-30',1),(1282,1,114,'2016-09-01','2016-09-30',1),(1283,1,115,'2016-09-01','2016-09-30',1),(1284,1,116,'2016-09-01','2016-09-30',1),(1285,1,117,'2016-09-01','2016-09-30',1),(1286,1,118,'2016-09-01','2016-09-30',1),(1287,1,119,'2016-09-01','2016-09-30',1),(1288,1,123,'2016-09-01','2016-09-30',1),(1289,1,124,'2016-09-01','2016-09-30',1),(1290,1,125,'2016-09-01','2016-09-30',1),(1291,1,126,'2016-09-01','2016-09-30',1),(1292,1,127,'2016-09-01','2016-09-30',1),(1293,1,129,'2016-09-01','2016-09-30',1),(1294,1,130,'2016-09-01','2016-09-30',1),(1295,1,131,'2016-09-01','2016-09-30',1),(1296,1,134,'2016-09-01','2016-09-30',1),(1297,1,136,'2016-09-01','2016-09-30',1),(1298,1,137,'2016-09-01','2016-09-30',1),(1299,1,139,'2016-09-01','2016-09-30',1),(1300,1,141,'2016-09-01','2016-09-30',1),(1301,1,142,'2016-09-01','2016-09-30',1),(1302,1,143,'2016-09-01','2016-09-30',1),(1303,1,145,'2016-09-01','2016-09-30',1),(1304,1,146,'2016-09-01','2016-09-30',1),(1305,1,148,'2016-09-01','2016-09-30',1),(1306,1,149,'2016-09-01','2016-09-30',1),(1307,1,150,'2016-09-01','2016-09-30',1),(1308,1,151,'2016-09-01','2016-09-30',1),(1309,1,152,'2016-09-01','2016-09-30',1),(1310,1,153,'2016-09-01','2016-09-30',1),(1311,1,154,'2016-09-01','2016-09-30',1),(1312,1,156,'2016-09-01','2016-09-30',1),(1313,1,157,'2016-09-01','2016-09-30',1),(1314,1,159,'2016-09-01','2016-09-30',1),(1315,1,160,'2016-09-01','2016-09-30',1),(1316,1,161,'2016-09-01','2016-09-30',1),(1317,1,162,'2016-09-01','2016-09-30',1),(1318,1,163,'2016-09-01','2016-09-30',1),(1319,1,164,'2016-09-01','2016-09-30',1),(1320,1,167,'2016-09-01','2016-09-30',1),(1321,1,168,'2016-09-01','2016-09-30',1),(1322,1,171,'2016-09-01','2016-09-30',1),(1323,1,172,'2016-09-01','2016-09-30',1),(1324,1,173,'2016-09-01','2016-09-30',1),(1325,1,177,'2016-09-01','2016-09-30',1),(1326,1,179,'2016-09-01','2016-09-30',1),(1327,1,180,'2016-09-01','2016-09-30',1),(1328,1,182,'2016-09-01','2016-09-30',1),(1329,1,184,'2016-09-01','2016-09-30',1),(1330,1,188,'2016-09-01','2016-09-30',1),(1331,1,190,'2016-09-01','2016-09-30',1),(1332,1,195,'2016-09-01','2016-09-30',1),(1333,1,196,'2016-09-01','2016-09-30',1),(1334,1,197,'2016-09-01','2016-09-30',1),(1335,2,84,'2016-10-01','2016-10-31',1),(1336,2,133,'2016-10-01','2016-10-31',1),(1337,2,135,'2016-10-01','2016-10-31',1),(1338,2,158,'2016-10-01','2016-10-31',1),(1339,2,194,'2016-10-01','2016-10-31',1),(1340,1,19,'2016-10-01','2016-10-31',1),(1341,1,20,'2016-10-01','2016-10-31',1),(1342,1,64,'2016-10-01','2016-10-31',1),(1343,1,65,'2016-10-01','2016-10-31',1),(1344,1,66,'2016-10-01','2016-10-31',1),(1345,1,67,'2016-10-01','2016-10-31',1),(1346,1,68,'2016-10-01','2016-10-31',1),(1347,1,69,'2016-10-01','2016-10-31',1),(1348,1,70,'2016-10-01','2016-10-31',1),(1349,1,71,'2016-10-01','2016-10-31',1),(1350,1,72,'2016-10-01','2016-10-31',1),(1351,1,73,'2016-10-01','2016-10-31',1),(1352,1,95,'2016-10-01','2016-10-31',1),(1353,1,99,'2016-10-01','2016-10-31',1),(1354,1,107,'2016-10-01','2016-10-31',1),(1355,1,138,'2016-10-01','2016-10-31',1),(1356,1,140,'2016-10-01','2016-10-31',1),(1357,1,144,'2016-10-01','2016-10-31',1),(1358,1,169,'2016-10-01','2016-10-31',1),(1359,1,181,'2016-10-01','2016-10-31',1),(1360,1,1,'2016-10-01','2016-10-31',1),(1361,1,3,'2016-10-01','2016-10-31',1),(1362,1,5,'2016-10-01','2016-10-31',1),(1363,1,6,'2016-10-01','2016-10-31',1),(1364,1,7,'2016-10-01','2016-10-31',1),(1365,1,12,'2016-10-01','2016-10-31',1),(1366,1,13,'2016-10-01','2016-10-31',1),(1367,1,18,'2016-10-01','2016-10-31',1),(1368,1,21,'2016-10-01','2016-10-31',1),(1369,1,22,'2016-10-01','2016-10-31',1),(1370,1,25,'2016-10-01','2016-10-31',1),(1371,1,43,'2016-10-01','2016-10-31',1),(1372,1,50,'2016-10-01','2016-10-31',1),(1373,1,51,'2016-10-01','2016-10-31',1),(1374,1,52,'2016-10-01','2016-10-31',1),(1375,1,54,'2016-10-01','2016-10-31',1),(1376,1,55,'2016-10-01','2016-10-31',1),(1377,1,56,'2016-10-01','2016-10-31',1),(1378,1,57,'2016-10-01','2016-10-31',1),(1379,1,58,'2016-10-01','2016-10-31',1),(1380,1,59,'2016-10-01','2016-10-31',1),(1381,1,60,'2016-10-01','2016-10-31',1),(1382,1,63,'2016-10-01','2016-10-31',1),(1383,1,74,'2016-10-01','2016-10-31',1),(1384,1,75,'2016-10-01','2016-10-31',1),(1385,1,76,'2016-10-01','2016-10-31',1),(1386,1,78,'2016-10-01','2016-10-31',1),(1387,1,79,'2016-10-01','2016-10-31',1),(1388,1,81,'2016-10-01','2016-10-31',1),(1389,1,82,'2016-10-01','2016-10-31',1),(1390,1,83,'2016-10-01','2016-10-31',1),(1391,1,85,'2016-10-01','2016-10-31',1),(1392,1,86,'2016-10-01','2016-10-31',1),(1393,1,87,'2016-10-01','2016-10-31',1),(1394,1,88,'2016-10-01','2016-10-31',1),(1395,1,89,'2016-10-01','2016-10-31',1),(1396,1,90,'2016-10-01','2016-10-31',1),(1397,1,91,'2016-10-01','2016-10-31',1),(1398,1,92,'2016-10-01','2016-10-31',1),(1399,1,93,'2016-10-01','2016-10-31',1),(1400,1,94,'2016-10-01','2016-10-31',1),(1401,1,96,'2016-10-01','2016-10-31',1),(1402,1,98,'2016-10-01','2016-10-31',1),(1403,1,101,'2016-10-01','2016-10-31',1),(1404,1,102,'2016-10-01','2016-10-31',1),(1405,1,103,'2016-10-01','2016-10-31',1),(1406,1,104,'2016-10-01','2016-10-31',1),(1407,1,105,'2016-10-01','2016-10-31',1),(1408,1,106,'2016-10-01','2016-10-31',1),(1409,1,108,'2016-10-01','2016-10-31',1),(1410,1,109,'2016-10-01','2016-10-31',1),(1411,1,110,'2016-10-01','2016-10-31',1),(1412,1,111,'2016-10-01','2016-10-31',1),(1413,1,112,'2016-10-01','2016-10-31',1),(1414,1,113,'2016-10-01','2016-10-31',1),(1415,1,114,'2016-10-01','2016-10-31',1),(1416,1,115,'2016-10-01','2016-10-31',1),(1417,1,116,'2016-10-01','2016-10-31',1),(1418,1,117,'2016-10-01','2016-10-31',1),(1419,1,118,'2016-10-01','2016-10-31',1),(1420,1,119,'2016-10-01','2016-10-31',1),(1421,1,123,'2016-10-01','2016-10-31',1),(1422,1,124,'2016-10-01','2016-10-31',1),(1423,1,125,'2016-10-01','2016-10-31',1),(1424,1,126,'2016-10-01','2016-10-31',1),(1425,1,127,'2016-10-01','2016-10-31',1),(1426,1,129,'2016-10-01','2016-10-31',1),(1427,1,130,'2016-10-01','2016-10-31',1),(1428,1,131,'2016-10-01','2016-10-31',1),(1429,1,134,'2016-10-01','2016-10-31',1),(1430,1,136,'2016-10-01','2016-10-31',1),(1431,1,137,'2016-10-01','2016-10-31',1),(1432,1,139,'2016-10-01','2016-10-31',1),(1433,1,141,'2016-10-01','2016-10-31',1),(1434,1,142,'2016-10-01','2016-10-31',1),(1435,1,143,'2016-10-01','2016-10-31',1),(1436,1,145,'2016-10-01','2016-10-31',1),(1437,1,146,'2016-10-01','2016-10-31',1),(1438,1,148,'2016-10-01','2016-10-31',1),(1439,1,149,'2016-10-01','2016-10-31',1),(1440,1,150,'2016-10-01','2016-10-31',1),(1441,1,151,'2016-10-01','2016-10-31',1),(1442,1,152,'2016-10-01','2016-10-31',1),(1443,1,153,'2016-10-01','2016-10-31',1),(1444,1,154,'2016-10-01','2016-10-31',1),(1445,1,156,'2016-10-01','2016-10-31',1),(1446,1,157,'2016-10-01','2016-10-31',1),(1447,1,159,'2016-10-01','2016-10-31',1),(1448,1,160,'2016-10-01','2016-10-31',1),(1449,1,161,'2016-10-01','2016-10-31',1),(1450,1,162,'2016-10-01','2016-10-31',1),(1451,1,163,'2016-10-01','2016-10-31',1),(1452,1,164,'2016-10-01','2016-10-31',1),(1453,1,167,'2016-10-01','2016-10-31',1),(1454,1,168,'2016-10-01','2016-10-31',1),(1455,1,171,'2016-10-01','2016-10-31',1),(1456,1,172,'2016-10-01','2016-10-31',1),(1457,1,173,'2016-10-01','2016-10-31',1),(1458,1,177,'2016-10-01','2016-10-31',1),(1459,1,179,'2016-10-01','2016-10-31',1),(1460,1,180,'2016-10-01','2016-10-31',1),(1461,1,182,'2016-10-01','2016-10-31',1),(1462,1,184,'2016-10-01','2016-10-31',1),(1463,1,188,'2016-10-01','2016-10-31',1),(1464,1,190,'2016-10-01','2016-10-31',1),(1465,1,195,'2016-10-01','2016-10-31',1),(1466,1,196,'2016-10-01','2016-10-31',1),(1467,1,197,'2016-10-01','2016-10-31',1),(1468,2,84,'2016-11-01','2016-11-30',1),(1469,2,133,'2016-11-01','2016-11-30',1),(1470,2,135,'2016-11-01','2016-11-30',1),(1471,2,158,'2016-11-01','2016-11-30',1),(1472,2,194,'2016-11-01','2016-11-30',1),(1473,2,19,'2016-11-01','2016-11-30',1),(1474,2,20,'2016-11-01','2016-11-30',1),(1475,2,64,'2016-11-01','2016-11-30',1),(1476,2,65,'2016-11-01','2016-11-30',1),(1477,2,66,'2016-11-01','2016-11-30',1),(1478,2,67,'2016-11-01','2016-11-30',1),(1479,2,68,'2016-11-01','2016-11-30',1),(1480,2,69,'2016-11-01','2016-11-30',1),(1481,2,70,'2016-11-01','2016-11-30',1),(1482,2,71,'2016-11-01','2016-11-30',1),(1483,2,72,'2016-11-01','2016-11-30',1),(1484,2,73,'2016-11-01','2016-11-30',1),(1485,2,95,'2016-11-01','2016-11-30',1),(1486,2,99,'2016-11-01','2016-11-30',1),(1487,2,107,'2016-11-01','2016-11-30',1),(1488,2,138,'2016-11-01','2016-11-30',1),(1489,2,140,'2016-11-01','2016-11-30',1),(1490,2,144,'2016-11-01','2016-11-30',1),(1491,2,169,'2016-11-01','2016-11-30',1),(1492,2,181,'2016-11-01','2016-11-30',1),(1493,1,1,'2016-11-01','2016-11-30',1),(1494,1,3,'2016-11-01','2016-11-30',1),(1495,1,5,'2016-11-01','2016-11-30',1),(1496,1,6,'2016-11-01','2016-11-30',1),(1497,1,7,'2016-11-01','2016-11-30',1),(1498,1,12,'2016-11-01','2016-11-30',1),(1499,1,13,'2016-11-01','2016-11-30',1),(1500,1,18,'2016-11-01','2016-11-30',1),(1501,1,21,'2016-11-01','2016-11-30',1),(1502,1,22,'2016-11-01','2016-11-30',1),(1503,1,25,'2016-11-01','2016-11-30',1),(1504,1,43,'2016-11-01','2016-11-30',1),(1505,1,50,'2016-11-01','2016-11-30',1),(1506,1,51,'2016-11-01','2016-11-30',1),(1507,1,52,'2016-11-01','2016-11-30',1),(1508,1,54,'2016-11-01','2016-11-30',1),(1509,1,55,'2016-11-01','2016-11-30',1),(1510,1,56,'2016-11-01','2016-11-30',1),(1511,1,57,'2016-11-01','2016-11-30',1),(1512,1,58,'2016-11-01','2016-11-30',1),(1513,1,59,'2016-11-01','2016-11-30',1),(1514,1,60,'2016-11-01','2016-11-30',1),(1515,1,63,'2016-11-01','2016-11-30',1),(1516,1,74,'2016-11-01','2016-11-30',1),(1517,1,75,'2016-11-01','2016-11-30',1),(1518,1,76,'2016-11-01','2016-11-30',1),(1519,1,78,'2016-11-01','2016-11-30',1),(1520,1,79,'2016-11-01','2016-11-30',1),(1521,1,81,'2016-11-01','2016-11-30',1),(1522,1,82,'2016-11-01','2016-11-30',1),(1523,1,83,'2016-11-01','2016-11-30',1),(1524,1,85,'2016-11-01','2016-11-30',1),(1525,1,86,'2016-11-01','2016-11-30',1),(1526,1,87,'2016-11-01','2016-11-30',1),(1527,1,88,'2016-11-01','2016-11-30',1),(1528,1,89,'2016-11-01','2016-11-30',1),(1529,1,90,'2016-11-01','2016-11-30',1),(1530,1,91,'2016-11-01','2016-11-30',1),(1531,1,92,'2016-11-01','2016-11-30',1),(1532,1,93,'2016-11-01','2016-11-30',1),(1533,1,94,'2016-11-01','2016-11-30',1),(1534,1,96,'2016-11-01','2016-11-30',1),(1535,1,98,'2016-11-01','2016-11-30',1),(1536,1,101,'2016-11-01','2016-11-30',1),(1537,1,102,'2016-11-01','2016-11-30',1),(1538,1,103,'2016-11-01','2016-11-30',1),(1539,1,104,'2016-11-01','2016-11-30',1),(1540,1,105,'2016-11-01','2016-11-30',1),(1541,1,106,'2016-11-01','2016-11-30',1),(1542,1,108,'2016-11-01','2016-11-30',1),(1543,1,109,'2016-11-01','2016-11-30',1),(1544,1,110,'2016-11-01','2016-11-30',1),(1545,1,111,'2016-11-01','2016-11-30',1),(1546,1,112,'2016-11-01','2016-11-30',1),(1547,1,113,'2016-11-01','2016-11-30',1),(1548,1,114,'2016-11-01','2016-11-30',1),(1549,1,115,'2016-11-01','2016-11-30',1),(1550,1,116,'2016-11-01','2016-11-30',1),(1551,1,117,'2016-11-01','2016-11-30',1),(1552,1,118,'2016-11-01','2016-11-30',1),(1553,1,119,'2016-11-01','2016-11-30',1),(1554,1,123,'2016-11-01','2016-11-30',1),(1555,1,124,'2016-11-01','2016-11-30',1),(1556,1,125,'2016-11-01','2016-11-30',1),(1557,1,126,'2016-11-01','2016-11-30',1),(1558,1,127,'2016-11-01','2016-11-30',1),(1559,1,129,'2016-11-01','2016-11-30',1),(1560,1,130,'2016-11-01','2016-11-30',1),(1561,1,131,'2016-11-01','2016-11-30',1),(1562,1,134,'2016-11-01','2016-11-30',1),(1563,1,136,'2016-11-01','2016-11-30',1),(1564,1,137,'2016-11-01','2016-11-30',1),(1565,1,139,'2016-11-01','2016-11-30',1),(1566,1,141,'2016-11-01','2016-11-30',1),(1567,1,142,'2016-11-01','2016-11-30',1),(1568,1,143,'2016-11-01','2016-11-30',1),(1569,1,145,'2016-11-01','2016-11-30',1),(1570,1,146,'2016-11-01','2016-11-30',1),(1571,1,148,'2016-11-01','2016-11-30',1),(1572,1,149,'2016-11-01','2016-11-30',1),(1573,1,150,'2016-11-01','2016-11-30',1),(1574,1,151,'2016-11-01','2016-11-30',1),(1575,1,152,'2016-11-01','2016-11-30',1),(1576,1,153,'2016-11-01','2016-11-30',1),(1577,1,154,'2016-11-01','2016-11-30',1),(1578,1,156,'2016-11-01','2016-11-30',1),(1579,1,157,'2016-11-01','2016-11-30',1),(1580,1,159,'2016-11-01','2016-11-30',1),(1581,1,160,'2016-11-01','2016-11-30',1),(1582,1,161,'2016-11-01','2016-11-30',1),(1583,1,162,'2016-11-01','2016-11-30',1),(1584,1,163,'2016-11-01','2016-11-30',1),(1585,1,164,'2016-11-01','2016-11-30',1),(1586,1,167,'2016-11-01','2016-11-30',1),(1587,1,168,'2016-11-01','2016-11-30',1),(1588,1,171,'2016-11-01','2016-11-30',1),(1589,1,172,'2016-11-01','2016-11-30',1),(1590,1,173,'2016-11-01','2016-11-30',1),(1591,1,177,'2016-11-01','2016-11-30',1),(1592,1,179,'2016-11-01','2016-11-30',1),(1593,1,180,'2016-11-01','2016-11-30',1),(1594,1,182,'2016-11-01','2016-11-30',1),(1595,1,184,'2016-11-01','2016-11-30',1),(1596,1,188,'2016-11-01','2016-11-30',1),(1597,1,190,'2016-11-01','2016-11-30',1),(1598,1,195,'2016-11-01','2016-11-30',1),(1599,1,196,'2016-11-01','2016-11-30',1),(1600,1,197,'2016-11-01','2016-11-30',1),(1601,1,3,'2017-01-01','2017-01-31',1),(1602,1,5,'2017-01-01','2017-01-31',1),(1603,1,6,'2017-01-01','2017-01-31',1),(1604,1,7,'2017-01-01','2017-01-31',1),(1605,1,12,'2017-01-01','2017-01-31',1),(1606,1,13,'2017-01-01','2017-01-31',1),(1607,1,18,'2017-01-01','2017-01-31',1),(1608,1,21,'2017-01-01','2017-01-31',1),(1609,1,22,'2017-01-01','2017-01-31',1),(1610,1,25,'2017-01-01','2017-01-31',1),(1611,1,43,'2017-01-01','2017-01-31',1),(1612,1,50,'2017-01-01','2017-01-31',1),(1613,1,51,'2017-01-01','2017-01-31',1),(1614,1,52,'2017-01-01','2017-01-31',1),(1615,1,54,'2017-01-01','2017-01-31',1),(1616,1,55,'2017-01-01','2017-01-31',1),(1617,1,56,'2017-01-01','2017-01-31',1),(1618,1,57,'2017-01-01','2017-01-31',1),(1619,1,58,'2017-01-01','2017-01-31',1),(1620,1,59,'2017-01-01','2017-01-31',1),(1621,1,60,'2017-01-01','2017-01-31',1),(1622,1,63,'2017-01-01','2017-01-31',1),(1623,1,74,'2017-01-01','2017-01-31',1),(1624,1,75,'2017-01-01','2017-01-31',1),(1625,1,76,'2017-01-01','2017-01-31',1),(1626,1,78,'2017-01-01','2017-01-31',1),(1627,1,79,'2017-01-01','2017-01-31',1),(1628,1,81,'2017-01-01','2017-01-31',1),(1629,1,82,'2017-01-01','2017-01-31',1),(1630,1,83,'2017-01-01','2017-01-31',1),(1631,1,85,'2017-01-01','2017-01-31',1),(1632,1,86,'2017-01-01','2017-01-31',1),(1633,1,87,'2017-01-01','2017-01-31',1),(1634,1,88,'2017-01-01','2017-01-31',1),(1635,1,89,'2017-01-01','2017-01-31',1),(1636,1,90,'2017-01-01','2017-01-31',1),(1637,1,91,'2017-01-01','2017-01-31',1),(1638,1,92,'2017-01-01','2017-01-31',1),(1639,1,93,'2017-01-01','2017-01-31',1),(1640,1,94,'2017-01-01','2017-01-31',1),(1641,1,96,'2017-01-01','2017-01-31',1),(1642,1,98,'2017-01-01','2017-01-31',1),(1643,1,101,'2017-01-01','2017-01-31',1),(1644,1,102,'2017-01-01','2017-01-31',1),(1645,1,103,'2017-01-01','2017-01-31',1),(1646,1,104,'2017-01-01','2017-01-31',1),(1647,1,105,'2017-01-01','2017-01-31',1),(1648,1,106,'2017-01-01','2017-01-31',1),(1649,1,108,'2017-01-01','2017-01-31',1),(1650,1,109,'2017-01-01','2017-01-31',1),(1651,1,110,'2017-01-01','2017-01-31',1),(1652,1,111,'2017-01-01','2017-01-31',1),(1653,1,112,'2017-01-01','2017-01-31',1),(1654,1,113,'2017-01-01','2017-01-31',1),(1655,1,114,'2017-01-01','2017-01-31',1),(1656,1,115,'2017-01-01','2017-01-31',1),(1657,1,116,'2017-01-01','2017-01-31',1),(1658,1,117,'2017-01-01','2017-01-31',1),(1659,1,118,'2017-01-01','2017-01-31',1),(1660,1,119,'2017-01-01','2017-01-31',1),(1661,1,123,'2017-01-01','2017-01-31',1),(1662,1,124,'2017-01-01','2017-01-31',1),(1663,1,125,'2017-01-01','2017-01-31',1),(1664,1,126,'2017-01-01','2017-01-31',1),(1665,1,127,'2017-01-01','2017-01-31',1),(1666,1,129,'2017-01-01','2017-01-31',1),(1667,1,130,'2017-01-01','2017-01-31',1),(1668,1,131,'2017-01-01','2017-01-31',1),(1669,1,134,'2017-01-01','2017-01-31',1),(1670,1,136,'2017-01-01','2017-01-31',1),(1671,1,137,'2017-01-01','2017-01-31',1),(1672,1,139,'2017-01-01','2017-01-31',1),(1673,1,141,'2017-01-01','2017-01-31',1),(1674,1,142,'2017-01-01','2017-01-31',1),(1675,1,143,'2017-01-01','2017-01-31',1),(1676,1,145,'2017-01-01','2017-01-31',1),(1677,1,146,'2017-01-01','2017-01-31',1),(1678,1,148,'2017-01-01','2017-01-31',1),(1679,1,149,'2017-01-01','2017-01-31',1),(1680,1,150,'2017-01-01','2017-01-31',1),(1681,1,151,'2017-01-01','2017-01-31',1),(1682,1,152,'2017-01-01','2017-01-31',1),(1683,1,153,'2017-01-01','2017-01-31',1),(1684,1,154,'2017-01-01','2017-01-31',1),(1685,1,156,'2017-01-01','2017-01-31',1),(1686,1,157,'2017-01-01','2017-01-31',1),(1687,1,159,'2017-01-01','2017-01-31',1),(1688,1,160,'2017-01-01','2017-01-31',1),(1689,1,161,'2017-01-01','2017-01-31',1),(1690,1,162,'2017-01-01','2017-01-31',1),(1691,1,163,'2017-01-01','2017-01-31',1),(1692,1,164,'2017-01-01','2017-01-31',1),(1693,1,167,'2017-01-01','2017-01-31',1),(1694,1,168,'2017-01-01','2017-01-31',1),(1695,1,171,'2017-01-01','2017-01-31',1),(1696,1,172,'2017-01-01','2017-01-31',1),(1697,1,173,'2017-01-01','2017-01-31',1),(1698,1,177,'2017-01-01','2017-01-31',1),(1699,1,179,'2017-01-01','2017-01-31',1),(1700,1,180,'2017-01-01','2017-01-31',1),(1701,1,184,'2017-01-01','2017-01-31',1),(1702,1,188,'2017-01-01','2017-01-31',1),(1703,1,190,'2017-01-01','2017-01-31',1),(1704,1,195,'2017-01-01','2017-01-31',1),(1705,1,196,'2017-01-01','2017-01-31',1),(1706,1,197,'2017-01-01','2017-01-31',1),(1707,2,19,'2017-01-01','2017-01-31',1),(1708,2,20,'2017-01-01','2017-01-31',1),(1709,2,64,'2017-01-01','2017-01-31',1),(1710,2,65,'2017-01-01','2017-01-31',1),(1711,2,66,'2017-01-01','2017-01-31',1),(1712,2,67,'2017-01-01','2017-01-31',1),(1713,2,68,'2017-01-01','2017-01-31',1),(1714,2,69,'2017-01-01','2017-01-31',1),(1715,2,70,'2017-01-01','2017-01-31',1),(1716,2,71,'2017-01-01','2017-01-31',1),(1717,2,72,'2017-01-01','2017-01-31',1),(1718,2,73,'2017-01-01','2017-01-31',1),(1719,2,95,'2017-01-01','2017-01-31',1),(1720,2,99,'2017-01-01','2017-01-31',1),(1721,2,107,'2017-01-01','2017-01-31',1),(1722,2,138,'2017-01-01','2017-01-31',1),(1723,2,140,'2017-01-01','2017-01-31',1),(1724,2,144,'2017-01-01','2017-01-31',1),(1725,2,169,'2017-01-01','2017-01-31',1),(1726,2,181,'2017-01-01','2017-01-31',1),(1727,2,182,'2017-01-01','2017-01-31',1),(1728,2,84,'2017-01-01','2017-01-31',1),(1729,2,133,'2017-01-01','2017-01-31',1),(1730,2,135,'2017-01-01','2017-01-31',1),(1731,2,158,'2017-01-01','2017-01-31',1),(1732,2,194,'2017-01-01','2017-01-31',1),(1733,2,84,'2017-02-01','2017-02-28',1),(1734,2,133,'2017-02-01','2017-02-28',1),(1735,2,135,'2017-02-01','2017-02-28',1),(1736,2,158,'2017-02-01','2017-02-28',1),(1737,2,194,'2017-02-01','2017-02-28',1),(1738,2,19,'2017-02-01','2017-02-28',1),(1739,2,20,'2017-02-01','2017-02-28',1),(1740,2,64,'2017-02-01','2017-02-28',1),(1741,2,65,'2017-02-01','2017-02-28',1),(1742,2,66,'2017-02-01','2017-02-28',1),(1743,2,67,'2017-02-01','2017-02-28',1),(1744,2,68,'2017-02-01','2017-02-28',1),(1745,2,69,'2017-02-01','2017-02-28',1),(1746,2,70,'2017-02-01','2017-02-28',1),(1747,2,71,'2017-02-01','2017-02-28',1),(1748,2,72,'2017-02-01','2017-02-28',1),(1749,2,73,'2017-02-01','2017-02-28',1),(1750,2,95,'2017-02-01','2017-02-28',1),(1751,2,99,'2017-02-01','2017-02-28',1),(1752,2,107,'2017-02-01','2017-02-28',1),(1753,2,138,'2017-02-01','2017-02-28',1),(1754,2,140,'2017-02-01','2017-02-28',1),(1755,2,144,'2017-02-01','2017-02-28',1),(1756,2,169,'2017-02-01','2017-02-28',1),(1757,2,181,'2017-02-01','2017-02-28',1),(1758,2,182,'2017-02-01','2017-02-28',1),(1759,2,3,'2017-02-01','2017-02-28',1),(1760,2,5,'2017-02-01','2017-02-28',1),(1761,2,6,'2017-02-01','2017-02-28',1),(1762,2,7,'2017-02-01','2017-02-28',1),(1763,2,12,'2017-02-01','2017-02-28',1),(1764,2,13,'2017-02-01','2017-02-28',1),(1765,2,18,'2017-02-01','2017-02-28',1),(1766,2,21,'2017-02-01','2017-02-28',1),(1767,2,22,'2017-02-01','2017-02-28',1),(1768,2,25,'2017-02-01','2017-02-28',1),(1769,2,43,'2017-02-01','2017-02-28',1),(1770,2,50,'2017-02-01','2017-02-28',1),(1771,2,51,'2017-02-01','2017-02-28',1),(1772,2,52,'2017-02-01','2017-02-28',1),(1773,2,54,'2017-02-01','2017-02-28',1),(1774,2,55,'2017-02-01','2017-02-28',1),(1775,2,56,'2017-02-01','2017-02-28',1),(1776,2,57,'2017-02-01','2017-02-28',1),(1777,2,58,'2017-02-01','2017-02-28',1),(1778,2,59,'2017-02-01','2017-02-28',1),(1779,2,60,'2017-02-01','2017-02-28',1),(1780,2,63,'2017-02-01','2017-02-28',1),(1781,2,74,'2017-02-01','2017-02-28',1),(1782,2,75,'2017-02-01','2017-02-28',1),(1783,2,76,'2017-02-01','2017-02-28',1),(1784,2,78,'2017-02-01','2017-02-28',1),(1785,2,79,'2017-02-01','2017-02-28',1),(1786,2,81,'2017-02-01','2017-02-28',1),(1787,2,82,'2017-02-01','2017-02-28',1),(1788,2,83,'2017-02-01','2017-02-28',1),(1789,2,85,'2017-02-01','2017-02-28',1),(1790,2,86,'2017-02-01','2017-02-28',1),(1791,2,87,'2017-02-01','2017-02-28',1),(1792,2,88,'2017-02-01','2017-02-28',1),(1793,2,89,'2017-02-01','2017-02-28',1),(1794,2,90,'2017-02-01','2017-02-28',1),(1795,2,91,'2017-02-01','2017-02-28',1),(1796,2,92,'2017-02-01','2017-02-28',1),(1797,2,93,'2017-02-01','2017-02-28',1),(1798,2,94,'2017-02-01','2017-02-28',1),(1799,2,96,'2017-02-01','2017-02-28',1),(1800,2,98,'2017-02-01','2017-02-28',1),(1801,2,101,'2017-02-01','2017-02-28',1),(1802,2,102,'2017-02-01','2017-02-28',1),(1803,2,103,'2017-02-01','2017-02-28',1),(1804,2,104,'2017-02-01','2017-02-28',1),(1805,2,105,'2017-02-01','2017-02-28',1),(1806,2,106,'2017-02-01','2017-02-28',1),(1807,2,108,'2017-02-01','2017-02-28',1),(1808,2,109,'2017-02-01','2017-02-28',1),(1809,2,110,'2017-02-01','2017-02-28',1),(1810,2,111,'2017-02-01','2017-02-28',1),(1811,2,112,'2017-02-01','2017-02-28',1),(1812,2,113,'2017-02-01','2017-02-28',1),(1813,2,114,'2017-02-01','2017-02-28',1),(1814,2,115,'2017-02-01','2017-02-28',1),(1815,2,116,'2017-02-01','2017-02-28',1),(1816,2,117,'2017-02-01','2017-02-28',1),(1817,2,118,'2017-02-01','2017-02-28',1),(1818,2,119,'2017-02-01','2017-02-28',1),(1819,2,123,'2017-02-01','2017-02-28',1),(1820,2,124,'2017-02-01','2017-02-28',1),(1821,2,125,'2017-02-01','2017-02-28',1),(1822,2,126,'2017-02-01','2017-02-28',1),(1823,2,127,'2017-02-01','2017-02-28',1),(1824,2,129,'2017-02-01','2017-02-28',1),(1825,2,130,'2017-02-01','2017-02-28',1),(1826,2,131,'2017-02-01','2017-02-28',1),(1827,2,134,'2017-02-01','2017-02-28',1),(1828,2,136,'2017-02-01','2017-02-28',1),(1829,2,137,'2017-02-01','2017-02-28',1),(1830,2,139,'2017-02-01','2017-02-28',1),(1831,2,141,'2017-02-01','2017-02-28',1),(1832,2,142,'2017-02-01','2017-02-28',1),(1833,2,143,'2017-02-01','2017-02-28',1),(1834,2,145,'2017-02-01','2017-02-28',1),(1835,2,146,'2017-02-01','2017-02-28',1),(1836,2,148,'2017-02-01','2017-02-28',1),(1837,2,149,'2017-02-01','2017-02-28',1),(1838,2,150,'2017-02-01','2017-02-28',1),(1839,2,151,'2017-02-01','2017-02-28',1),(1840,2,152,'2017-02-01','2017-02-28',1),(1841,2,153,'2017-02-01','2017-02-28',1),(1842,2,154,'2017-02-01','2017-02-28',1),(1843,2,156,'2017-02-01','2017-02-28',1),(1844,2,157,'2017-02-01','2017-02-28',1),(1845,2,159,'2017-02-01','2017-02-28',1),(1846,2,160,'2017-02-01','2017-02-28',1),(1847,2,161,'2017-02-01','2017-02-28',1),(1848,2,162,'2017-02-01','2017-02-28',1),(1849,2,163,'2017-02-01','2017-02-28',1),(1850,2,164,'2017-02-01','2017-02-28',1),(1851,2,167,'2017-02-01','2017-02-28',1),(1852,2,168,'2017-02-01','2017-02-28',1),(1853,2,171,'2017-02-01','2017-02-28',1),(1854,2,172,'2017-02-01','2017-02-28',1),(1855,2,173,'2017-02-01','2017-02-28',1),(1856,2,177,'2017-02-01','2017-02-28',1),(1857,2,179,'2017-02-01','2017-02-28',1),(1858,2,180,'2017-02-01','2017-02-28',1),(1859,2,184,'2017-02-01','2017-02-28',1),(1860,2,188,'2017-02-01','2017-02-28',1),(1861,2,190,'2017-02-01','2017-02-28',1),(1862,2,195,'2017-02-01','2017-02-28',1),(1863,2,196,'2017-02-01','2017-02-28',1),(1864,2,197,'2017-02-01','2017-02-28',1),(1865,2,198,'2017-02-01','2017-02-28',1),(1866,2,3,'2017-03-01','2017-03-31',1),(1867,2,5,'2017-03-01','2017-03-31',1),(1868,2,6,'2017-03-01','2017-03-31',1),(1869,2,7,'2017-03-01','2017-03-31',1),(1870,2,12,'2017-03-01','2017-03-31',1),(1871,2,13,'2017-03-01','2017-03-31',1),(1872,2,18,'2017-03-01','2017-03-31',1),(1873,2,21,'2017-03-01','2017-03-31',1),(1874,2,22,'2017-03-01','2017-03-31',1),(1875,2,25,'2017-03-01','2017-03-31',1),(1876,2,43,'2017-03-01','2017-03-31',1),(1877,2,50,'2017-03-01','2017-03-31',1),(1878,2,51,'2017-03-01','2017-03-31',1),(1879,2,52,'2017-03-01','2017-03-31',1),(1880,2,54,'2017-03-01','2017-03-31',1),(1881,2,55,'2017-03-01','2017-03-31',1),(1882,2,56,'2017-03-01','2017-03-31',1),(1883,2,57,'2017-03-01','2017-03-31',1),(1884,2,58,'2017-03-01','2017-03-31',1),(1885,2,59,'2017-03-01','2017-03-31',1),(1886,2,60,'2017-03-01','2017-03-31',1),(1887,2,63,'2017-03-01','2017-03-31',1),(1888,2,74,'2017-03-01','2017-03-31',1),(1889,2,75,'2017-03-01','2017-03-31',1),(1890,2,76,'2017-03-01','2017-03-31',1),(1891,2,78,'2017-03-01','2017-03-31',1),(1892,2,79,'2017-03-01','2017-03-31',1),(1893,2,81,'2017-03-01','2017-03-31',1),(1894,2,82,'2017-03-01','2017-03-31',1),(1895,2,83,'2017-03-01','2017-03-31',1),(1896,2,85,'2017-03-01','2017-03-31',1),(1897,2,86,'2017-03-01','2017-03-31',1),(1898,2,87,'2017-03-01','2017-03-31',1),(1899,2,88,'2017-03-01','2017-03-31',1),(1900,2,89,'2017-03-01','2017-03-31',1),(1901,2,90,'2017-03-01','2017-03-31',1),(1902,2,91,'2017-03-01','2017-03-31',1),(1903,2,92,'2017-03-01','2017-03-31',1),(1904,2,93,'2017-03-01','2017-03-31',1),(1905,2,94,'2017-03-01','2017-03-31',1),(1906,2,96,'2017-03-01','2017-03-31',1),(1907,2,98,'2017-03-01','2017-03-31',1),(1908,2,101,'2017-03-01','2017-03-31',1),(1909,2,102,'2017-03-01','2017-03-31',1),(1910,2,103,'2017-03-01','2017-03-31',1),(1911,2,104,'2017-03-01','2017-03-31',1),(1912,2,105,'2017-03-01','2017-03-31',1),(1913,2,106,'2017-03-01','2017-03-31',1),(1914,2,108,'2017-03-01','2017-03-31',1),(1915,2,109,'2017-03-01','2017-03-31',1),(1916,2,110,'2017-03-01','2017-03-31',1),(1917,2,111,'2017-03-01','2017-03-31',1),(1918,2,112,'2017-03-01','2017-03-31',1),(1919,2,113,'2017-03-01','2017-03-31',1),(1920,2,114,'2017-03-01','2017-03-31',1),(1921,2,115,'2017-03-01','2017-03-31',1),(1922,2,116,'2017-03-01','2017-03-31',1),(1923,2,117,'2017-03-01','2017-03-31',1),(1924,2,118,'2017-03-01','2017-03-31',1),(1925,2,119,'2017-03-01','2017-03-31',1),(1926,2,123,'2017-03-01','2017-03-31',1),(1927,2,124,'2017-03-01','2017-03-31',1),(1928,2,125,'2017-03-01','2017-03-31',1),(1929,2,126,'2017-03-01','2017-03-31',1),(1930,2,127,'2017-03-01','2017-03-31',1),(1931,2,129,'2017-03-01','2017-03-31',1),(1932,2,130,'2017-03-01','2017-03-31',1),(1933,2,131,'2017-03-01','2017-03-31',1),(1934,2,134,'2017-03-01','2017-03-31',1),(1935,2,136,'2017-03-01','2017-03-31',1),(1936,2,137,'2017-03-01','2017-03-31',1),(1937,2,139,'2017-03-01','2017-03-31',1),(1938,2,141,'2017-03-01','2017-03-31',1),(1939,2,142,'2017-03-01','2017-03-31',1),(1940,2,143,'2017-03-01','2017-03-31',1),(1941,2,145,'2017-03-01','2017-03-31',1),(1942,2,146,'2017-03-01','2017-03-31',1),(1943,2,148,'2017-03-01','2017-03-31',1),(1944,2,149,'2017-03-01','2017-03-31',1),(1945,2,150,'2017-03-01','2017-03-31',1),(1946,2,151,'2017-03-01','2017-03-31',1),(1947,2,152,'2017-03-01','2017-03-31',1),(1948,2,153,'2017-03-01','2017-03-31',1),(1949,2,154,'2017-03-01','2017-03-31',1),(1950,2,156,'2017-03-01','2017-03-31',1),(1951,2,157,'2017-03-01','2017-03-31',1),(1952,2,159,'2017-03-01','2017-03-31',1),(1953,2,160,'2017-03-01','2017-03-31',1),(1954,2,161,'2017-03-01','2017-03-31',1),(1955,2,162,'2017-03-01','2017-03-31',1),(1956,2,163,'2017-03-01','2017-03-31',1),(1957,2,164,'2017-03-01','2017-03-31',1),(1958,2,167,'2017-03-01','2017-03-31',1),(1959,2,168,'2017-03-01','2017-03-31',1),(1960,2,171,'2017-03-01','2017-03-31',1),(1961,2,172,'2017-03-01','2017-03-31',1),(1962,2,173,'2017-03-01','2017-03-31',1),(1963,2,177,'2017-03-01','2017-03-31',1),(1964,2,179,'2017-03-01','2017-03-31',1),(1965,2,180,'2017-03-01','2017-03-31',1),(1966,2,188,'2017-03-01','2017-03-31',1),(1967,2,190,'2017-03-01','2017-03-31',1),(1968,2,195,'2017-03-01','2017-03-31',1),(1969,2,196,'2017-03-01','2017-03-31',1),(1970,2,197,'2017-03-01','2017-03-31',1),(1971,2,198,'2017-03-01','2017-03-31',1),(1972,2,199,'2017-03-01','2017-03-31',1),(1973,1,19,'2017-03-01','2017-03-31',1),(1974,1,20,'2017-03-01','2017-03-31',1),(1975,1,64,'2017-03-01','2017-03-31',1),(1976,1,65,'2017-03-01','2017-03-31',1),(1977,1,66,'2017-03-01','2017-03-31',1),(1978,1,67,'2017-03-01','2017-03-31',1),(1979,1,68,'2017-03-01','2017-03-31',1),(1980,1,69,'2017-03-01','2017-03-31',1),(1981,1,70,'2017-03-01','2017-03-31',1),(1982,1,71,'2017-03-01','2017-03-31',1),(1983,1,72,'2017-03-01','2017-03-31',1),(1984,1,73,'2017-03-01','2017-03-31',1),(1985,1,95,'2017-03-01','2017-03-31',1),(1986,1,99,'2017-03-01','2017-03-31',1),(1987,1,107,'2017-03-01','2017-03-31',1),(1988,1,138,'2017-03-01','2017-03-31',1),(1989,1,140,'2017-03-01','2017-03-31',1),(1990,1,144,'2017-03-01','2017-03-31',1),(1991,1,169,'2017-03-01','2017-03-31',1),(1992,1,181,'2017-03-01','2017-03-31',1),(1993,1,182,'2017-03-01','2017-03-31',1),(1994,1,84,'2017-03-01','2017-03-31',1),(1995,1,133,'2017-03-01','2017-03-31',1),(1996,1,135,'2017-03-01','2017-03-31',1),(1997,1,158,'2017-03-01','2017-03-31',1),(1998,1,184,'2017-03-01','2017-03-31',1),(1999,1,194,'2017-03-01','2017-03-31',1);
/*!40000 ALTER TABLE `comision_esquema_vendedor` ENABLE KEYS */;
UNLOCK TABLES;

--
-- Table structure for table `concepto_capacidad`
--

DROP TABLE IF EXISTS `concepto_capacidad`;
/*!40101 SET @saved_cs_client     = @@character_set_client */;
/*!40101 SET character_set_client = utf8 */;
CREATE TABLE `concepto_capacidad` (
  `id` int(11) NOT NULL AUTO_INCREMENT,
  `nombre` varchar(25) NOT NULL,
  PRIMARY KEY (`id`)
) ENGINE=InnoDB AUTO_INCREMENT=3 DEFAULT CHARSET=utf8;
/*!40101 SET character_set_client = @saved_cs_client */;

--
-- Dumping data for table `concepto_capacidad`
--

LOCK TABLES `concepto_capacidad` WRITE;
/*!40000 ALTER TABLE `concepto_capacidad` DISABLE KEYS */;
INSERT INTO `concepto_capacidad` VALUES (1,'Gaveta'),(2,'Osario');
/*!40000 ALTER TABLE `concepto_capacidad` ENABLE KEYS */;
UNLOCK TABLES;

--
-- Table structure for table `configuracion_general`
--

DROP TABLE IF EXISTS `configuracion_general`;
/*!40101 SET @saved_cs_client     = @@character_set_client */;
/*!40101 SET character_set_client = utf8 */;
CREATE TABLE `configuracion_general` (
  `id` int(11) NOT NULL,
  `empresa_id` int(11) NOT NULL,
  `porcentaje_iva` int(11) NOT NULL,
  `activo` tinyint(1) NOT NULL DEFAULT '1',
  `folio_mtto` int(11) NOT NULL,
  `grafica_color_ventas` varchar(45) DEFAULT NULL,
  `grafica_color_reposiciones` varchar(45) DEFAULT NULL,
  `grafica_color_stock` varchar(45) DEFAULT NULL,
  `grafica_sobre_ventas` varchar(45) DEFAULT NULL,
  `grafica_sobre_reposiciones` varchar(45) DEFAULT NULL,
  `grafica_sobre_stock` varchar(45) DEFAULT NULL,
  PRIMARY KEY (`id`),
  KEY `fk_cofiguracion_general_empresa1_idx` (`empresa_id`),
  CONSTRAINT `fk_cofiguracion_general_empresa1` FOREIGN KEY (`empresa_id`) REFERENCES `empresa` (`id`) ON DELETE NO ACTION ON UPDATE NO ACTION
) ENGINE=InnoDB DEFAULT CHARSET=utf8;
/*!40101 SET character_set_client = @saved_cs_client */;

--
-- Dumping data for table `configuracion_general`
--

LOCK TABLES `configuracion_general` WRITE;
/*!40000 ALTER TABLE `configuracion_general` DISABLE KEYS */;
INSERT INTO `configuracion_general` VALUES (1,1,16,1,25,'#26C16E','#A91F15','#1578A9','#166B3E','#781710','#11587B');
/*!40000 ALTER TABLE `configuracion_general` ENABLE KEYS */;
UNLOCK TABLES;

--
-- Table structure for table `construccion`
--

DROP TABLE IF EXISTS `construccion`;
/*!40101 SET @saved_cs_client     = @@character_set_client */;
/*!40101 SET character_set_client = utf8 */;
CREATE TABLE `construccion` (
  `id` int(11) NOT NULL AUTO_INCREMENT,
  `producto_id` int(11) NOT NULL,
  `descripcion` varchar(80) NOT NULL,
  PRIMARY KEY (`id`),
  KEY `fk_construccion_producto1_idx` (`producto_id`),
  CONSTRAINT `fk_construccion_producto1` FOREIGN KEY (`producto_id`) REFERENCES `producto` (`id`) ON DELETE NO ACTION ON UPDATE NO ACTION
) ENGINE=InnoDB AUTO_INCREMENT=265 DEFAULT CHARSET=utf8;
/*!40101 SET character_set_client = @saved_cs_client */;

--
-- Dumping data for table `construccion`
--

LOCK TABLES `construccion` WRITE;
/*!40000 ALTER TABLE `construccion` DISABLE KEYS */;
INSERT INTO `construccion` VALUES (1,1,'Bajo pasto Sencilla'),(2,2,'Bajo pasto Sencilla'),(3,3,'Capilla Elevada'),(4,4,'Bajo Pasto Sencilla'),(5,5,'Bajo Pasto Sencilla'),(6,6,'Bajo Pasto Doble'),(7,7,'Bajo Pasto Doble'),(8,8,'Bajo Pasto Doble'),(9,9,'Bajo Pasto Doble'),(10,10,'Bajo Pasto Doble'),(11,11,'Bajo Pasto Doble'),(12,12,'Bajo Pasto Doble'),(13,13,'Bajo Pasto Doble'),(14,14,'Bajo Pasto Doble'),(15,15,'Bajo Pasto Sencilla'),(16,16,'Bajo Pasto Sencilla'),(17,17,'Bajo Pasto Sencilla'),(18,18,'Bajo Pasto Doble'),(19,19,'Bajo Pasto Doble'),(20,20,'Bajo Pasto Sencilla'),(21,21,'Bajo Pasto Sencilla'),(22,22,'Bajo Pasto Sencilla'),(23,23,'Bajo Pasto Sencilla'),(24,24,'Bajo Pasto Sencilla'),(25,25,'Bajo Pasto Sencilla'),(26,26,'Bajo Pasto Sencilla'),(27,27,'Bajo Pasto Sencilla'),(28,28,'Bajo Pasto Sencilla'),(29,29,'Bajo Pasto Sencilla'),(30,30,'Bajo Pasto Sencilla'),(31,31,'Bajo Pasto Sencilla'),(32,32,'Bajo Pasto Sencilla'),(33,33,'Bajo Pasto Sencilla'),(34,34,'Bajo Pasto Sencilla'),(35,35,'Bajo Pasto Sencilla'),(36,36,'Bajo Pasto Sencilla'),(37,37,'Bajo Pasto Sencilla'),(38,38,'Bajo Pasto Sencilla'),(39,39,'Bajo Pasto Sencilla'),(40,40,'Bajo Pasto Sencilla'),(41,41,'Bajo Pasto Sencilla'),(42,42,'Bajo Pasto Sencilla'),(43,43,'Bajo Pasto Sencilla'),(44,44,'Bajo Pasto Sencilla'),(45,45,'Bajo Pasto Sencilla'),(46,46,'Bajo Pasto Sencilla'),(47,47,'Bajo Pasto Sencilla'),(48,48,'Bajo Pasto Sencilla'),(49,49,'Bajo Pasto Sencilla'),(50,50,'Bajo Pasto Sencilla'),(51,51,'Bajo Pasto Sencilla'),(52,52,'Bajo Pasto Sencilla'),(53,53,'Bajo Pasto Sencilla'),(54,54,'Bajo Pasto Sencilla'),(55,55,'Bajo Pasto Sencilla'),(56,56,'Bajo Pasto Sencilla'),(57,57,'Bajo Pasto Sencilla'),(58,58,'Bajo Pasto Sencilla'),(59,59,'Bajo Pasto Sencilla'),(60,60,'Bajo Pasto Sencilla'),(61,61,'Bajo Pasto Sencilla'),(62,62,'Bajo Pasto Sencilla'),(63,63,'Bajo Pasto Sencilla'),(64,64,'Bajo Pasto Sencilla'),(65,65,'Bajo Pasto Sencilla'),(66,66,'Bajo Pasto Sencilla'),(67,67,'Bajo Pasto Sencilla'),(68,68,'Bajo Pasto Sencilla'),(69,69,'Bajo Pasto Sencilla'),(70,70,'Bajo Pasto Sencilla'),(71,71,'Bajo Pasto Sencilla'),(72,72,'Bajo Pasto Sencilla'),(73,73,'Bajo Pasto Sencilla'),(74,74,'Bajo Pasto Sencilla'),(75,75,'Bajo Pasto Sencilla'),(76,76,'Bajo Pasto Sencilla'),(77,77,'Bajo Pasto Sencilla'),(78,78,'Bajo Pasto Sencilla'),(79,79,'Bajo Pasto Sencilla'),(80,80,'Bajo Pasto Sencilla'),(81,81,'Bajo Pasto Sencilla'),(82,82,'Bajo Pasto Sencilla'),(83,83,'Bajo Pasto Sencilla'),(84,84,'Bajo Pasto Sencilla'),(85,85,'Bajo Pasto Sencilla'),(86,86,'Bajo Pasto Sencilla'),(87,87,'Bajo Pasto Sencilla'),(88,88,'Bajo Pasto Sencilla'),(89,89,'Bajo Pasto Sencilla'),(90,90,'Bajo Pasto Sencilla'),(91,91,'Bajo Pasto Sencilla'),(92,92,'Bajo Pasto Sencilla'),(93,93,'Bajo Pasto Sencilla'),(94,94,'Bajo Pasto Sencilla'),(95,95,'Bajo Pasto Sencilla'),(96,96,'Bajo Pasto Sencilla'),(97,97,'Bajo Pasto Sencilla'),(98,98,'Bajo Pasto Sencilla'),(99,99,'Bajo Pasto Sencilla'),(100,100,'Bajo Pasto Sencilla'),(101,101,'Bajo Pasto Sencilla'),(102,102,'Bajo Pasto Sencilla'),(103,103,'Bajo Pasto Sencilla'),(104,104,'Bajo Pasto Sencilla'),(105,105,'Bajo Pasto Sencilla'),(106,106,'Bajo Pasto Sencilla'),(107,107,'Bajo Pasto Sencilla'),(108,108,'Bajo Pasto Sencilla'),(109,109,'Bajo Pasto Sencilla'),(110,111,'Capilla Elevada'),(111,112,'Capilla Elevada'),(112,113,'Capilla Elevada'),(113,114,'Capilla Elevada'),(114,115,'Bajo Pasto Sencilla'),(115,116,'Bajo Pasto Sencilla'),(116,117,'Bajo Pasto Sencilla'),(117,118,'Bajo Pasto Sencilla'),(118,119,'Bajo Pasto Sencilla'),(119,120,'Bajo Pasto Sencilla'),(120,121,'Bajo Pasto Sencilla'),(121,122,'Bajo Pasto Sencilla'),(122,123,'Bajo Pasto Sencilla'),(123,124,'Bajo Pasto Sencilla'),(124,125,'Bajo Pasto Sencilla'),(125,126,'Bajo Pasto Sencilla'),(126,127,'Bajo Pasto Sencilla'),(127,128,'Bajo Pasto Sencilla'),(128,129,'Bajo Pasto Sencilla'),(129,130,'Bajo Pasto Sencilla'),(130,131,'Bajo Pasto Sencilla'),(131,132,'Bajo Pasto Sencilla'),(132,133,'Bajo Pasto Sencilla'),(133,134,'Bajo Pasto Sencilla'),(134,135,'Bajo Pasto Sencilla'),(135,136,'Bajo Pasto Sencilla'),(136,137,'Bajo Pasto Sencilla'),(137,138,'Bajo Pasto Sencilla'),(138,139,'Bajo Pasto Sencilla'),(139,140,'Bajo Pasto Sencilla'),(140,141,'Bajo Pasto Sencilla'),(141,142,'Bajo Pasto Sencilla'),(142,143,'Bajo Pasto Sencilla'),(143,144,'Bajo Pasto Sencilla'),(144,145,'Bajo Pasto Sencilla'),(145,146,'Bajo Pasto Sencilla'),(146,147,'Bajo Pasto Sencilla'),(147,148,'Bajo Pasto Sencilla'),(148,149,'Bajo Pasto Sencilla'),(149,150,'Bajo Pasto Sencilla'),(150,151,'Bajo Pasto Sencilla'),(151,152,'Bajo Pasto Sencilla'),(152,153,'Bajo Pasto Sencilla'),(153,154,'Bajo Pasto Sencilla'),(154,155,'Bajo Pasto Sencilla'),(155,156,'Bajo Pasto Sencilla'),(156,157,'Bajo Pasto Sencilla'),(157,158,'Bajo Pasto Sencilla'),(158,159,'Bajo Pasto Doble'),(159,160,'Bajo Pasto Sencilla'),(160,161,'Capilla Elevada'),(161,162,'Bajo Pasto Sencilla'),(162,163,'Bajo Pasto Sencilla'),(163,164,'Bajo Pasto Sencilla'),(164,165,'Bajo Pasto Sencilla'),(165,166,'Bajo Pasto Sencilla'),(166,167,'Bajo Pasto Sencilla'),(167,168,'Bajo Pasto Sencilla'),(168,169,'Bajo Pasto Sencilla'),(169,170,'Bajo Pasto Sencilla'),(170,171,'Bajo Pasto Sencilla'),(171,172,'Bajo Pasto Sencilla'),(172,173,'Bajo Pasto Sencilla'),(173,174,'Bajo Pasto Sencilla'),(174,175,'Bajo Pasto Sencilla'),(175,176,'Bajo Pasto Sencilla'),(176,177,'Bajo Pasto Sencilla'),(177,178,'Bajo Pasto Sencilla'),(178,179,'Bajo Pasto Sencilla'),(179,180,'Bajo Pasto Sencilla'),(180,181,'Bajo Pasto Sencilla'),(181,182,'Bajo Pasto Sencilla'),(182,183,'Bajo Pasto Sencilla'),(183,184,'Bajo Pasto Sencilla'),(184,185,'Bajo Pasto Sencilla'),(185,186,'Bajo Pasto Sencilla'),(186,187,'Bajo Pasto Sencilla'),(187,188,'Bajo Pasto Sencilla'),(188,189,'Bajo Pasto Sencilla'),(189,190,'Bajo Pasto Sencilla'),(190,191,'Bajo Pasto Sencilla'),(191,192,'Bajo Pasto Sencilla'),(192,193,'Bajo Pasto Sencilla'),(193,194,'Bajo Pasto Sencilla'),(194,195,'Bajo Pasto Sencilla'),(195,196,'Bajo Pasto Sencilla'),(196,197,'Bajo Pasto Sencilla'),(197,198,'Bajo Pasto Sencilla'),(198,199,'Bajo Pasto Sencilla'),(199,200,'Bajo Pasto Sencilla'),(200,201,'Bajo Pasto Sencilla'),(201,202,'Bajo Pasto Sencilla'),(202,203,'Bajo Pasto Sencilla'),(203,204,'Jardin privado Doble'),(204,205,'Bajo pasto Sencilla'),(205,206,'Bajo pasto Sencilla'),(206,207,'Capilla Elevada'),(207,208,'Capilla Elevada'),(208,209,'Capilla Elevada'),(209,210,'Capilla Elevada'),(210,211,'Bajo pasto Sencilla'),(211,212,'Bajo pasto Sencilla'),(212,213,'Capilla Elevada'),(213,214,'Bajo pasto Sencilla'),(214,215,'Tradicional Triple'),(215,216,'Tradicional Sencilla'),(216,217,'Tradicional Sencilla'),(217,218,'Tradicional Sencilla'),(218,219,'Bajo pasto Sencilla'),(219,220,'Bajo Pasto Sencilla'),(220,221,'Bajo Pasto Sencilla'),(221,222,'Bajo Pasto Sencilla'),(222,223,'Bajo Pasto Sencilla'),(223,224,'Bajo Pasto Sencilla'),(224,225,'Bajo Pasto Sencilla'),(225,226,'Bajo Pasto Sencilla'),(226,227,'Bajo Pasto Sencilla'),(227,228,'Bajo Pasto Sencilla'),(228,229,'Bajo Pasto Sencilla'),(229,230,'Bajo Pasto Sencilla'),(230,231,'Bajo Pasto Sencilla'),(231,232,'Bajo Pasto Sencilla'),(232,233,'Bajo Pasto Sencilla'),(234,272,'Bajo pasto Sencilla'),(235,367,'Bajo pasto Sencilla'),(236,420,'Jardin privado Doble'),(237,422,'Tradicional'),(238,429,'Bajo pasto Sencilla'),(239,430,'Bajo pasto Sencilla'),(240,433,'Bajo pasto Sencilla'),(241,434,'Tradicional Sencilla'),(242,436,'Bajo pasto Doble'),(243,437,'Bajo pasto Sencilla'),(244,438,'Bajo pasto Sencilla'),(245,442,'Bajo pasto Sencilla'),(246,443,'Bajo pasto Sencilla'),(247,444,'Bajo pasto Sencilla'),(248,449,'Bajo pasto Sencilla'),(249,450,'Bajo pasto Sencilla'),(250,451,'Bajo pasto Sencilla'),(251,452,'Bajo pasto Sencilla'),(252,464,'Bajo pasto Sencilla'),(253,466,'Bajo pasto Sencilla'),(254,468,'Bajo pasto Sencilla'),(255,469,'Bajo pasto Sencilla'),(256,472,'Bajo pasto Sencilla'),(257,473,'Bajo pasto Sencilla'),(258,477,'Tradicional Sencilla'),(259,478,'Bajo pasto Sencilla'),(260,479,'Bajo pasto Sencilla'),(261,480,'Bajo pasto Sencilla'),(262,482,'Bajo pasto Sencilla'),(263,484,'Bajo pasto Sencilla'),(264,485,'Bajo pasto Sencilla');
/*!40000 ALTER TABLE `construccion` ENABLE KEYS */;
UNLOCK TABLES;

--
-- Table structure for table `contrato`
--

DROP TABLE IF EXISTS `contrato`;
/*!40101 SET @saved_cs_client     = @@character_set_client */;
/*!40101 SET character_set_client = utf8 */;
CREATE TABLE `contrato` (
  `id` int(11) NOT NULL AUTO_INCREMENT,
  `formato_id` int(11) NOT NULL,
  `folio` varchar(10) NOT NULL,
  `observaciones` text,
  PRIMARY KEY (`id`),
  KEY `fk_contrato_formato1_idx` (`formato_id`),
  CONSTRAINT `fk_contrato_formato1` FOREIGN KEY (`formato_id`) REFERENCES `formato` (`id`) ON DELETE NO ACTION ON UPDATE NO ACTION
) ENGINE=InnoDB AUTO_INCREMENT=2 DEFAULT CHARSET=utf8;
/*!40101 SET character_set_client = @saved_cs_client */;

--
-- Dumping data for table `contrato`
--

LOCK TABLES `contrato` WRITE;
/*!40000 ALTER TABLE `contrato` DISABLE KEYS */;
INSERT INTO `contrato` VALUES (1,1,'abc123','creado solo con fines de relleno');
/*!40000 ALTER TABLE `contrato` ENABLE KEYS */;
UNLOCK TABLES;

--
-- Table structure for table `contrato_venta_producto`
--

DROP TABLE IF EXISTS `contrato_venta_producto`;
/*!40101 SET @saved_cs_client     = @@character_set_client */;
/*!40101 SET character_set_client = utf8 */;
CREATE TABLE `contrato_venta_producto` (
  `id` int(11) NOT NULL AUTO_INCREMENT,
  `contrato_id` int(11) NOT NULL,
  `venta_producto_id` int(11) NOT NULL,
  PRIMARY KEY (`id`),
  KEY `fk_auxiliar_contratos_contrato1_idx` (`contrato_id`),
  KEY `fk_auxiliar_contratos_venta_producto1_idx` (`venta_producto_id`),
  CONSTRAINT `fk_auxiliar_contratos_contrato1` FOREIGN KEY (`contrato_id`) REFERENCES `contrato` (`id`) ON DELETE NO ACTION ON UPDATE NO ACTION,
  CONSTRAINT `fk_auxiliar_contratos_venta_producto1` FOREIGN KEY (`venta_producto_id`) REFERENCES `venta_producto` (`id`) ON DELETE NO ACTION ON UPDATE NO ACTION
) ENGINE=InnoDB DEFAULT CHARSET=utf8;
/*!40101 SET character_set_client = @saved_cs_client */;

--
-- Dumping data for table `contrato_venta_producto`
--

LOCK TABLES `contrato_venta_producto` WRITE;
/*!40000 ALTER TABLE `contrato_venta_producto` DISABLE KEYS */;
/*!40000 ALTER TABLE `contrato_venta_producto` ENABLE KEYS */;
UNLOCK TABLES;

--
-- Table structure for table `cupon`
--

DROP TABLE IF EXISTS `cupon`;
/*!40101 SET @saved_cs_client     = @@character_set_client */;
/*!40101 SET character_set_client = utf8 */;
CREATE TABLE `cupon` (
  `id` int(11) NOT NULL AUTO_INCREMENT,
  `cliente_id` int(11) NOT NULL,
  `descuento` double NOT NULL,
  `descripcion` text NOT NULL,
  `porcentaje` double NOT NULL,
  `activo` tinyint(1) NOT NULL DEFAULT '1',
  PRIMARY KEY (`id`),
  KEY `fk_cupon_cliente1_idx` (`cliente_id`),
  CONSTRAINT `fk_cupon_cliente1` FOREIGN KEY (`cliente_id`) REFERENCES `cliente` (`id`) ON DELETE NO ACTION ON UPDATE NO ACTION
) ENGINE=InnoDB AUTO_INCREMENT=2 DEFAULT CHARSET=utf8;
/*!40101 SET character_set_client = @saved_cs_client */;

--
-- Dumping data for table `cupon`
--

LOCK TABLES `cupon` WRITE;
/*!40000 ALTER TABLE `cupon` DISABLE KEYS */;
INSERT INTO `cupon` VALUES (1,170,22180,'Compra de 2 servicios y terreno',20,1);
/*!40000 ALTER TABLE `cupon` ENABLE KEYS */;
UNLOCK TABLES;

--
-- Table structure for table `cupon_venta`
--

DROP TABLE IF EXISTS `cupon_venta`;
/*!40101 SET @saved_cs_client     = @@character_set_client */;
/*!40101 SET character_set_client = utf8 */;
CREATE TABLE `cupon_venta` (
  `id` int(11) NOT NULL AUTO_INCREMENT,
  `cupon_id` int(11) NOT NULL,
  `venta_id` int(11) NOT NULL,
  PRIMARY KEY (`id`),
  KEY `fk_cupon_venta_cupon1_idx` (`cupon_id`),
  KEY `fk_cupon_venta_venta1_idx` (`venta_id`),
  CONSTRAINT `fk_cupon_venta_cupon1` FOREIGN KEY (`cupon_id`) REFERENCES `cupon` (`id`) ON DELETE NO ACTION ON UPDATE NO ACTION,
  CONSTRAINT `fk_cupon_venta_venta1` FOREIGN KEY (`venta_id`) REFERENCES `venta` (`id`) ON DELETE NO ACTION ON UPDATE NO ACTION
) ENGINE=InnoDB DEFAULT CHARSET=utf8;
/*!40101 SET character_set_client = @saved_cs_client */;

--
-- Dumping data for table `cupon_venta`
--

LOCK TABLES `cupon_venta` WRITE;
/*!40000 ALTER TABLE `cupon_venta` DISABLE KEYS */;
/*!40000 ALTER TABLE `cupon_venta` ENABLE KEYS */;
UNLOCK TABLES;

--
-- Table structure for table `departamento`
--

DROP TABLE IF EXISTS `departamento`;
/*!40101 SET @saved_cs_client     = @@character_set_client */;
/*!40101 SET character_set_client = utf8 */;
CREATE TABLE `departamento` (
  `id` int(11) NOT NULL AUTO_INCREMENT,
  `nombre` varchar(80) NOT NULL,
  `nombre_corto` varchar(45) NOT NULL,
  PRIMARY KEY (`id`)
) ENGINE=InnoDB AUTO_INCREMENT=8 DEFAULT CHARSET=utf8;
/*!40101 SET character_set_client = @saved_cs_client */;

--
-- Dumping data for table `departamento`
--

LOCK TABLES `departamento` WRITE;
/*!40000 ALTER TABLE `departamento` DISABLE KEYS */;
INSERT INTO `departamento` VALUES (1,'Sistemas','S'),(2,'Mantenimiento','M'),(3,'Recubrimientos','R'),(4,'Operaciones','O'),(5,'Ventas','V'),(6,'Administracion','A'),(7,'Tramites','T');
/*!40000 ALTER TABLE `departamento` ENABLE KEYS */;
UNLOCK TABLES;

--
-- Table structure for table `empleado`
--

DROP TABLE IF EXISTS `empleado`;
/*!40101 SET @saved_cs_client     = @@character_set_client */;
/*!40101 SET character_set_client = utf8 */;
CREATE TABLE `empleado` (
  `id` int(11) NOT NULL AUTO_INCREMENT,
  `persona_id` int(11) NOT NULL,
  `puesto_id` int(11) NOT NULL,
  `fecha_ingreso` date NOT NULL,
  `activo` tinyint(1) NOT NULL DEFAULT '1',
  PRIMARY KEY (`id`,`persona_id`),
  KEY `fk_jardinero_persona1_idx` (`persona_id`),
  KEY `fk_empleado_puesto1_idx` (`puesto_id`),
  CONSTRAINT `fk_empleado_puesto1` FOREIGN KEY (`puesto_id`) REFERENCES `puesto` (`id`) ON DELETE NO ACTION ON UPDATE NO ACTION,
  CONSTRAINT `fk_jardinero_persona1` FOREIGN KEY (`persona_id`) REFERENCES `persona` (`id`) ON DELETE NO ACTION ON UPDATE NO ACTION
) ENGINE=InnoDB AUTO_INCREMENT=40 DEFAULT CHARSET=utf8;
/*!40101 SET character_set_client = @saved_cs_client */;

--
-- Dumping data for table `empleado`
--

LOCK TABLES `empleado` WRITE;
/*!40000 ALTER TABLE `empleado` DISABLE KEYS */;
INSERT INTO `empleado` VALUES (1,136,1,'2015-02-12',0),(2,137,1,'1989-03-31',0),(3,138,1,'2015-02-02',1),(4,139,4,'2015-02-03',1),(5,140,1,'2015-02-02',0),(6,141,1,'2015-08-14',1),(7,142,1,'2015-02-14',1),(8,143,1,'2015-02-24',1),(9,144,3,'2015-02-08',1),(10,145,1,'2015-02-02',0),(11,146,4,'0000-00-00',1),(12,147,2,'0000-00-00',1),(13,148,2,'0000-00-00',1),(14,149,2,'0000-00-00',1),(15,150,2,'0000-00-00',1),(16,151,2,'2015-02-24',0),(17,152,3,'0000-00-00',1),(18,153,3,'0000-00-00',1),(19,154,3,'0000-00-00',1),(20,155,3,'0000-00-00',0),(21,156,5,'0000-00-00',1),(22,166,2,'2015-05-07',0),(23,198,1,'2015-11-27',0),(24,199,4,'2015-11-27',1),(25,200,4,'2015-11-27',1),(26,201,4,'2015-11-27',1),(27,202,4,'2015-11-27',1),(28,203,1,'2015-11-27',1),(29,204,5,'2015-11-27',1),(30,205,2,'2015-11-27',1),(31,208,1,'2016-01-11',1),(32,209,1,'2016-01-21',1),(33,211,4,'0000-00-00',1),(34,212,3,'0000-00-00',1),(35,213,3,'0000-00-00',1),(36,214,7,'0000-00-00',1),(37,215,7,'0000-00-00',1),(38,216,7,'0000-00-00',1),(39,217,7,'0000-00-00',1);
/*!40000 ALTER TABLE `empleado` ENABLE KEYS */;
UNLOCK TABLES;

--
-- Table structure for table `empresa`
--

DROP TABLE IF EXISTS `empresa`;
/*!40101 SET @saved_cs_client     = @@character_set_client */;
/*!40101 SET character_set_client = utf8 */;
CREATE TABLE `empresa` (
  `id` int(11) NOT NULL AUTO_INCREMENT,
  `nombre` varchar(100) NOT NULL,
  `razon_social` varchar(150) NOT NULL,
  `rfc` varchar(15) NOT NULL,
  `telefono` varchar(40) NOT NULL,
  `domicilio` varchar(200) NOT NULL,
  `cp` int(11) NOT NULL,
  `municipio_id` int(11) NOT NULL,
  `activa` tinyint(1) NOT NULL DEFAULT '1',
  `logo` varchar(40) DEFAULT NULL,
  PRIMARY KEY (`id`),
  KEY `fk_empresa_municipio1_idx` (`municipio_id`),
  CONSTRAINT `fk_empresa_municipio1` FOREIGN KEY (`municipio_id`) REFERENCES `municipio` (`id`) ON DELETE NO ACTION ON UPDATE NO ACTION
) ENGINE=InnoDB AUTO_INCREMENT=2 DEFAULT CHARSET=utf8;
/*!40101 SET character_set_client = @saved_cs_client */;

--
-- Dumping data for table `empresa`
--

LOCK TABLES `empresa` WRITE;
/*!40000 ALTER TABLE `empresa` DISABLE KEYS */;
INSERT INTO `empresa` VALUES (1,'Parque Funeral Guadalupe','INVERSIONES PFG S.A. DE C.V.','IPF060209STA','8357-2875','Ex-Ejido Mederos S/N Col. La Estanzuela',64988,40,1,'virgen.png');
/*!40000 ALTER TABLE `empresa` ENABLE KEYS */;
UNLOCK TABLES;

--
-- Table structure for table `esquema_comision`
--

DROP TABLE IF EXISTS `esquema_comision`;
/*!40101 SET @saved_cs_client     = @@character_set_client */;
/*!40101 SET character_set_client = utf8 */;
CREATE TABLE `esquema_comision` (
  `id` int(11) NOT NULL AUTO_INCREMENT,
  `venta_min` double NOT NULL,
  `venta_max` double NOT NULL,
  `porcentaje` int(11) NOT NULL,
  `activo` tinyint(4) NOT NULL DEFAULT '1',
  PRIMARY KEY (`id`)
) ENGINE=InnoDB AUTO_INCREMENT=5 DEFAULT CHARSET=utf8;
/*!40101 SET character_set_client = @saved_cs_client */;

--
-- Dumping data for table `esquema_comision`
--

LOCK TABLES `esquema_comision` WRITE;
/*!40000 ALTER TABLE `esquema_comision` DISABLE KEYS */;
INSERT INTO `esquema_comision` VALUES (1,1,300999,12,1),(2,301000,600999,13,1),(3,601000,1000000,14,1),(4,1000001,100000000,15,1);
/*!40000 ALTER TABLE `esquema_comision` ENABLE KEYS */;
UNLOCK TABLES;

--
-- Table structure for table `estado`
--

DROP TABLE IF EXISTS `estado`;
/*!40101 SET @saved_cs_client     = @@character_set_client */;
/*!40101 SET character_set_client = utf8 */;
CREATE TABLE `estado` (
  `id` int(11) NOT NULL AUTO_INCREMENT,
  `pais_id` int(11) NOT NULL,
  `nombre` varchar(80) NOT NULL,
  PRIMARY KEY (`id`,`pais_id`),
  KEY `fk_estado_pais1_idx` (`pais_id`),
  CONSTRAINT `fk_estado_pais1` FOREIGN KEY (`pais_id`) REFERENCES `pais` (`id`) ON DELETE NO ACTION ON UPDATE NO ACTION
) ENGINE=InnoDB AUTO_INCREMENT=33 DEFAULT CHARSET=utf8;
/*!40101 SET character_set_client = @saved_cs_client */;

--
-- Dumping data for table `estado`
--

LOCK TABLES `estado` WRITE;
/*!40000 ALTER TABLE `estado` DISABLE KEYS */;
INSERT INTO `estado` VALUES (1,1,'Aguascalientes'),(2,1,'Baja California'),(3,1,'Baja California Sur'),(4,1,'Campeche'),(5,1,'Chiapas'),(6,1,'Chihuahua'),(7,1,'Coahuila'),(8,1,'Colima'),(9,1,'Distrito Federal'),(10,1,'Durango'),(11,1,'Estado de Mxico'),(12,1,'Guanajuato'),(13,1,'Guerrero'),(14,1,'Hidalgo'),(15,1,'Jalisco'),(16,1,'Michoacn'),(17,1,'Morelos'),(18,1,'Nayarit'),(19,1,'Nuevo Len'),(20,1,'Oaxaca'),(21,1,'Puebla'),(22,1,'Quertaro'),(23,1,'Quintana Roo'),(24,1,'San Luis Potos'),(25,1,'Sinaloa'),(26,1,'Sonora'),(27,1,'Tabasco'),(28,1,'Tamaulipas'),(29,1,'Tlaxcala'),(30,1,'Veracruz'),(31,1,'Yucatn'),(32,1,'Zacatecas');
/*!40000 ALTER TABLE `estado` ENABLE KEYS */;
UNLOCK TABLES;

--
-- Table structure for table `estado_civil`
--

DROP TABLE IF EXISTS `estado_civil`;
/*!40101 SET @saved_cs_client     = @@character_set_client */;
/*!40101 SET character_set_client = utf8 */;
CREATE TABLE `estado_civil` (
  `id` int(11) NOT NULL AUTO_INCREMENT,
  `descripcion` varchar(30) NOT NULL,
  PRIMARY KEY (`id`)
) ENGINE=InnoDB AUTO_INCREMENT=6 DEFAULT CHARSET=utf8;
/*!40101 SET character_set_client = @saved_cs_client */;

--
-- Dumping data for table `estado_civil`
--

LOCK TABLES `estado_civil` WRITE;
/*!40000 ALTER TABLE `estado_civil` DISABLE KEYS */;
INSERT INTO `estado_civil` VALUES (1,'Soltero'),(2,'Casado'),(3,'Divorciado'),(4,'Viudo '),(5,'Indefinido');
/*!40000 ALTER TABLE `estado_civil` ENABLE KEYS */;
UNLOCK TABLES;

--
-- Table structure for table `estatus`
--

DROP TABLE IF EXISTS `estatus`;
/*!40101 SET @saved_cs_client     = @@character_set_client */;
/*!40101 SET character_set_client = utf8 */;
CREATE TABLE `estatus` (
  `id` int(11) NOT NULL AUTO_INCREMENT,
  `etapa_id` int(11) NOT NULL,
  `venta_recubrimiento_id` int(11) NOT NULL,
  `fecha ingreso` timestamp NOT NULL DEFAULT CURRENT_TIMESTAMP ON UPDATE CURRENT_TIMESTAMP,
  `concluido` tinyint(1) NOT NULL,
  `comentarios` text,
  PRIMARY KEY (`id`),
  KEY `fk_estatus_etapa1_idx` (`etapa_id`),
  KEY `fk_estatus_venta_recubrimiento1_idx` (`venta_recubrimiento_id`),
  CONSTRAINT `fk_estatus_etapa1` FOREIGN KEY (`etapa_id`) REFERENCES `etapa` (`id`) ON DELETE NO ACTION ON UPDATE NO ACTION,
  CONSTRAINT `fk_estatus_venta_recubrimiento1` FOREIGN KEY (`venta_recubrimiento_id`) REFERENCES `venta_recubrimiento` (`id`) ON DELETE NO ACTION ON UPDATE NO ACTION
) ENGINE=InnoDB DEFAULT CHARSET=utf8;
/*!40101 SET character_set_client = @saved_cs_client */;

--
-- Dumping data for table `estatus`
--

LOCK TABLES `estatus` WRITE;
/*!40000 ALTER TABLE `estatus` DISABLE KEYS */;
/*!40000 ALTER TABLE `estatus` ENABLE KEYS */;
UNLOCK TABLES;

--
-- Table structure for table `etapa`
--

DROP TABLE IF EXISTS `etapa`;
/*!40101 SET @saved_cs_client     = @@character_set_client */;
/*!40101 SET character_set_client = utf8 */;
CREATE TABLE `etapa` (
  `id` int(11) NOT NULL AUTO_INCREMENT,
  `nombre` varchar(45) NOT NULL,
  `descripcion` text NOT NULL,
  `numero_orden` int(11) NOT NULL,
  `color` char(7) NOT NULL,
  PRIMARY KEY (`id`)
) ENGINE=InnoDB DEFAULT CHARSET=utf8;
/*!40101 SET character_set_client = @saved_cs_client */;

--
-- Dumping data for table `etapa`
--

LOCK TABLES `etapa` WRITE;
/*!40000 ALTER TABLE `etapa` DISABLE KEYS */;
/*!40000 ALTER TABLE `etapa` ENABLE KEYS */;
UNLOCK TABLES;

--
-- Table structure for table `evento`
--

DROP TABLE IF EXISTS `evento`;
/*!40101 SET @saved_cs_client     = @@character_set_client */;
/*!40101 SET character_set_client = utf8 */;
CREATE TABLE `evento` (
  `id` int(11) NOT NULL AUTO_INCREMENT,
  `recibo_id` int(11) NOT NULL,
  `evento` varchar(100) NOT NULL,
  PRIMARY KEY (`id`),
  KEY `fk_evento_recibo1_idx` (`recibo_id`),
  CONSTRAINT `fk_evento_recibo1` FOREIGN KEY (`recibo_id`) REFERENCES `recibo` (`id`) ON DELETE NO ACTION ON UPDATE NO ACTION
) ENGINE=InnoDB DEFAULT CHARSET=utf8;
/*!40101 SET character_set_client = @saved_cs_client */;

--
-- Dumping data for table `evento`
--

LOCK TABLES `evento` WRITE;
/*!40000 ALTER TABLE `evento` DISABLE KEYS */;
/*!40000 ALTER TABLE `evento` ENABLE KEYS */;
UNLOCK TABLES;

--
-- Table structure for table `exhumacion`
--

DROP TABLE IF EXISTS `exhumacion`;
/*!40101 SET @saved_cs_client     = @@character_set_client */;
/*!40101 SET character_set_client = utf8 */;
CREATE TABLE `exhumacion` (
  `id` int(11) NOT NULL AUTO_INCREMENT,
  `producto_id` int(11) NOT NULL,
  PRIMARY KEY (`id`),
  KEY `fk_exhumacion_producto1_idx` (`producto_id`),
  CONSTRAINT `fk_exhumacion_producto1` FOREIGN KEY (`producto_id`) REFERENCES `producto` (`id`) ON DELETE NO ACTION ON UPDATE NO ACTION
) ENGINE=InnoDB DEFAULT CHARSET=utf8;
/*!40101 SET character_set_client = @saved_cs_client */;

--
-- Dumping data for table `exhumacion`
--

LOCK TABLES `exhumacion` WRITE;
/*!40000 ALTER TABLE `exhumacion` DISABLE KEYS */;
/*!40000 ALTER TABLE `exhumacion` ENABLE KEYS */;
UNLOCK TABLES;

--
-- Table structure for table `extra`
--

DROP TABLE IF EXISTS `extra`;
/*!40101 SET @saved_cs_client     = @@character_set_client */;
/*!40101 SET character_set_client = utf8 */;
CREATE TABLE `extra` (
  `id` int(11) NOT NULL AUTO_INCREMENT,
  `producto_id` int(11) NOT NULL,
  `descripcion` text,
  PRIMARY KEY (`id`),
  KEY `fk_extra_producto1_idx` (`producto_id`),
  CONSTRAINT `fk_extra_producto1` FOREIGN KEY (`producto_id`) REFERENCES `producto` (`id`) ON DELETE NO ACTION ON UPDATE NO ACTION
) ENGINE=InnoDB AUTO_INCREMENT=2 DEFAULT CHARSET=utf8;
/*!40101 SET character_set_client = @saved_cs_client */;

--
-- Dumping data for table `extra`
--

LOCK TABLES `extra` WRITE;
/*!40000 ALTER TABLE `extra` DISABLE KEYS */;
INSERT INTO `extra` VALUES (1,421,'Traslado directo');
/*!40000 ALTER TABLE `extra` ENABLE KEYS */;
UNLOCK TABLES;

--
-- Table structure for table `forma_pago`
--

DROP TABLE IF EXISTS `forma_pago`;
/*!40101 SET @saved_cs_client     = @@character_set_client */;
/*!40101 SET character_set_client = utf8 */;
CREATE TABLE `forma_pago` (
  `id` int(11) NOT NULL AUTO_INCREMENT,
  `descripcion` varchar(45) NOT NULL,
  PRIMARY KEY (`id`)
) ENGINE=InnoDB AUTO_INCREMENT=6 DEFAULT CHARSET=utf8;
/*!40101 SET character_set_client = @saved_cs_client */;

--
-- Dumping data for table `forma_pago`
--

LOCK TABLES `forma_pago` WRITE;
/*!40000 ALTER TABLE `forma_pago` DISABLE KEYS */;
INSERT INTO `forma_pago` VALUES (1,'Efectivo'),(2,'Tarjeta de Crdito'),(3,'Transferencia Bancaria'),(4,'Cheque'),(5,'Tarjeta de dbito');
/*!40000 ALTER TABLE `forma_pago` ENABLE KEYS */;
UNLOCK TABLES;

--
-- Table structure for table `formato`
--

DROP TABLE IF EXISTS `formato`;
/*!40101 SET @saved_cs_client     = @@character_set_client */;
/*!40101 SET character_set_client = utf8 */;
CREATE TABLE `formato` (
  `id` int(11) NOT NULL AUTO_INCREMENT,
  `descripcion` text NOT NULL,
  `version` double NOT NULL DEFAULT '1',
  `activo` tinyint(1) NOT NULL DEFAULT '1',
  `create_at` timestamp NOT NULL DEFAULT CURRENT_TIMESTAMP ON UPDATE CURRENT_TIMESTAMP,
  `updated_at` timestamp NOT NULL DEFAULT '0000-00-00 00:00:00',
  `ruta_formato` varchar(150) NOT NULL,
  PRIMARY KEY (`id`)
) ENGINE=InnoDB AUTO_INCREMENT=2 DEFAULT CHARSET=utf8;
/*!40101 SET character_set_client = @saved_cs_client */;

--
-- Dumping data for table `formato`
--

LOCK TABLES `formato` WRITE;
/*!40000 ALTER TABLE `formato` DISABLE KEYS */;
INSERT INTO `formato` VALUES (1,'Contrato de lote funerario',1,1,'2015-02-24 22:34:56','0000-00-00 00:00:00','');
/*!40000 ALTER TABLE `formato` ENABLE KEYS */;
UNLOCK TABLES;

--
-- Table structure for table `funeraria`
--

DROP TABLE IF EXISTS `funeraria`;
/*!40101 SET @saved_cs_client     = @@character_set_client */;
/*!40101 SET character_set_client = utf8 */;
CREATE TABLE `funeraria` (
  `id` int(11) NOT NULL AUTO_INCREMENT,
  `nombre` varchar(100) NOT NULL,
  PRIMARY KEY (`id`)
) ENGINE=InnoDB AUTO_INCREMENT=4 DEFAULT CHARSET=utf8;
/*!40101 SET character_set_client = @saved_cs_client */;

--
-- Dumping data for table `funeraria`
--

LOCK TABLES `funeraria` WRITE;
/*!40000 ALTER TABLE `funeraria` DISABLE KEYS */;
INSERT INTO `funeraria` VALUES (1,'Capillas Parque Funeral Guadalupe'),(2,'Capillas Marianas'),(3,'Capillas Benito M. Flores');
/*!40000 ALTER TABLE `funeraria` ENABLE KEYS */;
UNLOCK TABLES;

--
-- Table structure for table `funeraria_venta_inhumacion`
--

DROP TABLE IF EXISTS `funeraria_venta_inhumacion`;
/*!40101 SET @saved_cs_client     = @@character_set_client */;
/*!40101 SET character_set_client = utf8 */;
CREATE TABLE `funeraria_venta_inhumacion` (
  `id` int(11) NOT NULL AUTO_INCREMENT,
  `funeraria_id` int(11) NOT NULL,
  `venta_inhumacion_id` int(11) NOT NULL,
  PRIMARY KEY (`id`),
  KEY `fk_funeraria_venta_inhumacion_capilla1_idx` (`funeraria_id`),
  KEY `fk_funeraria_venta_inhumacion_venta_inhumacion1_idx` (`venta_inhumacion_id`),
  CONSTRAINT `fk_funeraria_venta_inhumacion_capilla1` FOREIGN KEY (`funeraria_id`) REFERENCES `funeraria` (`id`) ON DELETE NO ACTION ON UPDATE NO ACTION,
  CONSTRAINT `fk_funeraria_venta_inhumacion_venta_inhumacion1` FOREIGN KEY (`venta_inhumacion_id`) REFERENCES `venta_inhumacion` (`id`) ON DELETE NO ACTION ON UPDATE NO ACTION
) ENGINE=InnoDB DEFAULT CHARSET=utf8;
/*!40101 SET character_set_client = @saved_cs_client */;

--
-- Dumping data for table `funeraria_venta_inhumacion`
--

LOCK TABLES `funeraria_venta_inhumacion` WRITE;
/*!40000 ALTER TABLE `funeraria_venta_inhumacion` DISABLE KEYS */;
/*!40000 ALTER TABLE `funeraria_venta_inhumacion` ENABLE KEYS */;
UNLOCK TABLES;

--
-- Table structure for table `infonavit`
--

DROP TABLE IF EXISTS `infonavit`;
/*!40101 SET @saved_cs_client     = @@character_set_client */;
/*!40101 SET character_set_client = utf8 */;
CREATE TABLE `infonavit` (
  `id` int(11) NOT NULL AUTO_INCREMENT,
  `monto` double NOT NULL,
  `activo` tinyint(1) NOT NULL DEFAULT '1',
  `empleado_id` int(11) NOT NULL,
  PRIMARY KEY (`id`),
  KEY `fk_infonavit_empleado1_idx` (`empleado_id`),
  CONSTRAINT `fk_infonavit_empleado1` FOREIGN KEY (`empleado_id`) REFERENCES `empleado` (`id`) ON DELETE NO ACTION ON UPDATE NO ACTION
) ENGINE=InnoDB DEFAULT CHARSET=utf8;
/*!40101 SET character_set_client = @saved_cs_client */;

--
-- Dumping data for table `infonavit`
--

LOCK TABLES `infonavit` WRITE;
/*!40000 ALTER TABLE `infonavit` DISABLE KEYS */;
/*!40000 ALTER TABLE `infonavit` ENABLE KEYS */;
UNLOCK TABLES;

--
-- Table structure for table `inhumacion`
--

DROP TABLE IF EXISTS `inhumacion`;
/*!40101 SET @saved_cs_client     = @@character_set_client */;
/*!40101 SET character_set_client = utf8 */;
CREATE TABLE `inhumacion` (
  `id` int(11) NOT NULL AUTO_INCREMENT,
  `producto_id` int(11) NOT NULL,
  PRIMARY KEY (`id`),
  KEY `fk_inhumacion_producto1_idx` (`producto_id`),
  CONSTRAINT `fk_inhumacion_producto1` FOREIGN KEY (`producto_id`) REFERENCES `producto` (`id`) ON DELETE NO ACTION ON UPDATE NO ACTION
) ENGINE=InnoDB DEFAULT CHARSET=utf8;
/*!40101 SET character_set_client = @saved_cs_client */;

--
-- Dumping data for table `inhumacion`
--

LOCK TABLES `inhumacion` WRITE;
/*!40000 ALTER TABLE `inhumacion` DISABLE KEYS */;
/*!40000 ALTER TABLE `inhumacion` ENABLE KEYS */;
UNLOCK TABLES;

--
-- Table structure for table `inhumado`
--

DROP TABLE IF EXISTS `inhumado`;
/*!40101 SET @saved_cs_client     = @@character_set_client */;
/*!40101 SET character_set_client = utf8 */;
CREATE TABLE `inhumado` (
  `id` int(11) NOT NULL AUTO_INCREMENT,
  `persona_id` int(11) NOT NULL,
  `fecha_deceso` date NOT NULL,
  `fecha_nacimiento` date DEFAULT NULL,
  PRIMARY KEY (`id`,`persona_id`),
  KEY `fk_inhumado_persona1_idx` (`persona_id`),
  CONSTRAINT `fk_inhumado_persona1` FOREIGN KEY (`persona_id`) REFERENCES `persona` (`id`) ON DELETE NO ACTION ON UPDATE NO ACTION
) ENGINE=InnoDB AUTO_INCREMENT=3 DEFAULT CHARSET=utf8;
/*!40101 SET character_set_client = @saved_cs_client */;

--
-- Dumping data for table `inhumado`
--

LOCK TABLES `inhumado` WRITE;
/*!40000 ALTER TABLE `inhumado` DISABLE KEYS */;
INSERT INTO `inhumado` VALUES (1,32,'2012-08-12','1976-03-23'),(2,98,'2013-09-12','1989-03-31');
/*!40000 ALTER TABLE `inhumado` ENABLE KEYS */;
UNLOCK TABLES;

--
-- Table structure for table `inventario`
--

DROP TABLE IF EXISTS `inventario`;
/*!40101 SET @saved_cs_client     = @@character_set_client */;
/*!40101 SET character_set_client = utf8 */;
CREATE TABLE `inventario` (
  `id` int(11) NOT NULL AUTO_INCREMENT,
  `almacen_id` int(11) NOT NULL,
  `unidad_medida_id` int(11) NOT NULL,
  `existencia` int(11) NOT NULL,
  `nombre` varchar(80) NOT NULL,
  `descripcion` text,
  PRIMARY KEY (`id`),
  KEY `fk_inventario_almacen1_idx` (`almacen_id`),
  KEY `fk_material_unidad_medida1_idx` (`unidad_medida_id`),
  CONSTRAINT `fk_inventario_almacen1` FOREIGN KEY (`almacen_id`) REFERENCES `almacen` (`id`) ON DELETE NO ACTION ON UPDATE NO ACTION,
  CONSTRAINT `fk_material_unidad_medida1` FOREIGN KEY (`unidad_medida_id`) REFERENCES `unidad_medida` (`id`) ON DELETE NO ACTION ON UPDATE NO ACTION
) ENGINE=InnoDB DEFAULT CHARSET=utf8;
/*!40101 SET character_set_client = @saved_cs_client */;

--
-- Dumping data for table `inventario`
--

LOCK TABLES `inventario` WRITE;
/*!40000 ALTER TABLE `inventario` DISABLE KEYS */;
/*!40000 ALTER TABLE `inventario` ENABLE KEYS */;
UNLOCK TABLES;

--
-- Table structure for table `inventario_recubrimientos`
--

DROP TABLE IF EXISTS `inventario_recubrimientos`;
/*!40101 SET @saved_cs_client     = @@character_set_client */;
/*!40101 SET character_set_client = utf8 */;
CREATE TABLE `inventario_recubrimientos` (
  `id` int(11) NOT NULL AUTO_INCREMENT,
  `area_stock` double NOT NULL,
  `precio_stock` double NOT NULL,
  `area_usada` double NOT NULL DEFAULT '0',
  `activo` tinyint(1) NOT NULL DEFAULT '1',
  `lamina_alta_id` int(11) NOT NULL,
  `created_at` datetime NOT NULL,
  `updated_at` datetime NOT NULL,
  PRIMARY KEY (`id`),
  KEY `fk_inventario_recub_lamina_alta1_idx` (`lamina_alta_id`),
  CONSTRAINT `fk_inventario_recub_lamina_alta1` FOREIGN KEY (`lamina_alta_id`) REFERENCES `lamina_alta` (`id`) ON DELETE NO ACTION ON UPDATE NO ACTION
) ENGINE=InnoDB AUTO_INCREMENT=63 DEFAULT CHARSET=utf8;
/*!40101 SET character_set_client = @saved_cs_client */;

--
-- Dumping data for table `inventario_recubrimientos`
--

LOCK TABLES `inventario_recubrimientos` WRITE;
/*!40000 ALTER TABLE `inventario_recubrimientos` DISABLE KEYS */;
INSERT INTO `inventario_recubrimientos` VALUES (1,0,0,1.02,0,1,'2015-12-11 15:31:44','2015-12-09 00:00:00'),(2,0.2604,403,0,1,2,'2015-12-11 15:32:34','2015-12-11 15:32:34'),(3,0,0,1.5,0,3,'2015-12-11 15:33:10','2015-12-10 00:00:00'),(4,0.072,82.148461538462,0.24,1,4,'2015-12-11 15:33:54','2016-02-08 17:49:05'),(5,0,0,1.93,0,5,'2015-12-11 15:34:33','2016-01-16 00:00:00'),(6,0.4746,1789.8177247015,0.48,1,6,'2015-12-11 15:35:46','2016-02-11 11:12:34'),(7,0,-0.00000000000085265128291212,1.43,0,7,'2015-12-11 15:36:20','2016-03-10 10:11:13'),(8,2.352,1482,0,1,8,'2015-12-11 15:37:00','2015-12-11 15:37:00'),(9,2.565,1616,0,1,9,'2015-12-11 15:37:35','2015-12-11 15:37:35'),(10,0,0,4.32,0,10,'2015-12-11 15:38:06','2016-01-14 00:00:00'),(11,2.065,1301,0,1,11,'2015-12-11 15:38:41','2015-12-11 15:38:41'),(12,1.746,1100,0,1,12,'2015-12-11 15:39:33','2015-12-11 15:39:33'),(13,0.696,438,0,1,13,'2015-12-11 15:40:08','2015-12-11 15:40:08'),(14,0.292,184,0,1,14,'2015-12-11 15:40:57','2015-12-11 15:40:57'),(15,1.2,756,0,1,15,'2015-12-11 15:41:19','2015-12-11 15:41:19'),(16,2.5004,1575,0,1,16,'2015-12-11 15:42:03','2015-12-11 15:42:03'),(17,2.262,1425,0,1,17,'2015-12-11 15:42:41','2015-12-11 15:42:41'),(18,2.115,1374.9931034483,0.06,1,18,'2015-12-11 15:43:39','2016-03-15 13:03:27'),(19,0.84,1646,0,1,19,'2015-12-11 15:44:19','2015-12-11 15:44:19'),(20,0,0,1.9592,0,20,'2015-12-11 15:45:05','2015-12-11 00:00:00'),(21,0.612,311.14058355438,1.65,1,21,'2015-12-11 15:45:41','2016-01-22 00:00:00'),(22,0.3906,605,0,1,22,'2015-12-11 15:46:15','2015-12-11 15:46:15'),(23,0,0,0.9504,0,23,'2015-12-11 15:46:47','2015-12-17 00:00:00'),(24,0,0,0.253,0,24,'2015-12-11 15:47:20','2015-12-11 00:00:00'),(25,0,0,0.26,0,25,'2015-12-11 15:47:44','2015-12-11 00:00:00'),(26,1.218,4593,0,1,26,'2015-12-11 15:48:19','2015-12-11 15:48:19'),(27,0.0047,6.1896321707643,0.52,0,27,'2015-12-11 15:48:42','2016-03-10 10:16:22'),(28,0,0,2.0256,0,28,'2015-12-17 12:50:36','2016-01-16 00:00:00'),(29,0,0,2.03,0,29,'2015-12-17 12:50:36','2016-01-16 00:00:00'),(30,0,0,5.4925,0,30,'2015-12-17 12:59:29','2016-01-11 00:00:00'),(31,4.03,4378.138521327,2.3,1,31,'2015-12-17 13:04:50','2016-03-17 16:41:38'),(32,6.08,6605.2313175355,0.25,1,32,'2015-12-17 13:04:50','2016-03-10 10:05:49'),(33,4.83,5247.2479052133,1.5,1,33,'2015-12-17 13:04:50','2016-02-22 17:08:46'),(34,0,0,5.6,0,34,'2015-12-17 13:07:05','2016-01-16 00:00:00'),(35,0,0,6.33,0,35,'2015-12-17 13:12:26','2016-02-27 11:20:40'),(36,2.35,2553.0088151659,3.98,1,36,'2015-12-17 13:13:54','2016-01-20 00:00:00'),(37,0,0.000000000030013325158507,6.33,0,37,'2015-12-17 13:13:55','2016-01-14 00:00:00'),(38,0,0,6.33,0,38,'2015-12-17 13:15:06','2015-12-26 00:00:00'),(39,1.5,1954.0189655173,4.3,1,39,'2016-01-15 14:55:56','2016-03-10 10:22:02'),(40,0,0,0.58,0,40,'2016-01-16 12:37:24','2016-01-19 00:00:00'),(41,0.657,1017,0,1,41,'2016-01-16 12:38:22','2016-01-16 12:38:22'),(42,0.315,487,0,1,42,'2016-01-16 12:39:10','2016-01-16 12:39:10'),(43,0,0.000000000000028421709430404,0.27,0,43,'2016-01-16 13:05:52','2016-01-18 00:00:00'),(44,0,0,0.24,0,44,'2016-01-16 13:06:35','2016-01-18 00:00:00'),(45,0.153,143,0,1,45,'2016-01-16 13:07:51','2016-01-16 13:07:51'),(46,0.24,269,0,1,46,'2016-01-16 13:09:33','2016-01-16 13:09:33'),(47,0.32,357.05263157895,0.06,1,47,'2016-01-16 13:11:10','2016-02-08 16:40:09'),(48,0.24,269,0,1,48,'2016-01-16 13:11:46','2016-01-16 13:11:46'),(49,0.06,67,0,1,49,'2016-01-16 13:12:09','2016-01-16 13:12:09'),(50,3.67,2130.4,1.6,1,50,'2016-01-27 10:53:11','2016-01-28 15:46:39'),(51,3.41,4351.2295918367,2.47,1,51,'2016-02-13 14:46:05','2016-02-22 17:11:00'),(52,5.88,7503,0,1,52,'2016-02-13 14:46:05','2016-02-13 14:40:55'),(53,1.47,1845.0384615385,3.6,1,53,'2016-02-13 14:48:59','2016-03-15 13:02:00'),(54,0,-0.00000000000056843418860808,1.85,0,54,'2016-02-13 14:50:15','2016-02-27 09:51:31'),(55,1.85,1395,0,1,55,'2016-02-13 14:52:12','2016-02-13 14:51:52'),(56,3.1,2617.888,1.1,1,56,'2016-03-09 10:45:21','2016-03-15 13:01:15'),(57,1.8,2296.8,3.9,1,57,'2016-03-09 11:34:18','2016-03-12 13:17:06'),(58,2.16,3172.8893023256,3,1,58,'2016-03-09 11:42:24','2016-03-17 16:43:39'),(59,2.68,3913.9789922481,2.48,1,59,'2016-03-09 11:43:42','2016-03-15 13:04:56'),(60,0,-0.00000000000011368683772162,1.92,0,60,'2016-03-09 11:45:31','2016-03-15 13:11:22'),(61,0,0,1.92,0,61,'2016-03-09 11:45:32','2016-03-15 13:06:47'),(62,0,0.00000000000090949470177293,5.52,0,62,'2016-03-24 11:41:23','2016-03-24 11:41:34');
/*!40000 ALTER TABLE `inventario_recubrimientos` ENABLE KEYS */;
UNLOCK TABLES;

--
-- Table structure for table `lamina_alta`
--

DROP TABLE IF EXISTS `lamina_alta`;
/*!40101 SET @saved_cs_client     = @@character_set_client */;
/*!40101 SET character_set_client = utf8 */;
CREATE TABLE `lamina_alta` (
  `id` int(11) NOT NULL AUTO_INCREMENT,
  `folio_factura` varchar(45) NOT NULL,
  `folio_lamina` varchar(45) NOT NULL,
  `area_total` double NOT NULL,
  `precio_total` double NOT NULL,
  `lamina_completa` tinyint(1) NOT NULL DEFAULT '1',
  `created_at` timestamp NOT NULL DEFAULT CURRENT_TIMESTAMP ON UPDATE CURRENT_TIMESTAMP,
  `updated_at` timestamp NOT NULL DEFAULT '0000-00-00 00:00:00',
  `proveedor_id` int(11) NOT NULL,
  `activa` tinyint(1) NOT NULL DEFAULT '1',
  `material_color_id` int(11) NOT NULL,
  `largo` double NOT NULL,
  `alto` double NOT NULL,
  `fecha` date DEFAULT NULL,
  PRIMARY KEY (`id`),
  KEY `fk_lamina_alta_proveedor1_idx` (`proveedor_id`),
  KEY `fk_lamina_alta_material_color1_idx` (`material_color_id`),
  CONSTRAINT `fk_lamina_alta_material_color1` FOREIGN KEY (`material_color_id`) REFERENCES `material_color` (`id`) ON DELETE NO ACTION ON UPDATE NO ACTION,
  CONSTRAINT `fk_lamina_alta_proveedor1` FOREIGN KEY (`proveedor_id`) REFERENCES `proveedor` (`id`) ON DELETE NO ACTION ON UPDATE NO ACTION
) ENGINE=InnoDB AUTO_INCREMENT=63 DEFAULT CHARSET=utf8;
/*!40101 SET character_set_client = @saved_cs_client */;

--
-- Dumping data for table `lamina_alta`
--

LOCK TABLES `lamina_alta` WRITE;
/*!40000 ALTER TABLE `lamina_alta` DISABLE KEYS */;
INSERT INTO `lamina_alta` VALUES (1,'G01','0401',1.02,1579,0,'2015-12-11 21:31:44','0000-00-00 00:00:00',4,1,4,0.85,1.2,'2015-12-07'),(2,'G01','0402',0.2604,403,0,'2015-12-11 21:32:34','0000-00-00 00:00:00',4,1,4,0.42,0.62,'2015-12-11'),(3,'G01','0403',1.5,1711,0,'2015-12-11 23:25:41','0000-00-00 00:00:00',4,1,8,1.5,1,'2015-12-11'),(4,'G01','0404',0.312,356,0,'2015-12-11 21:33:54','0000-00-00 00:00:00',4,1,8,0.52,0.6,'2015-12-11'),(5,'G01','0405',1.94,3002,0,'2016-01-16 18:07:02','0000-00-00 00:00:00',4,1,3,0.74,2.62,'2015-12-11'),(6,'G01','0406',0.9546,3600,0,'2015-12-11 21:35:46','0000-00-00 00:00:00',4,1,3,0.74,1.29,'2015-12-11'),(7,'G01','0407',1.43,1884,0,'2015-12-11 21:36:20','0000-00-00 00:00:00',4,1,17,1.1,1.3,'2015-12-11'),(8,'G01','0408',2.352,1482,0,'2015-12-11 21:36:59','0000-00-00 00:00:00',4,1,7,1.96,1.2,'2015-12-11'),(9,'G01','0409',2.565,1616,0,'2015-12-11 21:37:35','0000-00-00 00:00:00',4,1,7,1.9,1.35,'2015-12-11'),(10,'G01','0410',4.32,2722,0,'2015-12-11 21:38:06','0000-00-00 00:00:00',4,1,7,1.8,2.4,'2015-12-11'),(11,'G01','0411',2.065,1301,0,'2015-12-11 21:38:41','0000-00-00 00:00:00',4,1,7,1.18,1.75,'2015-12-11'),(12,'G01','0412',1.746,1100,0,'2015-12-11 21:39:33','0000-00-00 00:00:00',4,1,7,1.8,0.97,'2015-12-11'),(13,'G01','0413',0.696,438,0,'2015-12-11 21:40:08','0000-00-00 00:00:00',4,1,7,1.16,0.6,'2015-12-11'),(14,'G01','0414',0.292,184,0,'2015-12-11 21:40:57','0000-00-00 00:00:00',4,1,7,1.46,0.2,'2015-12-11'),(15,'G01','0415',1.2,756,0,'2015-12-11 21:41:19','0000-00-00 00:00:00',4,1,7,1,1.2,'2015-12-11'),(16,'G01','0416',2.5004,1575,0,'2015-12-11 21:42:03','0000-00-00 00:00:00',4,1,7,1.88,1.33,'2015-12-11'),(17,'G01','0417',2.262,1425,0,'2015-12-11 21:42:41','0000-00-00 00:00:00',4,1,7,1.95,1.16,'2015-12-11'),(18,'G01','0418',2.175,1414,0,'2015-12-11 21:43:39','0000-00-00 00:00:00',4,1,16,1.5,1.45,'2015-12-11'),(19,'G01','0419',0.84,1646,0,'2015-12-11 21:44:19','0000-00-00 00:00:00',4,1,10,1.05,0.8,'2015-12-11'),(20,'G01','0420',1.9592,4715,0,'2015-12-11 21:45:05','0000-00-00 00:00:00',4,1,15,1.24,1.58,'2015-12-11'),(21,'G01','0421',2.262,1150,0,'2015-12-11 21:45:41','0000-00-00 00:00:00',4,1,6,1.45,1.56,'2015-12-11'),(22,'G01','0422',0.3906,605,0,'2015-12-11 21:46:15','0000-00-00 00:00:00',4,1,3,0.62,0.63,'2015-12-11'),(23,'G01','0423',0.9504,2287,0,'2015-12-11 21:46:47','0000-00-00 00:00:00',4,1,15,1.32,0.72,'2015-12-11'),(24,'G01','0424',0.253,609,0,'2015-12-11 21:47:20','0000-00-00 00:00:00',4,1,15,0.22,1.15,'2015-12-11'),(25,'G01','0425',0.2592,624,0,'2015-12-11 21:47:44','0000-00-00 00:00:00',4,1,15,0.32,0.81,'2015-12-11'),(26,'G01','0426',1.218,4593,0,'2015-12-11 21:48:19','0000-00-00 00:00:00',4,1,3,1.45,0.84,'2015-12-11'),(27,'G01','0427',0.5247,691,0,'2015-12-11 21:48:42','0000-00-00 00:00:00',4,1,17,0.33,1.59,'2015-12-11'),(28,'525177','0228',2.03,1881.4852,0,'2015-12-17 18:54:08','0000-00-00 00:00:00',2,1,3,2.75,0.74,'2015-12-16'),(29,'525177','0229',2.03,1882,0,'2016-01-16 18:29:49','0000-00-00 00:00:00',2,1,3,2.75,0.74,'2015-12-16'),(30,'525177','0230',5.5,7164.74,1,'2015-12-17 19:22:48','0000-00-00 00:00:00',2,1,2,2.97,1.86,'2015-12-17'),(31,'525177','0231',6.33,6876.828,1,'2015-12-17 19:22:48','0000-00-00 00:00:00',2,1,1,3.25,1.95,'2015-12-17'),(32,'525177','0232',6.33,6876.828,1,'2015-12-17 19:22:48','0000-00-00 00:00:00',2,1,1,3.25,1.95,'2015-12-17'),(33,'525177','0233',6.33,6876.828,1,'2015-12-17 19:22:48','0000-00-00 00:00:00',2,1,1,3.25,1.95,'2015-12-17'),(34,'525178','0234',5.6,6275.136,1,'2015-12-17 19:22:48','0000-00-00 00:00:00',2,1,4,3,1.85,'2015-12-16'),(35,'525178','0235',6.33,6909.5748,1,'2015-12-17 19:22:48','0000-00-00 00:00:00',2,1,1,3.25,1.95,'2015-12-17'),(36,'525177','0236',6.33,6876.828,1,'2015-12-17 19:22:48','0000-00-00 00:00:00',2,1,1,3.25,1.95,'2015-12-17'),(37,'525177','0237',6.33,6876.828,1,'2015-12-17 19:22:48','0000-00-00 00:00:00',2,1,1,3.25,1.95,'2015-12-17'),(38,'525178','0238',6.33,6909.5748,1,'2015-12-17 19:22:48','0000-00-00 00:00:00',2,1,1,3.25,1.95,'2015-12-17'),(39,'525566','0239',5.8,7555.54,1,'2016-01-15 20:55:56','0000-00-00 00:00:00',2,1,2,1,5.8,'2015-12-29'),(40,'G02','0440',0.584,901,0,'2016-01-16 18:37:24','0000-00-00 00:00:00',4,1,3,0.8,0.73,'2016-01-16'),(41,'G02','0441',0.657,1017,0,'2016-01-16 18:38:21','0000-00-00 00:00:00',4,1,3,0.9,0.73,'2016-01-16'),(42,'G02','0442',0.315,487,0,'2016-01-16 18:39:10','0000-00-00 00:00:00',4,1,3,0.7,0.45,'2016-01-16'),(43,'G03','0443',0.27,250,0,'2016-01-16 19:05:52','0000-00-00 00:00:00',4,1,3,0.6,0.45,'2016-01-16'),(44,'G03','0444',0.24,223,0,'2016-01-16 19:06:35','0000-00-00 00:00:00',4,1,3,0.4,0.6,'2016-01-16'),(45,'G04','0445',0.153,143,0,'2016-01-16 19:07:51','0000-00-00 00:00:00',4,1,3,0.34,0.45,'2016-01-16'),(46,'G04','0446',0.24,269,0,'2016-01-16 19:09:33','0000-00-00 00:00:00',4,1,4,0.4,0.6,'2016-01-16'),(47,'G05','0447',0.38,424,0,'2016-01-16 19:21:23','0000-00-00 00:00:00',4,1,4,0.54,0.7,'2016-01-16'),(48,'G05','0448',0.24,269,0,'2016-01-16 19:11:46','0000-00-00 00:00:00',4,1,4,0.4,0.6,'2016-01-16'),(49,'G05','0449',0.06,67,0,'2016-01-16 19:12:09','0000-00-00 00:00:00',4,1,4,0.1,0.6,'2016-01-16'),(50,'0716','0550',5.27,7017,1,'2016-01-28 21:49:39','0000-00-00 00:00:00',5,1,18,2.93,1.8,'2016-01-27'),(51,'1013462','0251',5.88,7503,1,'2016-02-13 20:46:04','0000-00-00 00:00:00',2,1,4,1,5.88,'2016-02-12'),(52,'1013462','0252',5.88,7503,1,'2016-02-13 20:46:05','0000-00-00 00:00:00',2,1,4,1,5.88,'2016-02-12'),(53,'1013462','0253',5.07,6363.5,1,'2016-02-13 20:48:59','0000-00-00 00:00:00',2,1,8,1,5.07,'2016-02-13'),(54,'1013462','0254',1.85,1395,0,'2016-02-13 20:50:15','0000-00-00 00:00:00',2,1,5,1,1.85,'2016-02-13'),(55,'1013462','0255',1.85,1395,0,'2016-02-13 20:52:12','0000-00-00 00:00:00',2,1,5,1,1.85,'2016-02-13'),(56,'527540','0256',4.2,3546.816,1,'2016-03-09 16:45:21','0000-00-00 00:00:00',2,1,6,1,4.2,'2016-03-08'),(57,'527540','0257',5.7,7273.2,1,'2016-03-09 17:34:18','0000-00-00 00:00:00',2,1,4,1,5.7,'2016-03-09'),(58,'527540','0258',5.16,7579.68,1,'2016-03-09 17:42:24','0000-00-00 00:00:00',2,1,19,5.16,1,'2016-03-09'),(59,'527541','0259',5.16,7535.87,1,'2016-03-09 17:43:42','0000-00-00 00:00:00',2,1,19,1,5.16,'2016-03-08'),(60,'527540','0260',1.92,1968.8448,0,'2016-03-09 17:45:31','0000-00-00 00:00:00',2,1,3,1,1.92,'2016-03-09'),(61,'527540','0261',1.92,1968.8448,0,'2016-03-09 17:45:31','0000-00-00 00:00:00',2,1,3,1,1.92,'2016-03-09'),(62,'0013','0162',5.52,6979,1,'2016-03-24 17:41:23','0000-00-00 00:00:00',1,1,1,2.83,1.95,'2016-03-12');
/*!40000 ALTER TABLE `lamina_alta` ENABLE KEYS */;
UNLOCK TABLES;

--
-- Table structure for table `lista`
--

DROP TABLE IF EXISTS `lista`;
/*!40101 SET @saved_cs_client     = @@character_set_client */;
/*!40101 SET character_set_client = utf8 */;
CREATE TABLE `lista` (
  `id` int(11) NOT NULL AUTO_INCREMENT,
  `fecha_inicio` date NOT NULL,
  `fecha_fin` date NOT NULL,
  `activa` tinyint(1) NOT NULL DEFAULT '1',
  PRIMARY KEY (`id`)
) ENGINE=InnoDB AUTO_INCREMENT=15 DEFAULT CHARSET=utf8;
/*!40101 SET character_set_client = @saved_cs_client */;

--
-- Dumping data for table `lista`
--

LOCK TABLES `lista` WRITE;
/*!40000 ALTER TABLE `lista` DISABLE KEYS */;
INSERT INTO `lista` VALUES (1,'2015-11-21','2015-11-27',0),(2,'2015-11-28','2015-12-04',0),(3,'2015-12-05','2015-12-11',0),(4,'2015-12-12','2015-12-18',0),(5,'2015-12-19','2015-12-25',0),(6,'2015-12-26','2016-01-01',0),(7,'2016-01-02','2016-01-08',0),(8,'2016-01-09','2016-01-15',0),(9,'2016-01-16','2016-01-22',0),(10,'2016-01-23','2016-01-29',0),(13,'2016-03-19','2016-03-25',1),(14,'2016-06-03','2016-06-09',0);
/*!40000 ALTER TABLE `lista` ENABLE KEYS */;
UNLOCK TABLES;

--
-- Table structure for table `lote`
--

DROP TABLE IF EXISTS `lote`;
/*!40101 SET @saved_cs_client     = @@character_set_client */;
/*!40101 SET character_set_client = utf8 */;
CREATE TABLE `lote` (
  `id` int(11) NOT NULL AUTO_INCREMENT,
  `producto_id` int(11) NOT NULL,
  `disponible` tinyint(1) NOT NULL DEFAULT '1',
  `laltitud` float DEFAULT NULL,
  `longitud` float DEFAULT NULL,
  PRIMARY KEY (`id`),
  KEY `fk_lote_producto1_idx` (`producto_id`),
  CONSTRAINT `fk_lote_producto1` FOREIGN KEY (`producto_id`) REFERENCES `producto` (`id`) ON DELETE NO ACTION ON UPDATE NO ACTION
) ENGINE=InnoDB AUTO_INCREMENT=278 DEFAULT CHARSET=utf8;
/*!40101 SET character_set_client = @saved_cs_client */;

--
-- Dumping data for table `lote`
--

LOCK TABLES `lote` WRITE;
/*!40000 ALTER TABLE `lote` DISABLE KEYS */;
INSERT INTO `lote` VALUES (1,1,1,NULL,NULL),(2,2,1,NULL,NULL),(3,3,1,NULL,NULL),(4,4,1,NULL,NULL),(5,5,1,NULL,NULL),(6,6,1,NULL,NULL),(7,7,1,NULL,NULL),(8,8,1,NULL,NULL),(9,9,1,NULL,NULL),(10,10,1,NULL,NULL),(11,11,1,NULL,NULL),(12,12,1,NULL,NULL),(13,13,1,NULL,NULL),(14,14,1,NULL,NULL),(15,15,1,NULL,NULL),(16,16,1,NULL,NULL),(17,17,1,NULL,NULL),(18,18,1,NULL,NULL),(19,19,1,NULL,NULL),(20,20,1,NULL,NULL),(21,21,1,NULL,NULL),(22,22,1,NULL,NULL),(23,23,1,NULL,NULL),(24,24,1,NULL,NULL),(25,25,1,NULL,NULL),(26,26,1,NULL,NULL),(27,27,1,NULL,NULL),(28,28,1,NULL,NULL),(29,29,1,NULL,NULL),(30,30,1,NULL,NULL),(31,31,1,NULL,NULL),(32,32,1,NULL,NULL),(33,33,1,NULL,NULL),(34,34,1,NULL,NULL),(35,35,1,NULL,NULL),(36,36,1,NULL,NULL),(37,37,1,NULL,NULL),(38,38,1,NULL,NULL),(39,39,1,NULL,NULL),(40,40,1,NULL,NULL),(41,41,1,NULL,NULL),(42,42,1,NULL,NULL),(43,43,1,NULL,NULL),(44,44,1,NULL,NULL),(45,45,1,NULL,NULL),(46,46,1,NULL,NULL),(47,47,1,NULL,NULL),(48,48,1,NULL,NULL),(49,49,1,NULL,NULL),(50,50,1,NULL,NULL),(51,51,1,NULL,NULL),(52,52,1,NULL,NULL),(53,53,1,NULL,NULL),(54,54,1,NULL,NULL),(55,55,1,NULL,NULL),(56,56,1,NULL,NULL),(57,57,1,NULL,NULL),(58,58,1,NULL,NULL),(59,59,1,NULL,NULL),(60,60,1,NULL,NULL),(61,61,1,NULL,NULL),(62,62,1,NULL,NULL),(63,63,1,NULL,NULL),(64,64,1,NULL,NULL),(65,65,1,NULL,NULL),(66,66,1,NULL,NULL),(67,67,1,NULL,NULL),(68,68,1,NULL,NULL),(69,69,1,NULL,NULL),(70,70,1,NULL,NULL),(71,71,1,NULL,NULL),(72,72,1,NULL,NULL),(73,73,1,NULL,NULL),(74,74,1,NULL,NULL),(75,75,1,NULL,NULL),(76,76,1,NULL,NULL),(77,77,1,NULL,NULL),(78,78,1,NULL,NULL),(79,79,1,NULL,NULL),(80,80,1,NULL,NULL),(81,81,1,NULL,NULL),(82,82,1,NULL,NULL),(83,83,1,NULL,NULL),(84,84,1,NULL,NULL),(85,85,1,NULL,NULL),(86,86,1,NULL,NULL),(87,87,1,NULL,NULL),(88,88,1,NULL,NULL),(89,89,1,NULL,NULL),(90,90,1,NULL,NULL),(91,91,1,NULL,NULL),(92,92,1,NULL,NULL),(93,93,1,NULL,NULL),(94,94,1,NULL,NULL),(95,95,1,NULL,NULL),(96,96,1,NULL,NULL),(97,97,1,NULL,NULL),(98,98,1,NULL,NULL),(99,99,1,NULL,NULL),(100,100,1,NULL,NULL),(101,101,1,NULL,NULL),(102,102,1,NULL,NULL),(103,103,1,NULL,NULL),(104,104,1,NULL,NULL),(105,105,1,NULL,NULL),(106,106,1,NULL,NULL),(107,107,1,NULL,NULL),(108,108,1,NULL,NULL),(109,109,1,NULL,NULL),(110,111,1,NULL,NULL),(111,111,1,NULL,NULL),(112,112,1,NULL,NULL),(113,113,1,NULL,NULL),(114,114,1,NULL,NULL),(115,115,1,NULL,NULL),(116,116,1,NULL,NULL),(117,117,1,NULL,NULL),(118,118,1,NULL,NULL),(119,119,1,NULL,NULL),(120,120,1,NULL,NULL),(121,121,1,NULL,NULL),(122,122,1,NULL,NULL),(123,123,1,NULL,NULL),(124,124,1,NULL,NULL),(125,125,1,NULL,NULL),(126,126,1,NULL,NULL),(127,127,1,NULL,NULL),(128,128,1,NULL,NULL),(129,129,1,NULL,NULL),(130,130,1,NULL,NULL),(131,131,1,NULL,NULL),(132,132,1,NULL,NULL),(133,133,1,NULL,NULL),(134,134,1,NULL,NULL),(135,135,1,NULL,NULL),(136,136,1,NULL,NULL),(137,137,1,NULL,NULL),(138,138,1,NULL,NULL),(139,139,1,NULL,NULL),(140,140,1,NULL,NULL),(141,141,1,NULL,NULL),(142,142,1,NULL,NULL),(143,143,1,NULL,NULL),(144,144,1,NULL,NULL),(145,145,1,NULL,NULL),(146,146,1,NULL,NULL),(147,147,1,NULL,NULL),(148,148,1,NULL,NULL),(149,149,1,NULL,NULL),(150,150,1,NULL,NULL),(151,151,1,NULL,NULL),(152,152,1,NULL,NULL),(153,153,1,NULL,NULL),(154,154,1,NULL,NULL),(155,155,1,NULL,NULL),(156,156,1,NULL,NULL),(157,157,1,NULL,NULL),(158,158,1,NULL,NULL),(159,159,1,NULL,NULL),(160,160,1,NULL,NULL),(161,161,1,NULL,NULL),(162,162,1,NULL,NULL),(163,163,1,NULL,NULL),(164,164,1,NULL,NULL),(165,165,1,NULL,NULL),(166,166,1,NULL,NULL),(167,167,1,NULL,NULL),(168,168,1,NULL,NULL),(169,169,1,NULL,NULL),(170,170,1,NULL,NULL),(171,171,1,NULL,NULL),(172,172,1,NULL,NULL),(173,173,1,NULL,NULL),(174,174,1,NULL,NULL),(175,175,1,NULL,NULL),(176,176,1,NULL,NULL),(177,177,1,NULL,NULL),(178,178,1,NULL,NULL),(179,179,1,NULL,NULL),(180,180,1,NULL,NULL),(181,181,1,NULL,NULL),(182,182,1,NULL,NULL),(183,183,1,NULL,NULL),(184,184,1,NULL,NULL),(185,185,1,NULL,NULL),(186,186,1,NULL,NULL),(187,187,1,NULL,NULL),(188,188,1,NULL,NULL),(189,189,1,NULL,NULL),(190,190,1,NULL,NULL),(191,191,1,NULL,NULL),(192,192,1,NULL,NULL),(193,193,1,NULL,NULL),(194,194,1,NULL,NULL),(195,195,1,NULL,NULL),(196,196,1,NULL,NULL),(197,197,1,NULL,NULL),(198,198,1,NULL,NULL),(199,199,1,NULL,NULL),(200,200,1,NULL,NULL),(201,201,1,NULL,NULL),(202,202,1,NULL,NULL),(203,203,1,NULL,NULL),(204,204,1,NULL,NULL),(205,205,1,NULL,NULL),(206,206,1,NULL,NULL),(207,207,1,NULL,NULL),(208,208,1,NULL,NULL),(209,209,1,NULL,NULL),(210,210,1,NULL,NULL),(211,211,1,NULL,NULL),(212,212,1,NULL,NULL),(213,213,1,NULL,NULL),(214,214,1,NULL,NULL),(215,215,1,NULL,NULL),(216,216,1,NULL,NULL),(217,217,1,NULL,NULL),(218,218,1,NULL,NULL),(219,219,1,NULL,NULL),(220,220,1,NULL,NULL),(221,221,1,NULL,NULL),(222,222,1,NULL,NULL),(223,223,1,NULL,NULL),(224,224,1,NULL,NULL),(225,225,1,NULL,NULL),(226,226,1,NULL,NULL),(227,227,1,NULL,NULL),(228,228,1,NULL,NULL),(229,229,1,NULL,NULL),(230,230,1,NULL,NULL),(231,231,1,NULL,NULL),(232,232,1,NULL,NULL),(233,233,1,NULL,NULL),(235,272,1,NULL,NULL),(237,367,1,NULL,NULL),(238,418,1,NULL,NULL),(239,419,1,NULL,NULL),(240,420,1,NULL,NULL),(241,422,1,NULL,NULL),(242,429,1,NULL,NULL),(243,430,1,NULL,NULL),(244,433,1,NULL,NULL),(245,434,1,NULL,NULL),(246,435,1,NULL,NULL),(247,436,1,NULL,NULL),(248,437,1,NULL,NULL),(249,438,1,NULL,NULL),(250,442,1,NULL,NULL),(251,443,1,NULL,NULL),(252,444,1,NULL,NULL),(253,447,1,NULL,NULL),(254,448,1,NULL,NULL),(255,449,1,NULL,NULL),(256,450,1,NULL,NULL),(257,451,1,NULL,NULL),(258,452,1,NULL,NULL),(259,453,1,NULL,NULL),(260,464,1,NULL,NULL),(261,465,1,NULL,NULL),(262,466,1,NULL,NULL),(263,468,1,NULL,NULL),(264,469,1,NULL,NULL),(265,471,1,NULL,NULL),(266,472,1,NULL,NULL),(267,473,1,NULL,NULL),(268,474,1,NULL,NULL),(269,476,1,NULL,NULL),(270,317,1,NULL,NULL),(271,477,1,NULL,NULL),(272,478,1,NULL,NULL),(273,479,1,NULL,NULL),(274,480,1,NULL,NULL),(275,482,1,NULL,NULL),(276,484,1,NULL,NULL),(277,485,1,NULL,NULL);
/*!40000 ALTER TABLE `lote` ENABLE KEYS */;
UNLOCK TABLES;

--
-- Table structure for table `mantenimiento`
--

DROP TABLE IF EXISTS `mantenimiento`;
/*!40101 SET @saved_cs_client     = @@character_set_client */;
/*!40101 SET character_set_client = utf8 */;
CREATE TABLE `mantenimiento` (
  `id` int(11) NOT NULL AUTO_INCREMENT,
  `producto_id` int(11) NOT NULL,
  `construccion_id` int(11) NOT NULL,
  `meses` int(11) NOT NULL,
  PRIMARY KEY (`id`),
  KEY `fk_mantenimiento_producto1_idx` (`producto_id`),
  KEY `fk_mantenimiento_construccion1_idx` (`construccion_id`),
  CONSTRAINT `fk_mantenimiento_construccion1` FOREIGN KEY (`construccion_id`) REFERENCES `construccion` (`id`) ON DELETE NO ACTION ON UPDATE NO ACTION,
  CONSTRAINT `fk_mantenimiento_producto1` FOREIGN KEY (`producto_id`) REFERENCES `producto` (`id`) ON DELETE NO ACTION ON UPDATE NO ACTION
) ENGINE=InnoDB AUTO_INCREMENT=17 DEFAULT CHARSET=utf8;
/*!40101 SET character_set_client = @saved_cs_client */;

--
-- Dumping data for table `mantenimiento`
--

LOCK TABLES `mantenimiento` WRITE;
/*!40000 ALTER TABLE `mantenimiento` DISABLE KEYS */;
INSERT INTO `mantenimiento` VALUES (1,234,1,3),(2,235,1,6),(3,236,1,12),(4,237,6,3),(5,238,6,6),(6,239,6,12),(7,240,3,3),(8,241,3,6),(9,242,3,12),(10,243,215,6),(11,244,215,12),(12,245,214,6),(13,246,214,12),(14,273,234,3),(15,274,234,6),(16,275,234,12);
/*!40000 ALTER TABLE `mantenimiento` ENABLE KEYS */;
UNLOCK TABLES;

--
-- Table structure for table `mantenimiento_queja`
--

DROP TABLE IF EXISTS `mantenimiento_queja`;
/*!40101 SET @saved_cs_client     = @@character_set_client */;
/*!40101 SET character_set_client = utf8 */;
CREATE TABLE `mantenimiento_queja` (
  `id` int(11) NOT NULL AUTO_INCREMENT,
  `queja_id` int(11) NOT NULL,
  `venta_mantenimiento_id` int(11) NOT NULL,
  PRIMARY KEY (`id`),
  KEY `fk_mantenimiento_queja_queja1_idx` (`queja_id`),
  KEY `fk_mantenimiento_queja_venta_mantenimiento1_idx` (`venta_mantenimiento_id`),
  CONSTRAINT `fk_mantenimiento_queja_queja1` FOREIGN KEY (`queja_id`) REFERENCES `queja` (`id`) ON DELETE NO ACTION ON UPDATE NO ACTION,
  CONSTRAINT `fk_mantenimiento_queja_venta_mantenimiento1` FOREIGN KEY (`venta_mantenimiento_id`) REFERENCES `venta_mantenimiento` (`id`) ON DELETE NO ACTION ON UPDATE NO ACTION
) ENGINE=InnoDB DEFAULT CHARSET=utf8;
/*!40101 SET character_set_client = @saved_cs_client */;

--
-- Dumping data for table `mantenimiento_queja`
--

LOCK TABLES `mantenimiento_queja` WRITE;
/*!40000 ALTER TABLE `mantenimiento_queja` DISABLE KEYS */;
/*!40000 ALTER TABLE `mantenimiento_queja` ENABLE KEYS */;
UNLOCK TABLES;

--
-- Table structure for table `material`
--

DROP TABLE IF EXISTS `material`;
/*!40101 SET @saved_cs_client     = @@character_set_client */;
/*!40101 SET character_set_client = utf8 */;
CREATE TABLE `material` (
  `id` int(11) NOT NULL AUTO_INCREMENT,
  `nombre` varchar(45) NOT NULL,
  PRIMARY KEY (`id`)
) ENGINE=InnoDB AUTO_INCREMENT=4 DEFAULT CHARSET=utf8;
/*!40101 SET character_set_client = @saved_cs_client */;

--
-- Dumping data for table `material`
--

LOCK TABLES `material` WRITE;
/*!40000 ALTER TABLE `material` DISABLE KEYS */;
INSERT INTO `material` VALUES (1,'Granito'),(2,'Mrmol'),(3,'Cantera');
/*!40000 ALTER TABLE `material` ENABLE KEYS */;
UNLOCK TABLES;

--
-- Table structure for table `material_baja`
--

DROP TABLE IF EXISTS `material_baja`;
/*!40101 SET @saved_cs_client     = @@character_set_client */;
/*!40101 SET character_set_client = utf8 */;
CREATE TABLE `material_baja` (
  `id` int(11) NOT NULL AUTO_INCREMENT,
  `fecha` date NOT NULL,
  `area_venta` double NOT NULL,
  `observaciones` text,
  `pieza_marmoleria_id` int(11) NOT NULL,
  `created_at` datetime NOT NULL,
  `updated_at` datetime NOT NULL,
  `costo_material_usado` double NOT NULL,
  `venta` tinyint(1) NOT NULL DEFAULT '1',
  `reposicion` tinyint(1) NOT NULL DEFAULT '0',
  `stock` tinyint(1) NOT NULL DEFAULT '0',
  `inventario_recubrimientos_id` int(11) NOT NULL,
  `pieza_completa` tinyint(1) NOT NULL DEFAULT '1',
  `medida_estandar` tinyint(1) NOT NULL DEFAULT '1',
  PRIMARY KEY (`id`),
  KEY `fk_material_baja_pieza_marmoleria1_idx` (`pieza_marmoleria_id`),
  KEY `fk_material_baja_inventario_recubrimientos1_idx` (`inventario_recubrimientos_id`),
  CONSTRAINT `fk_material_baja_inventario_recubrimientos1` FOREIGN KEY (`inventario_recubrimientos_id`) REFERENCES `inventario_recubrimientos` (`id`) ON DELETE NO ACTION ON UPDATE NO ACTION,
  CONSTRAINT `fk_material_baja_pieza_marmoleria1` FOREIGN KEY (`pieza_marmoleria_id`) REFERENCES `pieza_marmoleria` (`id`) ON DELETE NO ACTION ON UPDATE NO ACTION
) ENGINE=InnoDB AUTO_INCREMENT=84 DEFAULT CHARSET=utf8;
/*!40101 SET character_set_client = @saved_cs_client */;

--
-- Dumping data for table `material_baja`
--

LOCK TABLES `material_baja` WRITE;
/*!40000 ALTER TABLE `material_baja` DISABLE KEYS */;
INSERT INTO `material_baja` VALUES (1,'2015-12-09',1.02,'.85 de largo por 1.2 m. de alto',8,'2015-12-11 15:54:36','2015-12-11 15:54:36',1579,1,0,0,1,0,1),(2,'2015-12-11',0.253,'.22 de largo por 1.15 m. de alto',10,'2015-12-11 16:46:13','2015-12-11 16:46:13',609,1,0,0,24,0,1),(3,'2015-12-11',1.9592,'1.24 de largo por 1.58 m. de alto',10,'2015-12-11 17:11:41','2015-12-11 17:11:41',4715,1,0,0,20,0,1),(4,'2015-12-11',0.24,'.30 de largo por .80 m. de alto',10,'2015-12-11 17:14:06','2015-12-11 17:14:06',577.77777777778,1,0,0,25,0,1),(5,'2015-12-10',1.1,NULL,7,'2015-12-11 17:20:54','2015-12-11 17:20:54',1449.2307692308,1,0,0,7,1,1),(6,'2015-12-10',1.5,NULL,5,'2015-12-11 17:29:04','2015-12-11 17:29:04',1711,1,0,0,3,1,1),(7,'2015-12-17',0.9504,'1.32 de largo por .72 m. de alto',10,'2015-12-17 13:29:40','2015-12-17 13:29:40',2287,1,0,0,23,0,1),(8,'2015-12-18',1.5,NULL,5,'2015-12-18 14:58:03','2015-12-18 14:58:03',1954.02,1,0,0,30,1,1),(9,'2015-12-18',1.2,NULL,8,'2015-12-18 14:59:46','2015-12-18 14:59:46',1563.216,1,0,0,30,1,1),(10,'2015-12-18',0.25,NULL,9,'2015-12-18 15:07:24','2015-12-18 15:07:24',325.67,1,0,0,30,1,1),(11,'2015-12-22',0.3,'.6 de largo por .5 m. de alto',11,'2015-12-22 16:24:13','2015-12-22 16:24:13',1131.3639220616,1,0,0,6,0,1),(12,'2015-12-22',1.2,NULL,8,'2015-12-22 16:26:34','2015-12-22 16:26:34',1112.208,1,0,0,28,1,1),(13,'2015-12-18',0.4356,'.66 de largo por .66 m. de alto',10,'2015-12-22 16:31:07','2015-12-22 16:31:07',403.731504,1,0,0,28,0,1),(14,'2015-12-19',0.25,NULL,9,'2015-12-22 16:33:22','2015-12-22 16:33:22',325.67,1,0,0,30,1,1),(15,'2015-12-22',0.3,NULL,4,'2015-12-22 16:35:57','2015-12-22 16:35:57',390.804,1,0,0,30,1,1),(16,'2015-12-19',0.9025,'.95 de largo por .95 m. de alto',4,'2015-12-22 16:52:16','2015-12-22 16:52:16',1175.6687,1,0,0,30,0,1),(17,'2015-12-22',0.25,NULL,9,'2015-12-22 16:53:23','2015-12-22 16:53:23',325.67,1,0,0,30,1,1),(18,'2015-12-19',1.5,NULL,5,'2015-12-22 16:56:42','2015-12-22 16:56:42',1629.5800947867,1,0,0,37,1,1),(19,'2015-12-29',0.06,NULL,1,'2016-01-14 10:53:12','2016-01-14 10:53:12',65.183203791469,1,0,0,36,1,1),(20,'2015-12-26',0.12,NULL,3,'2016-01-14 10:55:04','2016-01-14 10:55:04',156.3216,1,0,0,30,1,1),(21,'2016-01-11',0.06,NULL,1,'2016-01-14 11:35:01','2016-01-14 11:35:01',226.27278441232,1,0,0,6,1,1),(22,'2016-01-11',0.12,NULL,3,'2016-01-14 11:36:45','2016-01-14 11:36:45',130.36640758294,1,0,0,36,1,1),(23,'2016-01-11',0.06,NULL,1,'2016-01-14 11:38:00','2016-01-14 11:38:00',78.1608,1,0,0,30,1,1),(24,'2016-01-11',0.06,NULL,1,'2016-01-14 11:40:15','2016-01-14 11:40:15',78.1608,1,0,0,30,1,1),(25,'2015-12-26',1.1,NULL,7,'2016-01-14 11:42:06','2016-01-14 11:42:06',1195.0254028436,1,0,0,36,1,1),(26,'2015-12-26',1.5,NULL,5,'2016-01-14 11:44:03','2016-01-14 11:44:03',1629.5800947867,1,0,0,36,1,1),(27,'2015-12-26',6.33,'1 de largo por 6.33 m. de alto',10,'2016-01-14 12:06:43','2016-01-14 12:06:43',6909.5748,1,0,0,38,0,1),(28,'2016-01-14',4.83,'1 de largo por 4.83 m. de alto',10,'2016-01-14 12:07:58','2016-01-14 12:07:58',5247.2479052133,1,0,0,37,0,1),(29,'2015-12-26',0.6,'1 de largo por .60 m. de alto',10,'2016-01-14 12:16:39','2016-01-14 12:16:39',781.608,1,0,0,30,0,1),(30,'2016-01-14',4.32,'1 de largo por 4.32 m. de alto',10,'2016-01-14 12:19:00','2016-01-14 12:19:00',2722,1,0,0,10,0,1),(31,'2015-12-30',1.5,'1 de largo por 1.50 m. de alto',10,'2016-01-15 15:04:23','2016-01-15 15:04:23',1954.0189655172,1,0,0,39,0,1),(32,'2016-01-15',1.1,NULL,7,'2016-01-15 15:21:12','2016-01-15 15:21:12',1232.616,1,0,0,34,1,1),(33,'2016-01-15',1.2,NULL,8,'2016-01-15 15:22:37','2016-01-15 15:22:37',1344.672,1,0,0,34,1,1),(34,'2016-01-16',1.93,'1 de largo por 1.93 m. de alto',10,'2016-01-16 11:17:41','2016-01-16 11:17:41',3002,0,1,0,5,0,1),(35,'2016-01-16',2.03,'1 de largo por 2.03 m. de alto',10,'2016-01-16 11:22:18','2016-01-16 11:22:19',1882,0,1,0,29,0,1),(36,'2016-01-16',0.39,'1 de largo por 0.39 m. de alto',10,'2016-01-16 11:40:00','2016-01-16 11:40:00',365.55,0,1,0,28,0,1),(37,'2016-01-16',3.3,'1 de largo por 3.3 m. de alto',10,'2016-01-16 11:42:30','2016-01-16 11:42:30',3698,0,1,0,34,0,1),(38,'2016-01-18',0.27,'.60 de largo por .45 m. de alto',10,'2016-01-19 16:27:40','2016-01-19 16:27:40',250,1,0,0,43,0,1),(39,'2016-01-18',0.24,'.40 de largo por .60 m. de alto',10,'2016-01-19 16:39:59','2016-01-19 16:39:59',223,1,0,0,44,0,1),(40,'2016-01-19',0.58,'1 de largo por .58 m. de alto',10,'2016-01-19 16:43:16','2016-01-19 16:43:16',894.82876712329,1,0,0,40,0,1),(41,'2016-01-20',1.2,NULL,8,'2016-01-21 09:34:42','2016-01-21 09:34:42',1303.6640758294,1,0,0,36,1,1),(42,'2016-01-22',1.65,NULL,5,'2016-01-22 12:32:57','2016-01-22 12:32:57',838.85941644562,1,0,0,21,1,0),(43,'2016-01-28',1.6,NULL,11,'2016-01-28 15:47:26','2016-01-28 15:47:26',303.60531309298,1,0,0,50,1,0),(44,'2016-01-30',6.27,NULL,12,'2016-01-30 12:11:31','2016-01-30 12:11:31',6844.0812,1,0,0,35,1,0),(45,'2016-02-08',1.2,NULL,8,'2016-02-08 16:40:08','2016-02-08 16:40:08',1563.2151724138,1,0,0,39,1,1),(46,'2016-02-05',0.06,NULL,1,'2016-02-08 16:41:49','2016-02-08 16:41:49',66.947368421053,1,0,0,47,1,1),(48,'2016-02-05',0.12,NULL,3,'2016-02-08 16:52:07','2016-02-08 16:52:07',136.92307692308,1,0,0,4,1,1),(50,'2016-02-05',0.06,NULL,1,'2016-02-08 17:50:10','2016-02-08 17:50:10',68.461538461538,1,0,0,4,1,1),(51,'2016-02-05',0.06,NULL,1,'2016-02-11 11:12:33','2016-02-11 11:12:33',226.27278441232,1,0,0,6,1,1),(52,'2016-02-05',0.06,NULL,1,'2016-02-11 11:13:27','2016-02-11 11:13:27',226.27278441232,1,0,0,6,1,1),(53,'2016-02-15',1.1,NULL,7,'2016-02-15 15:15:12','2016-02-15 15:15:12',1380.641025641,1,0,0,53,1,1),(54,'2016-02-15',0.12,NULL,3,'2016-02-15 15:16:50','2016-02-15 15:16:50',153.12244897959,1,0,0,51,1,1),(55,'2016-02-15',0.25,NULL,9,'2016-02-15 15:20:21','2016-02-15 15:20:21',319.00510204082,1,0,0,51,1,1),(56,'2016-02-15',1,'1 de largo por 1 m. de alto',10,'2016-02-15 15:21:20','2016-02-15 15:21:20',1276.0204081633,1,0,0,51,0,0),(57,'2016-02-15',1.1,NULL,7,'2016-02-15 15:30:36','2016-02-15 15:30:36',1380.641025641,1,0,0,53,1,1),(58,'2016-02-19',1.5,NULL,5,'2016-02-22 17:11:00','2016-02-22 17:11:00',1629.5800947867,1,0,0,33,1,1),(59,'2016-02-18',1.1,NULL,7,'2016-02-22 17:12:25','2016-02-22 17:12:25',1403.6224489796,1,0,0,51,1,1),(60,'2016-02-17',1.1,NULL,7,'2016-02-22 17:13:30','2016-02-22 17:13:30',829.45945945946,1,0,0,54,1,1),(61,'2016-02-17',1.1,NULL,7,'2016-02-22 17:15:59','2016-02-22 17:15:59',1380.641025641,1,0,0,53,1,1),(62,'2016-02-17',0.75,NULL,7,'2016-02-27 09:57:02','2016-02-27 09:57:02',565.54054054054,1,0,0,54,1,0),(63,'2016-02-26',0.06,NULL,1,'2016-02-27 11:21:32','2016-02-27 11:21:32',65.4936,1,0,0,35,1,1),(64,'2016-03-01',1.2,NULL,8,'2016-03-10 10:05:48','2016-03-10 10:05:48',1563.2151724138,1,0,0,39,1,1),(65,'2016-03-01',0.25,NULL,9,'2016-03-10 10:07:57','2016-03-10 10:07:57',271.59668246446,1,0,0,32,1,1),(66,'2016-03-01',0.33,'1 de largo por .33 m. de alto',10,'2016-03-10 10:15:54','2016-03-10 10:15:54',434.76923076923,1,0,0,7,0,0),(67,'2016-03-10',0.52,'1 de largo por .52 m. de alto',10,'2016-03-10 10:17:15','2016-03-10 10:17:15',684.81036782924,1,0,0,27,0,0),(68,'2016-03-01',1.2,NULL,8,'2016-03-10 10:22:01','2016-03-10 10:22:01',1303.6640758294,1,0,0,31,1,1),(69,'2016-03-01',0.4,'1 de largo por .40 m. de alto',10,'2016-03-10 10:27:53','2016-03-10 10:27:53',521.07172413793,0,1,0,39,0,0),(70,'2016-03-09',1.2,NULL,8,'2016-03-12 13:14:00','2016-03-12 13:14:00',1531.2,1,0,0,57,1,1),(71,'2016-03-09',1.2,NULL,8,'2016-03-12 13:15:09','2016-03-12 13:15:09',1531.2,1,0,0,57,1,1),(72,'2016-03-09',1.5,NULL,5,'2016-03-12 13:19:29','2016-03-12 13:19:29',1914,1,0,0,57,1,1),(73,'2016-03-09',1.2,NULL,8,'2016-03-12 13:20:26','2016-03-12 13:20:26',1230.528,1,0,0,60,1,1),(74,'2016-03-09',1.5,NULL,5,'2016-03-12 13:22:00','2016-03-12 13:22:00',1538.16,1,0,0,61,1,1),(75,'2016-03-10',1.1,NULL,7,'2016-03-15 13:01:59','2016-03-15 13:01:59',928.928,1,0,0,56,1,1),(76,'2016-03-11',0.3,NULL,4,'2016-03-15 13:03:27','2016-03-15 13:03:27',376.53846153846,1,0,0,53,1,1),(77,'2016-03-12',0.06,NULL,1,'2016-03-15 13:04:55','2016-03-15 13:04:55',39.006896551724,1,0,0,18,1,1),(78,'2016-03-12',2.48,NULL,5,'2016-03-15 13:06:46','2016-03-15 13:06:46',3621.8910077519,1,0,0,59,1,0),(79,'2016-03-10',0.42,'1 de largo por .42 m. de alto',10,'2016-03-15 13:11:04','2016-03-15 13:11:04',430.6848,1,0,0,61,0,0),(80,'2016-03-15',0.72,'1 de largo por .72 m. de alto',10,'2016-03-15 13:12:14','2016-03-15 13:12:14',738.3168,1,0,0,60,0,0),(81,'2016-03-12',1.1,NULL,7,'2016-03-17 16:43:38','2016-03-17 16:43:38',1195.0254028436,1,0,0,31,1,1),(82,'2016-03-12',3,NULL,6,'2016-03-17 16:46:50','2016-03-17 16:46:50',4406.7906976744,1,0,0,58,1,1),(83,'2016-03-21',5.52,NULL,12,'2016-03-24 11:44:56','2016-03-24 11:44:56',6979,1,0,0,62,1,0);
/*!40000 ALTER TABLE `material_baja` ENABLE KEYS */;
UNLOCK TABLES;

--
-- Table structure for table `material_color`
--

DROP TABLE IF EXISTS `material_color`;
/*!40101 SET @saved_cs_client     = @@character_set_client */;
/*!40101 SET character_set_client = utf8 */;
CREATE TABLE `material_color` (
  `id` int(11) NOT NULL AUTO_INCREMENT,
  `color_id` int(11) NOT NULL,
  `material_id` int(11) NOT NULL,
  `activo` tinyint(1) DEFAULT '1',
  PRIMARY KEY (`id`),
  KEY `fk_material_color_color1_idx` (`color_id`),
  KEY `fk_material_color_material1_idx` (`material_id`),
  CONSTRAINT `fk_material_color_color1` FOREIGN KEY (`color_id`) REFERENCES `color` (`id`) ON DELETE NO ACTION ON UPDATE NO ACTION,
  CONSTRAINT `fk_material_color_material1` FOREIGN KEY (`material_id`) REFERENCES `material` (`id`) ON DELETE NO ACTION ON UPDATE NO ACTION
) ENGINE=InnoDB AUTO_INCREMENT=29 DEFAULT CHARSET=utf8;
/*!40101 SET character_set_client = @saved_cs_client */;

--
-- Dumping data for table `material_color`
--

LOCK TABLES `material_color` WRITE;
/*!40000 ALTER TABLE `material_color` DISABLE KEYS */;
INSERT INTO `material_color` VALUES (1,1,1,1),(2,2,1,1),(3,3,1,1),(4,4,1,1),(5,5,1,1),(6,6,2,1),(7,7,2,1),(8,8,2,1),(9,9,1,1),(10,10,1,1),(11,11,1,1),(12,12,1,1),(13,13,1,1),(14,14,3,1),(15,15,1,1),(16,16,1,1),(17,17,1,1),(18,18,1,1),(19,19,1,1),(20,21,2,1),(21,22,1,1),(22,23,1,1),(23,24,1,1),(24,25,1,1),(25,26,1,1),(26,27,1,1),(27,28,2,1),(28,29,3,0);
/*!40000 ALTER TABLE `material_color` ENABLE KEYS */;
UNLOCK TABLES;

--
-- Table structure for table `material_valor`
--

DROP TABLE IF EXISTS `material_valor`;
/*!40101 SET @saved_cs_client     = @@character_set_client */;
/*!40101 SET character_set_client = utf8 */;
CREATE TABLE `material_valor` (
  `id` int(11) NOT NULL AUTO_INCREMENT,
  `inventario_id` int(11) NOT NULL,
  `valor_material_id` int(11) NOT NULL,
  `nombre` varchar(25) NOT NULL,
  PRIMARY KEY (`id`),
  KEY `fk_material_inventario1_idx` (`inventario_id`),
  KEY `fk_material_valor_material1_idx` (`valor_material_id`),
  CONSTRAINT `fk_material_inventario1` FOREIGN KEY (`inventario_id`) REFERENCES `inventario` (`id`) ON DELETE NO ACTION ON UPDATE NO ACTION,
  CONSTRAINT `fk_material_valor_material1` FOREIGN KEY (`valor_material_id`) REFERENCES `valor` (`id`) ON DELETE NO ACTION ON UPDATE NO ACTION
) ENGINE=InnoDB DEFAULT CHARSET=utf8;
/*!40101 SET character_set_client = @saved_cs_client */;

--
-- Dumping data for table `material_valor`
--

LOCK TABLES `material_valor` WRITE;
/*!40000 ALTER TABLE `material_valor` DISABLE KEYS */;
/*!40000 ALTER TABLE `material_valor` ENABLE KEYS */;
UNLOCK TABLES;

--
-- Table structure for table `medio_comunicacion`
--

DROP TABLE IF EXISTS `medio_comunicacion`;
/*!40101 SET @saved_cs_client     = @@character_set_client */;
/*!40101 SET character_set_client = utf8 */;
CREATE TABLE `medio_comunicacion` (
  `id` int(11) NOT NULL AUTO_INCREMENT,
  `nombre` varchar(45) NOT NULL,
  PRIMARY KEY (`id`)
) ENGINE=InnoDB DEFAULT CHARSET=utf8;
/*!40101 SET character_set_client = @saved_cs_client */;

--
-- Dumping data for table `medio_comunicacion`
--

LOCK TABLES `medio_comunicacion` WRITE;
/*!40000 ALTER TABLE `medio_comunicacion` DISABLE KEYS */;
/*!40000 ALTER TABLE `medio_comunicacion` ENABLE KEYS */;
UNLOCK TABLES;

--
-- Table structure for table `movimiento`
--

DROP TABLE IF EXISTS `movimiento`;
/*!40101 SET @saved_cs_client     = @@character_set_client */;
/*!40101 SET character_set_client = utf8 */;
CREATE TABLE `movimiento` (
  `id` int(11) NOT NULL AUTO_INCREMENT,
  `usuario_id` int(11) NOT NULL,
  `accion_id` int(11) NOT NULL,
  `inventario_id` int(11) NOT NULL,
  `fecha` date NOT NULL,
  `created_at` timestamp NOT NULL DEFAULT CURRENT_TIMESTAMP ON UPDATE CURRENT_TIMESTAMP,
  `updated_at` timestamp NOT NULL DEFAULT '0000-00-00 00:00:00',
  `cantidad` double NOT NULL,
  PRIMARY KEY (`id`),
  KEY `fk_mov_inventario_acciones_inventario1_idx` (`accion_id`),
  KEY `fk_mov_inventario_inventario1_idx` (`inventario_id`),
  KEY `fk_movimiento_usuario1_idx` (`usuario_id`),
  CONSTRAINT `fk_mov_inventario_acciones_inventario1` FOREIGN KEY (`accion_id`) REFERENCES `accion` (`id`) ON DELETE NO ACTION ON UPDATE NO ACTION,
  CONSTRAINT `fk_mov_inventario_inventario1` FOREIGN KEY (`inventario_id`) REFERENCES `inventario` (`id`) ON DELETE NO ACTION ON UPDATE NO ACTION,
  CONSTRAINT `fk_movimiento_usuario1` FOREIGN KEY (`usuario_id`) REFERENCES `usuario` (`id`) ON DELETE NO ACTION ON UPDATE NO ACTION
) ENGINE=InnoDB DEFAULT CHARSET=utf8;
/*!40101 SET character_set_client = @saved_cs_client */;

--
-- Dumping data for table `movimiento`
--

LOCK TABLES `movimiento` WRITE;
/*!40000 ALTER TABLE `movimiento` DISABLE KEYS */;
/*!40000 ALTER TABLE `movimiento` ENABLE KEYS */;
UNLOCK TABLES;

--
-- Table structure for table `municipio`
--

DROP TABLE IF EXISTS `municipio`;
/*!40101 SET @saved_cs_client     = @@character_set_client */;
/*!40101 SET character_set_client = utf8 */;
CREATE TABLE `municipio` (
  `id` int(11) NOT NULL AUTO_INCREMENT,
  `estado_id` int(11) NOT NULL,
  `nombre` varchar(80) NOT NULL,
  PRIMARY KEY (`id`),
  KEY `fk_municipio_estado1_idx` (`estado_id`),
  CONSTRAINT `fk_municipio_estado1` FOREIGN KEY (`estado_id`) REFERENCES `estado` (`id`) ON DELETE NO ACTION ON UPDATE NO ACTION
) ENGINE=InnoDB AUTO_INCREMENT=52 DEFAULT CHARSET=utf8;
/*!40101 SET character_set_client = @saved_cs_client */;

--
-- Dumping data for table `municipio`
--

LOCK TABLES `municipio` WRITE;
/*!40000 ALTER TABLE `municipio` DISABLE KEYS */;
INSERT INTO `municipio` VALUES (1,19,'Abasolo'),(2,19,'Agualeguas'),(3,19,'Allende'),(4,19,'Anhuac'),(5,19,'Apodaca'),(6,19,'Aramberri'),(7,19,'Bustamante'),(8,19,'Cadereyta Jimnez'),(9,19,'Cerralvo'),(10,19,'China'),(11,19,'Cinega de Flores'),(12,19,'Doctor Arroyo'),(13,19,'Doctor Coss'),(14,19,'Doctor Gonzlez'),(15,19,'El Carmen'),(16,19,'Galeana'),(17,19,'Garca'),(18,19,'General Bravo'),(19,19,'General Escobedo'),(20,19,'General Tern'),(21,19,'General Trevio'),(22,19,'General Zaragoza'),(23,19,'General Zuazua'),(24,19,'Guadalupe'),(25,19,'Hidalgo'),(26,19,'Higueras'),(27,19,'Hualahuises'),(28,19,'Iturbide'),(29,19,'Jurez'),(30,19,'Lampazos de Naranjo'),(31,19,'Linares'),(32,19,'Los Aldamas'),(33,19,'Los Herreras'),(34,19,'Los Ramones'),(35,19,'Marn'),(36,19,'Melchor Ocampo'),(37,19,'Mier y Noriega'),(38,19,'Mina'),(39,19,'Montemorelos'),(40,19,'Monterrey'),(41,19,'Pars'),(42,19,'Pesquera'),(43,19,'Rayones'),(44,19,'Sabinas Hidalgo'),(45,19,'Salinas Victoria'),(46,19,'San Nicols de los Garza'),(47,19,'San Pedro Garza Garca'),(48,19,'Santa Catarina'),(49,19,'Santiago'),(50,19,'Vallecillo'),(51,19,'Villaldama');
/*!40000 ALTER TABLE `municipio` ENABLE KEYS */;
UNLOCK TABLES;

--
-- Table structure for table `nicho`
--

DROP TABLE IF EXISTS `nicho`;
/*!40101 SET @saved_cs_client     = @@character_set_client */;
/*!40101 SET character_set_client = utf8 */;
CREATE TABLE `nicho` (
  `id` int(11) NOT NULL AUTO_INCREMENT,
  `lote_id` int(11) NOT NULL,
  `recinto_id` int(11) NOT NULL,
  `fila` varchar(8) NOT NULL,
  `columna` varchar(8) NOT NULL,
  PRIMARY KEY (`id`),
  KEY `fk_nicho_lote1_idx` (`lote_id`),
  KEY `fk_nicho_recinto1_idx` (`recinto_id`),
  CONSTRAINT `fk_nicho_lote1` FOREIGN KEY (`lote_id`) REFERENCES `lote` (`id`) ON DELETE NO ACTION ON UPDATE NO ACTION,
  CONSTRAINT `fk_nicho_recinto1` FOREIGN KEY (`recinto_id`) REFERENCES `recinto` (`id`) ON DELETE NO ACTION ON UPDATE NO ACTION
) ENGINE=InnoDB AUTO_INCREMENT=13 DEFAULT CHARSET=utf8;
/*!40101 SET character_set_client = @saved_cs_client */;

--
-- Dumping data for table `nicho`
--

LOCK TABLES `nicho` WRITE;
/*!40000 ALTER TABLE `nicho` DISABLE KEYS */;
INSERT INTO `nicho` VALUES (1,238,7,'A - Acer','D/9'),(2,239,8,'-','B/13'),(3,246,8,'-','B/2'),(5,254,7,'-','-'),(6,259,7,'A SUR','A/8'),(7,261,7,'A NTE','B/8'),(8,265,8,'-','C/3'),(9,268,9,'-','-'),(10,269,7,'B SUR','A/7'),(12,270,10,'-','-');
/*!40000 ALTER TABLE `nicho` ENABLE KEYS */;
UNLOCK TABLES;

--
-- Table structure for table `otras_percepciones`
--

DROP TABLE IF EXISTS `otras_percepciones`;
/*!40101 SET @saved_cs_client     = @@character_set_client */;
/*!40101 SET character_set_client = utf8 */;
CREATE TABLE `otras_percepciones` (
  `id` int(11) NOT NULL AUTO_INCREMENT,
  `monto` double NOT NULL DEFAULT '0',
  `motivo` varchar(200) DEFAULT NULL,
  `asistencia_id` int(11) NOT NULL,
  PRIMARY KEY (`id`),
  KEY `fk_otras_percepciones_asistencia1_idx` (`asistencia_id`),
  CONSTRAINT `fk_otras_percepciones_asistencia1` FOREIGN KEY (`asistencia_id`) REFERENCES `asistencia` (`id`) ON DELETE NO ACTION ON UPDATE NO ACTION
) ENGINE=InnoDB AUTO_INCREMENT=2 DEFAULT CHARSET=utf8;
/*!40101 SET character_set_client = @saved_cs_client */;

--
-- Dumping data for table `otras_percepciones`
--

LOCK TABLES `otras_percepciones` WRITE;
/*!40000 ALTER TABLE `otras_percepciones` DISABLE KEYS */;
INSERT INTO `otras_percepciones` VALUES (1,0,NULL,323);
/*!40000 ALTER TABLE `otras_percepciones` ENABLE KEYS */;
UNLOCK TABLES;

--
-- Table structure for table `pago`
--

DROP TABLE IF EXISTS `pago`;
/*!40101 SET @saved_cs_client     = @@character_set_client */;
/*!40101 SET character_set_client = utf8 */;
CREATE TABLE `pago` (
  `id` int(11) NOT NULL AUTO_INCREMENT,
  `recibo_id` int(11) NOT NULL,
  `forma_pago_id` int(11) NOT NULL,
  `monto` double NOT NULL,
  `cancelado` tinyint(1) NOT NULL DEFAULT '0',
  `created_at` timestamp NOT NULL DEFAULT CURRENT_TIMESTAMP ON UPDATE CURRENT_TIMESTAMP,
  `updated_at` timestamp NOT NULL DEFAULT '0000-00-00 00:00:00',
  `usuario_id` int(11) NOT NULL,
  PRIMARY KEY (`id`),
  KEY `fk_pago_forma_pago1_idx` (`forma_pago_id`),
  KEY `fk_pago_recibo1_idx` (`recibo_id`),
  KEY `fk_pago_usuario1_idx` (`usuario_id`),
  CONSTRAINT `fk_pago_forma_pago` FOREIGN KEY (`forma_pago_id`) REFERENCES `forma_pago` (`id`) ON DELETE NO ACTION ON UPDATE NO ACTION,
  CONSTRAINT `fk_pago_recibo` FOREIGN KEY (`recibo_id`) REFERENCES `recibo` (`id`) ON DELETE NO ACTION ON UPDATE NO ACTION,
  CONSTRAINT `fk_pago_usuario1` FOREIGN KEY (`usuario_id`) REFERENCES `usuario` (`id`) ON DELETE NO ACTION ON UPDATE NO ACTION
) ENGINE=InnoDB DEFAULT CHARSET=utf8;
/*!40101 SET character_set_client = @saved_cs_client */;

--
-- Dumping data for table `pago`
--

LOCK TABLES `pago` WRITE;
/*!40000 ALTER TABLE `pago` DISABLE KEYS */;
/*!40000 ALTER TABLE `pago` ENABLE KEYS */;
UNLOCK TABLES;

--
-- Table structure for table `pais`
--

DROP TABLE IF EXISTS `pais`;
/*!40101 SET @saved_cs_client     = @@character_set_client */;
/*!40101 SET character_set_client = utf8 */;
CREATE TABLE `pais` (
  `id` int(11) NOT NULL AUTO_INCREMENT,
  `nombre` varchar(80) NOT NULL,
  `clave` char(2) NOT NULL,
  PRIMARY KEY (`id`)
) ENGINE=InnoDB AUTO_INCREMENT=3 DEFAULT CHARSET=utf8;
/*!40101 SET character_set_client = @saved_cs_client */;

--
-- Dumping data for table `pais`
--

LOCK TABLES `pais` WRITE;
/*!40000 ALTER TABLE `pais` DISABLE KEYS */;
INSERT INTO `pais` VALUES (1,'Mxico','mx'),(2,'Estados Unidos','us');
/*!40000 ALTER TABLE `pais` ENABLE KEYS */;
UNLOCK TABLES;

--
-- Table structure for table `panteon`
--

DROP TABLE IF EXISTS `panteon`;
/*!40101 SET @saved_cs_client     = @@character_set_client */;
/*!40101 SET character_set_client = utf8 */;
CREATE TABLE `panteon` (
  `id` int(11) NOT NULL AUTO_INCREMENT,
  `nombre` varchar(100) NOT NULL,
  PRIMARY KEY (`id`)
) ENGINE=InnoDB DEFAULT CHARSET=utf8;
/*!40101 SET character_set_client = @saved_cs_client */;

--
-- Dumping data for table `panteon`
--

LOCK TABLES `panteon` WRITE;
/*!40000 ALTER TABLE `panteon` DISABLE KEYS */;
/*!40000 ALTER TABLE `panteon` ENABLE KEYS */;
UNLOCK TABLES;

--
-- Table structure for table `panteon_venta_exhumacion`
--

DROP TABLE IF EXISTS `panteon_venta_exhumacion`;
/*!40101 SET @saved_cs_client     = @@character_set_client */;
/*!40101 SET character_set_client = utf8 */;
CREATE TABLE `panteon_venta_exhumacion` (
  `id` int(11) NOT NULL AUTO_INCREMENT,
  `venta_exhumacion_id` int(11) NOT NULL,
  `panteon_id` int(11) NOT NULL,
  PRIMARY KEY (`id`),
  KEY `fk_panteon_venta_exhumacion_venta_exhumacion1_idx` (`venta_exhumacion_id`),
  KEY `fk_panteon_venta_exhumacion_panteon1_idx` (`panteon_id`),
  CONSTRAINT `fk_panteon_venta_exhumacion_panteon1` FOREIGN KEY (`panteon_id`) REFERENCES `panteon` (`id`) ON DELETE NO ACTION ON UPDATE NO ACTION,
  CONSTRAINT `fk_panteon_venta_exhumacion_venta_exhumacion1` FOREIGN KEY (`venta_exhumacion_id`) REFERENCES `venta_exhumacion` (`id`) ON DELETE NO ACTION ON UPDATE NO ACTION
) ENGINE=InnoDB DEFAULT CHARSET=utf8;
/*!40101 SET character_set_client = @saved_cs_client */;

--
-- Dumping data for table `panteon_venta_exhumacion`
--

LOCK TABLES `panteon_venta_exhumacion` WRITE;
/*!40000 ALTER TABLE `panteon_venta_exhumacion` DISABLE KEYS */;
/*!40000 ALTER TABLE `panteon_venta_exhumacion` ENABLE KEYS */;
UNLOCK TABLES;

--
-- Table structure for table `paquete`
--

DROP TABLE IF EXISTS `paquete`;
/*!40101 SET @saved_cs_client     = @@character_set_client */;
/*!40101 SET character_set_client = utf8 */;
CREATE TABLE `paquete` (
  `id` int(11) NOT NULL AUTO_INCREMENT,
  `paquete_id` int(11) NOT NULL,
  `producto_id` int(11) NOT NULL,
  `descuento` double NOT NULL,
  `descripcion` text NOT NULL,
  `activo` tinyint(1) NOT NULL DEFAULT '1',
  PRIMARY KEY (`id`),
  KEY `fk_paquete_producto1_idx` (`producto_id`),
  KEY `fk_paquete_producto2_idx` (`paquete_id`),
  CONSTRAINT `fk_paquete_producto1` FOREIGN KEY (`producto_id`) REFERENCES `producto` (`id`) ON DELETE NO ACTION ON UPDATE NO ACTION,
  CONSTRAINT `fk_paquete_producto2` FOREIGN KEY (`paquete_id`) REFERENCES `producto` (`id`) ON DELETE NO ACTION ON UPDATE NO ACTION
) ENGINE=InnoDB AUTO_INCREMENT=34 DEFAULT CHARSET=utf8;
/*!40101 SET character_set_client = @saved_cs_client */;

--
-- Dumping data for table `paquete`
--

LOCK TABLES `paquete` WRITE;
/*!40000 ALTER TABLE `paquete` DISABLE KEYS */;
INSERT INTO `paquete` VALUES (6,261,247,0,'',1),(7,261,248,0,'',1),(8,262,234,0,'',1),(9,262,247,0,'',1),(12,266,235,0,'',1),(13,266,264,0,'',1),(14,297,290,0,'',1),(15,297,291,0,'',1),(16,298,290,0,'',1),(17,298,292,0,'',1),(18,299,290,0,'',1),(19,299,293,0,'',1),(20,300,290,0,'',1),(21,300,294,0,'',1),(22,301,290,0,'',1),(23,301,296,0,'',1),(24,302,290,0,'',1),(25,302,295,0,'',1),(26,306,304,0,'',1),(27,306,305,0,'',1),(28,461,454,0,'',1),(29,461,455,0,'',1),(30,462,454,0,'',1),(31,462,455,0,'',1),(32,463,454,0,'',1),(33,463,455,0,'',1);
/*!40000 ALTER TABLE `paquete` ENABLE KEYS */;
UNLOCK TABLES;

--
-- Table structure for table `periodo_comision`
--

DROP TABLE IF EXISTS `periodo_comision`;
/*!40101 SET @saved_cs_client     = @@character_set_client */;
/*!40101 SET character_set_client = utf8 */;
CREATE TABLE `periodo_comision` (
  `id` int(11) NOT NULL AUTO_INCREMENT,
  `fecha_inicio` date NOT NULL,
  `fecha_fin` date NOT NULL,
  `folio` int(11) NOT NULL,
  PRIMARY KEY (`id`)
) ENGINE=InnoDB AUTO_INCREMENT=390 DEFAULT CHARSET=utf8;
/*!40101 SET character_set_client = @saved_cs_client */;

--
-- Dumping data for table `periodo_comision`
--

LOCK TABLES `periodo_comision` WRITE;
/*!40000 ALTER TABLE `periodo_comision` DISABLE KEYS */;
INSERT INTO `periodo_comision` VALUES (266,'2014-10-20','2014-10-26',261),(267,'2014-10-27','2014-11-02',262),(268,'2014-11-03','2014-11-09',263),(269,'2014-11-10','2014-11-16',264),(270,'2014-11-17','2014-11-23',265),(271,'2014-11-24','2014-11-30',266),(272,'2014-12-01','2014-12-07',267),(273,'2014-12-08','2014-12-14',268),(274,'2014-12-15','2014-12-21',269),(275,'2014-12-22','2014-12-28',270),(276,'2014-12-29','2015-01-04',271),(277,'2015-01-05','2015-01-11',272),(278,'2015-01-12','2015-01-18',273),(279,'2015-01-19','2015-01-25',274),(280,'2015-01-26','2015-02-01',275),(281,'2015-02-02','2015-02-08',276),(282,'2015-02-09','2015-02-15',277),(283,'2015-02-16','2015-02-22',278),(284,'2015-02-23','2015-03-01',279),(285,'2015-03-02','2015-03-08',280),(286,'2015-03-09','2015-03-15',281),(287,'2015-03-16','2015-03-22',282),(288,'2015-03-23','2015-03-29',284),(289,'2015-03-30','2015-04-05',285),(290,'2015-04-06','2015-04-12',286),(291,'2015-04-13','2015-04-19',287),(292,'2015-04-20','2015-04-26',288),(293,'2015-04-27','2015-05-03',289),(294,'2015-05-04','2015-05-10',290),(295,'2015-05-11','2015-05-17',291),(296,'2015-05-18','2015-05-24',292),(297,'2015-05-25','2015-05-31',293),(298,'2015-06-01','2015-06-07',294),(299,'2015-06-08','2015-06-14',295),(300,'2015-06-15','2015-06-21',296),(301,'2015-06-22','2015-06-28',297),(302,'2015-06-29','2015-07-05',298),(303,'2015-07-06','2015-07-12',299),(304,'2015-07-13','2015-07-19',300),(305,'2015-07-20','2015-07-26',301),(306,'2015-07-27','2015-08-02',302),(307,'2015-08-03','2015-08-09',303),(308,'2015-08-10','2015-08-16',304),(309,'2015-08-17','2015-08-23',305),(310,'2015-08-24','2015-08-30',306),(311,'2015-08-31','2015-09-06',307),(312,'2015-09-07','2015-09-13',308),(313,'2015-09-14','2015-09-20',309),(314,'2015-09-21','2015-09-27',310),(315,'2015-09-28','2015-10-04',311),(316,'2015-10-05','2015-10-11',312),(317,'2015-10-12','2015-10-18',313),(318,'2015-10-19','2015-10-25',314),(319,'2015-10-26','2015-11-01',315),(320,'2015-11-02','2015-11-08',316),(321,'2015-11-09','2015-11-15',317),(322,'2015-11-16','2015-11-22',318),(323,'2015-11-23','2015-11-29',319),(324,'2015-11-30','2015-12-06',320),(325,'2015-12-07','2015-12-13',321),(326,'2015-12-14','2015-12-20',322),(327,'2015-12-21','2015-12-27',323),(328,'2015-12-28','2016-01-03',324),(329,'2016-01-04','2016-01-10',325),(330,'2016-01-11','2016-01-17',326),(331,'2016-01-18','2016-01-24',327),(332,'2016-01-25','2016-01-31',328),(333,'2016-02-01','2016-02-07',329),(334,'2016-02-08','2016-02-14',330),(335,'2016-02-15','2016-02-21',331),(336,'2016-02-22','2016-02-28',332),(337,'2016-02-29','2016-03-06',333),(338,'2016-03-07','2016-03-13',334),(339,'2016-03-14','2016-03-20',335),(340,'2016-03-21','2016-03-27',336),(341,'2016-03-28','2016-04-03',337),(342,'2016-04-04','2016-04-10',338),(343,'2016-04-11','2016-04-17',339),(344,'2016-04-18','2016-04-24',340),(345,'2016-04-25','2016-05-01',341),(346,'2016-05-02','2016-05-08',342),(347,'2016-05-09','2016-05-15',343),(348,'2016-05-16','2016-05-22',344),(349,'2016-05-23','2016-05-29',345),(350,'2016-05-30','2016-06-05',346),(351,'2016-06-06','2016-06-12',347),(352,'2016-06-13','2016-06-19',348),(353,'2016-06-20','2016-06-26',349),(354,'2016-06-27','2016-07-03',350),(355,'2016-07-04','2016-07-10',351),(356,'2016-07-11','2016-07-17',352),(357,'2016-07-18','2016-07-24',353),(358,'2016-07-25','2016-07-31',354),(359,'2016-08-01','2016-08-07',355),(360,'2016-08-08','2016-08-14',356),(361,'2016-08-15','2016-08-21',357),(362,'2016-08-22','2016-08-28',358),(363,'2016-08-29','2016-09-04',359),(364,'2016-09-05','2016-09-11',360),(365,'2016-09-12','2016-09-18',361),(366,'2016-09-19','2016-09-25',362),(367,'2016-09-26','2016-10-02',363),(368,'2016-10-03','2016-10-09',364),(369,'2016-10-10','2016-10-16',365),(370,'2016-10-17','2016-10-23',366),(371,'2016-10-24','2016-10-30',367),(372,'2016-10-31','2016-11-06',368),(373,'2016-11-07','2016-11-13',369),(374,'2016-11-14','2016-11-20',370),(375,'2016-11-21','2016-11-27',371),(376,'2016-11-28','2016-12-04',372),(377,'2016-12-05','2016-12-11',373),(378,'2016-12-12','2016-12-18',374),(379,'2016-12-19','2016-12-25',375),(380,'2016-12-26','2017-01-01',376),(381,'2017-01-02','2017-01-08',377),(382,'2017-01-09','2017-01-15',378),(383,'2017-01-16','2017-01-22',379),(384,'2017-01-23','2017-01-29',380),(385,'2017-01-30','2017-02-05',381),(386,'2017-02-06','2017-02-12',382),(387,'2017-02-13','2017-02-19',383),(388,'2017-02-20','2017-02-26',384),(389,'2017-02-27','2017-03-05',385);
/*!40000 ALTER TABLE `periodo_comision` ENABLE KEYS */;
UNLOCK TABLES;

--
-- Table structure for table `persona`
--

DROP TABLE IF EXISTS `persona`;
/*!40101 SET @saved_cs_client     = @@character_set_client */;
/*!40101 SET character_set_client = utf8 */;
CREATE TABLE `persona` (
  `id` int(11) NOT NULL AUTO_INCREMENT,
  `nombres` varchar(45) NOT NULL,
  `apellido_paterno` varchar(45) NOT NULL,
  `apellido_materno` varchar(45) NOT NULL,
  PRIMARY KEY (`id`)
) ENGINE=InnoDB AUTO_INCREMENT=809 DEFAULT CHARSET=utf8;
/*!40101 SET character_set_client = @saved_cs_client */;

--
-- Dumping data for table `persona`
--

LOCK TABLES `persona` WRITE;
/*!40000 ALTER TABLE `persona` DISABLE KEYS */;
INSERT INTO `persona` VALUES (1,'Ana Cecilia','Galvn','Garca'),(2,'Cruz Felipe','Rodrguez','Lpez'),(3,'Daniel','Snchez','Inda'),(4,'Felipe de Jess','Daz','Llamas'),(5,'Julio Hilario','Pea','Carmona'),(6,'Moises','Mora','Martinez'),(7,'Nazaret','Llanos','Valderrama'),(8,'Ofelia Guadalupe','Puga','Torres'),(9,'Patricia','Garza','Gonzlez'),(10,'Rosalinda','Gonzlez','Guerra'),(11,'Sofa','Coronado','Gonzlez'),(12,'Cynthia','Navarro','Snchez'),(13,'Esthela','Medelln','Rangel'),(14,'Esther','Garca','Castro'),(15,'Genoveva','Torres','Rodrguez'),(16,'Rosario','Mata','Martnez'),(17,'Dolores','Snchez','Villanueva'),(18,'Juany','Njera','Olvera'),(19,'Aurelia','Rodrguez','Ros'),(20,'Leticia','Ojeda','Zacaras'),(21,'Irma','Cant','Rivera'),(22,'Sonia','Aranda','Cant'),(23,'Laura','Rubio','Gonzalez'),(24,'Francisco','Cortez','M.'),(25,'Lupita','Segura',''),(26,'Mara De Luz','Aguilar','Espinoza'),(27,'Joaqun','Reyna','Santilln'),(28,'Alonso','Daz','Hernandez'),(29,'Martha','Vega',''),(30,'Leticia','Guerrero',''),(31,'Juan','Manuel','Rangel'),(32,'Socorro','Contreras',''),(33,'David','Azahel','Galvn'),(34,'Martha','Ramrez','Castaon'),(35,'Yolanda','Reyes','Salas'),(36,'Jonathan G.','Navarro','Snchez'),(37,'Ramiro','Dvila','Rodrguez'),(39,'Humberto','Reyes',''),(40,'Juanita','Chvez',''),(41,'Ramona','Hurtado',''),(42,'Ma. Elisa','Rubio',''),(43,'Brenda','Chvez',''),(44,'Susana','Rodrguez',''),(45,'Lucila','Gonzalez','Hernandez'),(46,'Beatriz','Solorio',''),(47,'Sandra','Gonzalez',''),(48,'Francis','Ramos',''),(49,'Dora','Gonzalez',''),(50,'Nicols','Martnez','Castillo'),(51,'Rubn','Becerra',''),(52,'Carlos','Trevio','Rodrguez'),(53,'Blanca','Cortez','Ayala'),(54,'Nelly','Espinoza','Martnez'),(55,'Ofelia','Martnez',''),(56,'Ral','Reyes','Reyna'),(57,'Lourdes','Arvalo','Gazpar'),(58,'Mireya','Aguayo','Torres'),(59,'Obdulio','Lugo','Martnez'),(60,'Teresa','Cortez',''),(61,'Aurora','Dipp','Martnez'),(62,'Fabin','Fonseca','Dipp'),(63,'Natalia','Rubio','Rangel'),(64,'Leonardo','Medina','Escareo'),(65,'Mnica','Rodrguez','Garcia'),(66,'Juliana','Cervantes',''),(67,'Alma Rosa','Robledo',''),(68,'Marisol','Garcia','Pruneda'),(69,'Agustn','Dipp','Martnez'),(70,'Margarita','Rodrguez','C'),(71,'Concepcin','Chvez',''),(72,'Delia','Jaime','Juregui'),(73,'Francisco','Cortes','  '),(74,'Bernardo','Reyes','Nez'),(75,'Rosario','Zapata',''),(76,'Laura Alicia','Jurez','Gonzalez'),(77,'Carmen','C.',''),(78,'Jose Manuel','Tamez','Gzz.'),(79,'Ernesto','Campano','Prez'),(80,'Hermelinda','Salazar','D.'),(82,'Guadalupe','Torres',''),(83,'Jose Guadalupe','Romo',''),(84,'Martha Oralia','Snchez','Villanueva'),(85,'Magdalena','Prez','Conde'),(86,'Everado Hctor','Cavazos','Leal'),(87,'Guillermina','Moreno','Oviedo'),(88,'Jose Ricardo','Amaya','Garcia'),(89,'Mizael','Moreno','Torres'),(90,'Jess','Barrientos','Reyna'),(91,'Julio Cesar','Lpez','Acevedo'),(92,'Francko Javier','Soto','Garcia'),(93,'Anglica Esmeralda','Villa','Tovar'),(94,'Imelda Guadalupe','Prez','Jaime'),(95,'Margarito','Charco','Vera'),(97,'Jose Pablo','Aguinaga','Guerra'),(98,'Alejandro','Mariscal','Camarillo'),(99,'Julia','Espinoza','Cardona'),(100,'Ana Mara','Aguirre','Hernandez'),(101,'Mara Guadalupe','Galindo','Flores'),(103,'Vctor','Tostado',''),(104,'Mara Del Socorro','Garcia','Daz'),(105,'Zayra Mercedes','Pachuca','Aguilar'),(106,'Juan','Sosa','Cortez'),(107,'Edelmira','Lpez','Snchez'),(108,'Nora Mara','Sosa','Barragn'),(109,'Martha Gloria','Rodrguez','Snchez'),(110,'Mara Del Rosario','Loredo','Cervantes'),(111,'Anah','Escamilla','Ramrez'),(112,'Lizeth','Betancourt','Espinoza'),(113,'Lourdes','Guevara','Torres'),(114,'Pablo','De La Rosa',''),(115,'Raquel','Vzquez','Barrera'),(116,'Homero Elio','Morales','Garza'),(117,'Moiss','M.','Flores'),(118,'Mara Guadalupe ','Rojas',' '),(119,'Mara Esperanza','Vlez','Camarillo'),(120,'Mara Leticia','Quintanilla','De Len'),(121,'Mayra','Gonzalez','Quintero'),(122,'Ma. Teresa','Arratia',''),(123,'Lino Mario','lvarez','Vzquez'),(124,'Edgar Ricardo','Zavala','Cardona'),(125,'Edmundo','Rico','Canizales'),(126,'Antonio','Almazan',''),(127,'Jonathan Giovani','Navarro','Snchez'),(128,'Elida','Meza',' '),(129,'Cynthia Lucila','Garcia','Leal'),(130,'Felicitas','Basoria',' '),(131,'Juan Pedro','Quintanilla',' '),(132,'Jenifer Selina','Ramrez',' '),(133,'Jose Antonio','Flores',' '),(134,'Marcela','Alvarado',' '),(135,'Oscar Mario','Gonzalez','Martnez'),(136,'Ezequiel','Mata','Aguillon'),(137,'Josue Israel','Limn','Camarillo'),(138,'Gilberto','Alvarez','Rivera'),(139,'Maria Guadalupe','Gomez','Martinez'),(140,'Rafael ','Flores','Cantero'),(141,'Antonio','Martinez','Hernandez'),(142,'Gaspar','Alvarez','Leija'),(143,'Jacinto','Rubio','Cano'),(144,'Victor M. ','Monrreal','Carranza'),(145,'Leonardo','Santiago','Pascual'),(146,'Apolinar','Martinez','Gonzalez'),(147,'Felipe','Limon','Camarillo'),(148,'Fco. Guadalupe','Ruiz','Lopez'),(149,'Jose','Cazares','Bustos'),(150,'Ramiro','Flores','Saldivar'),(151,'Francisco','Castro','Cangas'),(152,'Javier','Corral','Lozano'),(153,'Alberto','Hernandez','Alvarado'),(154,'Fco. Javier','Mendieta','Mtz.'),(155,'Carlos','Flores','Cantero'),(156,'Domingo','Hernandez','Carrizales'),(157,'Francisco','Lara','Carreon'),(158,'Jose','Acevedo','Martinez'),(159,'DOMINGO ALBERTO','HERNANDEZ','SEGUNDO'),(160,'Miguel Angel','Vazquez','Martinez'),(161,'Abel','Rivera','Silba'),(162,'Andres','Montoya','Martinez'),(163,'Cruz Felipe Rodrguez Lpez','',''),(164,'Adrin Isa','Irocheta','Galvn'),(165,'Adrin Isa','Irocheta','Galvn'),(166,'JUAN','topo','MARTINEZ'),(167,'Cruz Felipe Rodrguez Lpez','',''),(190,'Ned','Flanders ','perfetirijillo'),(191,'Ned','Flanders','Perfectirijillo'),(192,'Nazaret','Llanos','Valderrama'),(193,'Nazaret','Llanos','Valderrama'),(194,'Felipe de Jess','Dazz','Llamas'),(195,'Oscar Ramn','Paredes','Bauelos'),(196,'Cruz Felipe','Rodrguez','Lpez'),(197,'Cruz Felipe Rodrguez Lpez','',''),(198,'Bersan','De la Cruz','Pino'),(199,'Juan Antonio','Hernandez','Arias'),(200,'Estela','Gaspar','Morales'),(201,'Brenda','Gaspar','Morales'),(202,'Lucero','Gaspar','Morales'),(203,'Jos','Acevedo','Martnez'),(204,'Francisco','Lara','Carren'),(205,'Jos de Jess','Arias','Balderas'),(206,'Joel','Rincon','Martnez'),(207,'Jorge','Ibarra','Martinez'),(208,'Roberto','Palacios','Serna'),(209,'Carlos  Alberto','Lopez','Lara'),(210,'Armando','Cruz',''),(211,'Jose David','Torres','Garza'),(212,'Manuel D.','Gomez','Garza'),(213,'Reynaldo','Limon','Barron'),(214,'Abel','Rivera',''),(215,'Ernesto','Vazquez','Morales'),(216,'Timoteo','Ramirez','De la Cruz'),(217,'Jose Luis','Galvan','Ortiz'),(218,'Alejandro','Bustamante','Sanchez'),(219,'Ana Maria','Ramirez','Leyva'),(220,'Edgardo','Merino',''),(221,'Mirthala','Hernandez','Salinas'),(222,'Adrian Antonio','Moreno','Rivera'),(223,'Adriana','Contreras','Gonzalez'),(224,'Alejandro','Monrreal','Silva'),(225,'Alicia','Daz','Ramrez'),(226,'Alma Gloria','Hernandez','Herrera'),(227,'Ana Ma.','Hernandez','Garcia'),(228,'Ana Maria De Jesus','Gutierrez','Martinez'),(229,'Angelica','Olivo','Sauceda'),(230,'Anselmo','Moreno','Rivera'),(231,'Areceli','Tamez','Chavarria'),(232,'Armando','Valerio','Mendoza'),(233,'Arturo','Rangel','Garcia Y/O'),(234,'Brenda Janeth','Rosas','Hernandez'),(235,'Brenda Selene Sarai','Ulloa','Garcia'),(236,'Claudia Margarita','Garza','Garza'),(237,'Cuauhtemoc','Leal','Martinez'),(238,'David','Barrera','Ruiz'),(239,'David Martinez Rodriguez','Y/O Elsie Edith','Garza Reyna'),(240,'Delia','Acevedo','Velez'),(241,'Edelmira','Lopez','Sanchez'),(242,'Edith Aurora','Robledo','Mendez'),(243,'Elena','Morales','Martinez'),(244,'Elisa','Contreras','Ortiz'),(245,'Elizabeth','Campos','Saldaa'),(246,'Elva Maria De La Fuenta','Y/O Oscar Alejandro','Camacho Aguilar'),(247,'Enrique Gonzalez Aguirre','Y/O Laura Leticia','Y/O Elvira Gonzalez'),(248,'Enriqueta','Muiz','Gracia'),(249,'Francisca','Cervantes','Solis'),(250,'Francisco Gerardo','Tijerina','Elguezabal'),(251,'Francisco Javier','Solis','Martinez'),(252,'Genaro Adrian','Reyes','Dominguez'),(253,'Graciela','Martinez','Allende'),(254,'Guadalupe','Campos','Saldaa'),(255,'Guadalupe','Herrera','Jimenez'),(256,'Guillermo','Tellez','Morgan'),(257,'Hector','Lazaro','De La Rosa'),(258,'Irma','Cerda','Perez'),(259,'Irma Josefa','Hernandez','Mata'),(260,'Jaime','De Anda','Villarreal'),(261,'Jesus Antonio','Hernandez','Rangel'),(262,'Jesus','Davila','Rodriguez'),(263,'Jesus','Hernandez','Salinas'),(264,'Jesus Maria','Alanis','Martinez'),(265,'Jesus Molina Segovia','Y/O Maria Elena','Reyna Lian'),(266,'Jorge','Garza','Cavazos'),(267,'Jose Jaime','Rodriguez','Tenorio'),(268,'Jos Ramiro','Cant','Gonzlez'),(269,'Juan','Avila','Martinez'),(270,'Juan Edgar','Sosa','Hernandez'),(271,'Juan Ernesto','Franco','Leal'),(272,'Juan Gabriel','Romo','Perez'),(273,'Juana Maria','Rojas','Ortiz'),(274,'Juana','Rivera','Torres'),(275,'Juana','Salazar','Aranda'),(276,'Karla','Ramos','Perez'),(277,'Laura Elena','Ortega','Ochoa'),(278,'Leticia','Sanchez','Silva Y/O'),(279,'Lic. Armando','Suarez','Luna'),(280,'Luis Antonio','Cano','Rodriguez'),(281,'Luis Gerardo','Ibarra','Cortinas'),(282,'Ma. Del Carmen','Ortiz','Martinez'),(283,'Ma. Del Socorro','Barrera','Garza'),(284,'Ma. Del Socorro','Ramos','Ramirez'),(285,'Maria Concepcion','Sanchez','Villarreal'),(286,'Maria Cristina','Zambrano','De Ibarra'),(287,'Maria De La Luz','Moreno','Matamoros'),(288,'Maria Del Consuelo','Avila','Maltos'),(289,'Maria Del Consuelo','Flores','Elizondo'),(290,'Maria Del  Refugio','Maltos','Corral'),(291,'Maria Del Socorro','Moreno','Matamoros'),(292,'Maria Elena','Cosio','Gonzalez'),(293,'Maria Elena','Reyna','Lian'),(294,'Maria Eugenia','Rodriguez','Flores'),(295,'Maria Guadalupe','Obregon','Sandoval'),(296,'Maria Guadalupe','Torres','Guevara'),(297,'Mara Isabel','Arroyo','Aguilar'),(298,'Maria Luisa','Arenas','Gutierrez'),(299,'Maria Martina','Morales','Rodriguez'),(300,'Maribel','Soto','Sierra'),(301,'Mario Alberto','Guijarro','Tamayo'),(302,'Marisela','Olvera','Mauricio'),(303,'Martha Idalia','Chavarria','Pimentel'),(304,'Martha Nelly','Garcia','Gonzalez'),(305,'Miguel ngel','Martnez','Barajas'),(306,'Minerva Cantu Cantu','Y/O Ramiro','Benavides Sanchez'),(307,'Myrthala','Hernandez','Torres'),(308,'Nidia Juanita','Chavarria','Pimentel'),(309,'Nohemi','Cantu','De Tovar'),(310,'Ofelia','Hernandez','Salinas'),(311,'Ofelia','Perales','Arizpe'),(312,'Olinda','Gonzalez','Becerra'),(313,'Oralia Iveth','Hudtler','Moreno'),(314,'Pablo Emigdo','Salinas','Salinas'),(315,'Patricia Eugenia','Rodrguez','Meja'),(316,'Petra Urbina','Burnias','Y/O Juan Antonio'),(317,'Ricardo','Garcia','Casas'),(318,'Ricardo','Martinez','Lozano'),(319,'Rita Dolores','Garza','Garza'),(320,'Roberto','Abrego','Morales'),(321,'Roberto Javier','Valdes','Gonzalez'),(322,'Rogelio Guadalupe','Gonzalez','Landrove'),(323,'Rosa De Guadalupe','Santana','Mato'),(324,'Rosa Maria','Cavazos','Tamez'),(325,'Rosa Maria','Pesina','Medina'),(326,'Rosalinda','Lozano','Villarreal'),(327,'Rubn','Gutirrez','Villarreal'),(328,'Ruth Maria','Ceballos','Acosta'),(329,'Sergio Alberto','Ros','Garza'),(330,'Sergio Alejandro','Salinas','Gonzalez'),(331,'Sergio Ernesto','Aguilera','Mejia'),(332,'Sofia','Morales','Esparza'),(333,'Sra. Guadalupe','Elizondo','Platas'),(334,'Tomas','Mercado','Cepeda'),(335,'Veronica Leticia','Velez','Garcia'),(336,'Victor Roman','Ibarra','Cortinas'),(337,'Viola Guadalupe Hernandez','Hernandez','Torres'),(338,'Virginia Guadaupe','Gonzalez','Goettsch'),(339,'Alejandro','Cervantes','Montoya'),(340,'Francisca','Martinez','.'),(341,'Angelica Maria','Castro','Padilla'),(343,'Elsa Laura','Salinas','Cantu'),(344,'Maria Eugenua','Benitez','Alonso'),(345,'Victor Hugo','Lozano','Gonzalez'),(346,'Elisa','Curz','Garza'),(347,'Jose','Sanchez','Patlan'),(348,'Lic. Juan  Manuel','Rios','Gonzalez'),(349,'Eduardo','Taffinder','Davila'),(350,'Reymundo','Lozano','Arellano'),(351,'Gabriela','Villarreal','Cardenas'),(352,'Emilio','Ordaz','Ramirez'),(353,'Jose','Fernandez','Rodriguez'),(354,'Elsa','Cantu','De Hinojosa'),(355,'Laura','Alonso','Villarreal'),(356,'Juan','Manuel','Martinez'),(357,'Dr. Hector Guillermo','Leal','Silva'),(358,'Jose Luis','Tovar','Lopez'),(359,'Maria Guadalupe Rocio','Dosal','Posada'),(360,'Javier Antonio','Lopez','Muiz'),(361,'Ana Cecilia','Trevio','Lozano'),(362,'Ros Linda','Ceballos','Acosta'),(363,'Carmen','Muniz','De Rangel'),(364,'Leonardo Adrian','Siller','Sauvlet'),(365,'Maria','Antonieta','Salinas'),(366,'Saul','Garcia','Juarez'),(367,'Carlos Alberto','Garza','Isida'),(368,'Ana Elisa','Romo','Gonzalez'),(369,'Jose Guillermo','Pea','Cantu'),(370,'Susana','Bailey','Elizondo'),(371,'Hilda Leticia','Rodriguez','Ayala'),(372,'Olivia Guadalupe','Escobedo','Gonzalez'),(373,'Saul','Juarez','Cavazos'),(374,'Leticia','Rodriguez','Arizpe'),(375,'Leticia','Rodriguez','Arizpe'),(376,'Armandina','Chavez','Gonzalez'),(377,'Francisco','Saldivar','Saldivar'),(378,'Jose Gerardo','Morales','Garza'),(379,'Alma Rosa','Ramos','Parado'),(380,'Roberto','Cepeda','Walle'),(381,'Jorge','Gonzalez','Villarreal'),(382,'Pedro Ernesto','Villarreal','Flores'),(383,'Leticia Maria','Hernandez','Arizpe'),(384,'Erik Fernando','Martinez','Flores'),(385,'Maria Antonia','Alvarado','Gomez'),(386,'Evangelina','Yaez','Gonzalez'),(387,'Gloria Lidia','Escamilla','Quintero'),(388,'Jesus Angel Ramirez Lopez','y/o','Leticia Rodriguez Calderon'),(389,'Jorge','Elizondo','Urbano'),(390,'Sonia Margarita','Garza','Benavides'),(391,'Hector','Olmos','Capilla'),(392,'Julio Cesar Davila Sepulveda','y/o','Elsa Nidia Correa Garza'),(393,'Leticia','Martinez','Landa'),(394,'Angel','Martinez','Landa'),(395,'Jose Manuel','Martinez','Landa'),(396,'Imelda Josefina','Cardenas','Fabian'),(397,'Julio Cesar','Davila','Sepulveda'),(398,'Otilio Irineo','Cantu','Gonzalez'),(399,'Guadalupe','Villarreal','Salazar'),(400,'Cuahutemoc','Rivera','.'),(401,'Gabino','Ortiz','Ezqueda'),(402,'Roberta Veronica','Cardona','Reyna'),(403,'Celia','Moya','Martinez'),(404,'Francisco Javier','Cantu','Ortiz'),(405,'Florinda','Perale','Rocha'),(406,'Maricela','Guerra','Guerra'),(407,'Fernando Javier','Cruz','Elizondo'),(408,'Raymundo Villarreal Garza','y/o','Patricia del Carmen Ramos Villarreal'),(409,'Ana Sylvia','Suarez','Perez'),(410,'Raul Moises','Robledo','Gonzalez'),(411,'Antonia Nohemi','Gonzalez','Ramirez'),(412,'Carlos Alberto','Banda','Martinez'),(413,'Maria Belinda','Rizo','Luis'),(414,'Elizabeth','Ramos','Ramirez'),(415,'Gloria','Silva','Sandoval'),(416,'Amparo','De la Garza','Cantu de Arizpe'),(417,'Sergio Ernesto','Alejo','Leyva'),(418,'Idalia','Gonzalez','Navarro'),(419,'Lydia Ines','Obregn','Zavala'),(420,'Luz Maria','De Arroyo','.'),(421,'Luz Ma.','Cantu','De Garza'),(422,'Violeta Yolanda','Garcia','.'),(423,'Ma. Teresa','Ayala','Villarreal'),(424,'Yolanda','Silva','Rodriguez'),(425,'Carlos Javier','Mata','Valdez'),(426,'Flavio','Estrada','Ferreti'),(427,'Alfredo','Estrada','Rocha'),(428,'Leonardo','Lopez','Carrion'),(429,'Oscar','Esparza','Zertuche'),(430,'Margarita G.','Trevio','De Pedraza'),(431,'Cristina','De la Rosa','Martinez'),(432,'Leticia','Garza','Fernandez'),(433,'Juan Carlos','Moreno','Lozano'),(434,'Maria De La Luz','Avalos','Reyes'),(435,'Alicia','Veloquio','Ramirez'),(436,'Armando','Acosta','Gonzalez'),(437,'Jesus Cesar','Saucedo','Lara'),(438,'Oscar','De los Santos','Izaguirre'),(439,'Jose Antonio','Reyes','Garza'),(440,'David Homero','Gonzalez','Moncada'),(441,'Alberto','Rivera','Perez'),(442,'Luz Maria','Sanchez','Perez'),(443,'Hector','Pia','Villarreal'),(444,'Juan Jesus','De la Garza','Ochoa'),(445,'Norma Leticia','Gutierrez','Ibarra'),(446,'Saul','Quintero','Ahedo'),(447,'Mario Humberto','Jaramillo','Gonzalez'),(448,'Hector Gerardo','Cortez','Martinez'),(449,'Luis Alberto','Martinez','Aldape'),(450,'Eduardo Douglas','Molina','Cordova'),(451,'Maria Elena','Mendoza','Nieto'),(452,'Javier','Berumen','Camacho'),(453,'Jorge Alberto','Diaz','Rocha'),(454,'Maria Guadalupe','Chvez','Marquez'),(455,'Jose Luis','Torres','Gamez'),(456,'Irma de Los Angeles','Guerrero ','Silva'),(457,'Reyes Humberto','De Leon','Serna'),(458,'Ricardo','Molina','Garza'),(459,'Amalia','Cerda','Ornelas'),(460,'Martha Patricia','Sanchez','Beltran'),(461,'Javier','Carlos','Martinez'),(462,'Yolanda','Perez','Garza'),(463,'Mario','Villarreal','Castilla'),(464,'Lilia Mireya','Hernandez','Cienfuegos'),(465,'Irma Laura','Arroniz','Morales'),(466,'Veronica','Olivares','De Izaguirre'),(467,'Hector','Garza','Marroqun'),(468,'Mario Alberto','Salinas','Luna'),(469,'Jorge Javier','Gonzalez','Ortiz'),(470,'Jael','Martinez','Campos'),(471,'Maria del Rosario','Vazquez','Saldaa'),(472,'Jacinta','Martinez','Rivera'),(473,'Rosa Graciela','Viera','Vazquez'),(474,'Ana Maria','Tamez','De Perez'),(475,'Javier Eliud','Cazares','Olvera'),(476,'Jaime Garcia Barraza','y/o','Maria Belem Martinez Rojas'),(477,'Ana Maria Palacios','y','Jesus Villarreal Saenz'),(478,'Myrna Elisa','Garcia','Moreno'),(479,'Alicia','Jaime','Burciaga'),(480,'Sandra','Berlaga','Cant'),(481,'Maria Imelda','Tovar','Saldaa'),(482,'Rosa Alicia','Lopez','Villezca'),(483,'Maria Fernanda','Barron','Jimenez'),(484,'Adriana Lizeth','Alvarado','Zavala'),(485,'Gamaliel','Martinez','Gonzalez'),(486,'Virginia','Reyna','Perez'),(487,'Carolina','Villarreal','Trevio'),(488,'Laura Herminia','Jaramillo','Gonzalez'),(489,'Loida','Lott','Moore'),(490,'Julia Nancy Garza Salazar','y/o','Maria Fernanda Pacheco Garza'),(491,'Maria','Rivera','Torres'),(492,'Karina','Quezada','Valadez'),(493,'Hilda','Sanchez','Ramirez'),(494,'Jose Rene','Medina','Cantu'),(495,'Lidia Veronica','Garza','Olivares'),(496,'Priscila','Guevara','Torres'),(497,'Juan Gerardo','Jaramillo','Gonzalez'),(498,'Jorge Javier','Gonzalez','Montemayor'),(499,'Silvia','Sanchez','Lopez'),(500,'Georgina','Delgado ','Saenz'),(501,'Silvia','Sierra','Manjarrez'),(502,'Nora','Rodriguez','Garza'),(503,'Otilia','Cortina','Espinoza'),(504,'Cesar Prospero','Garcia','Villarreal'),(505,'Rosaura del Pilar Teresita Barahon','y/o','Roberto Escamilla Molina'),(506,'Irma','Garcia','Belderas'),(507,'Ruben','Chapa','Vazquez'),(508,'Roberto','Vargas','Salinas'),(509,'Elizabeth','Aguirre','Castillejos'),(510,'Mario Andres','Vazquez','Rodriguez'),(511,'Miguel Angel','Rodriguez','Mata'),(512,'Irma','Salinas','Garza'),(513,'Irma','Caedenas','Fabian'),(514,'Maria Guadalupe','Tijerina','Castorena'),(515,'Alicia','Diaz','.'),(516,'Jorge Alberto','De la Garza','Adler'),(517,'Miguel Angel','Benavides','Pineda'),(518,'Sara Guadalupe','Romero','Badillo'),(519,'Maria Teresa','Martinez','Landa'),(520,'Yolanda','Ruiz','Acosta'),(521,'Amparo','Moreno','Constante'),(522,'Maria del Rosario','Garza','Rodriguez'),(523,'Socorro','Villarreal','Montalvo'),(524,'Eduardo','Llaca','.'),(525,'Leticia','Gonzalez','Trevio'),(526,'Rafael','Villarreal','.'),(527,'Jose Antonio','Garcia','Acosta'),(528,'Mario','Gonzalez','Gonzalez'),(529,'Alejandra','Cantu','Almaguer'),(530,'Angel Mario','Leal','Gonzalez'),(531,'Ma. Olga','Garcia','Arevalo'),(532,'Silvia','Rodriguez','Alaniz'),(533,'Ma. Edna','Salinas','Fernandez'),(534,'Cesar Roman','Diaz','Vazquez'),(535,'Cristina','Diaz','Salazar'),(536,'Javier','Garza','Elizondo'),(537,'Rosa Nelly','Montemayo','Salas'),(538,'Jaime','Martinez','Chapa'),(539,'Irma Letici','Martinez','Leal'),(540,'Hipolita','Neira','Cobos'),(541,'Filiberto','Villa','Martinez'),(542,'Maria de los Angeles','Hernandez','Duque'),(543,'Diana Leticia','Hernandez','Duque'),(544,'Luis Lauro','Valdez','Salazar'),(545,'Aida ',' Beltran del Rio','Medina'),(546,'Elvira','Marquez','Arzola'),(547,'Alberto','Villarreal','Sierra'),(548,'Olga Nora','Saucedo','Tamez'),(549,'Susana','Hinojosa','Aguirre'),(550,'Juan Francisco','Salinas','Serna'),(551,'Maria del Carmen','Ordoez','Garza'),(552,'Alicia','Martinez','Lecea'),(553,'Roberto','Brandi','Patio'),(554,'Gabriela','Lozano','Monzon'),(555,'Clara Aurora','Obregon ','Chavez'),(556,'Jose cesar','Flores','Luna'),(557,'Alicia','Martinez','Lecea'),(558,'Brenda Lizeth Jaramillo Perez','Y/o','Olga Beatriz Pea Salazar'),(559,'Patricia','Figueroa','.'),(560,'Magdalena','Torres','De Perez'),(561,'Richard','Gonzalez','Rios'),(562,'Jorge Humberto','Marin','Tellez'),(563,'Yolanda','Gonzalez','De la Garza'),(564,'Jesus Everardo','Villarreal','Flores'),(565,'Alejandra','Gaytan','Mendoza'),(566,'Roberto','Aranda','Davalos'),(567,'Claudia Guadalupe','Duque','Moreno'),(568,'Margarita','Gomez','Martinez'),(569,'Oscar Hector','Hinojosa','Lopez'),(570,'Mario Alberto','Garza','Leal'),(571,'Alma Gloria','Cant','De Len'),(572,'Leodegario','Arias','Cardona'),(573,'Xavier Alfonso','Pozos','Barbosa'),(574,'Yolanda','Garza','De Guajardo'),(575,'Carmen','Suru','Albear'),(576,'Desarrollos Inmobiliarios','Garza','Valdz'),(577,'Ma. De los Angeles','Cant','Cant'),(578,'Maria Ins','Rodriguez','Lozano'),(579,'Juan Jos','Sanchez','Valdz'),(580,'Ricardo','Garza','Estrada'),(581,'Karen Anain','Torres','Cadena'),(582,'Jose Antonio','Perez','Perez'),(583,'Pedro','Caballero','Anzures'),(584,'Diana Leticia','Trevio','Valdez'),(585,'Martha Patricia','Vargas','Reta'),(586,'Rosa Maria','Lopez','Ortega'),(587,'Javier','De Golferichs','Trevio'),(588,'Isabel','Arevalo','De Uribe'),(589,'Juanita','Robledo','Palacios'),(590,'Martha Elva','Salazar','Saldivar'),(591,'Maria del Consuelo','Guerra','Morales'),(592,'Rosa Laura','Garza','Chavarri'),(593,'Ricardo','Garza','Estrada'),(594,'Guadalupe Veronica','Olmedo','Hernandez'),(595,'Martn Guillermo','Marcos','Marcos'),(596,'Graciela','Vogel','De Brocker'),(597,'Maria Concepcion','Gonzalez','Lopez'),(598,'Liz Karen Amor Hernandez','y/o','Jesus Angel Tovar Pequeo'),(599,'Alfonso','Amor','Gonzalez'),(600,'Benito','Contreras','Lara'),(601,'Maria Beda','Albarran','Luviano'),(602,'Perla Graciela','Cantu','Gonzalez'),(603,'Myrna','Mendiola','Rodriguez'),(604,'Norma Delia','Noriega','Martinez'),(605,'Odon','Rodriguez','Aguirre'),(606,'Raul','Solis','Ochoa'),(607,'Isabel','Patricia','Soberon'),(608,'Blanca Estela','Paez','Ayala'),(609,'Marlene','Garza','Morales'),(610,'Adrian','Torres','Esqueda'),(611,'Griselda','Vela','De Oseguera'),(612,'Debora','Mateos','Garza'),(613,'Emilio','Escobedo','Botello'),(614,'Ma. Aurora','Cantu','Cagnasso'),(615,'Pedro','Chavez','Aguilar'),(616,'Maria Guadalupe','Teran','Esparza'),(617,'Maria de Jeus','Oriz','.'),(618,'Jesus Manuel','Martinez','Trevio'),(619,'Socorro','Garcia','.'),(620,'Irma','Martinez','Jasso'),(621,'Blanca Alicia','Taboada','De Villarreal'),(622,'Gabriela','Reyes','Paez'),(623,'Rosalinda','Garcia','Espinosa'),(624,'Francisco','Ruiz','Toscano'),(625,'Luis Alberto','Lazo','Perez'),(626,'Salvador','Villamar','Delgado'),(627,'Jorge Raul','Vazquez','Garza'),(628,'Mario Alberto','Ramirez','Diaz'),(629,'Rogelio Emundo','Mendoza','Martinez'),(630,'Maria Martha','Aguilar','Aguilar'),(631,'Alberto','Puente','Cruz'),(632,'Melchor','Perales','Rodriguez'),(633,'Teresa','Alvarado','Perez'),(634,'Maria Isabel','Campos','Jasso'),(635,'Reynaldo','Torres','Robles'),(636,'Francisco','Trujillo','Gonzalez'),(637,'Abelardo','Luna','Rodriguez'),(638,'Nina Morales de Morales','y/o','Artemio Morales Montiel'),(639,'Pablo Humberto','Cantu','Garza'),(640,'Tere','Sanchez','Martinez'),(641,'Oralia','Chavez','Rodriguez'),(642,'Gloria Nicanora','Gonzalez','Ponce'),(643,'Herminia','Verastegui','Gonzalez'),(644,'Karla Prisilla','Escamilla','Ramirez'),(645,'Evelin Marnie','Torres','Saldaa'),(646,'Guadalupe','Ramirez','.'),(647,'Rosa Mara','Vzquez','Padilla'),(648,'Claudia Deyanira','Gonzalez','Garza'),(649,'Bertha Esthela','Gomez','Flores'),(650,'Maricela','Espinosa','Garza'),(651,'Maria Ramona','Gonzalez','De Gonzalez'),(652,'Juana Maria','Robledo','De Palacios'),(653,'Jose Angel','Mercado','Lore'),(654,'Rosalinda','Zarate ','Lara'),(655,'Nora Nelly','Vallejo','Medrano'),(656,'Susana','Rodriguez','Garza'),(657,'Ma. Esther','Villarreal','Monsivais'),(658,'Elvia','Lima','Canales'),(659,'Juan','Zapata','Campos'),(660,'Dina Raquel','Martinez','Gutierrez'),(661,'Maria del Refugio','Vela','Villarreal'),(662,'Maria de los Angeles','Carranza','Flores'),(663,'Pedro Hernandez Silva','y/o','Maria Carranza Canizalez'),(664,'Maria GuadalupesDe la Luz','Ramos','De Leon'),(665,'Isaema','Guajardo','Rodriguez'),(666,'Yazmin','Melena','Caceres'),(667,'Antonia','Villarreal','Garcia'),(668,'Marisol','Urdiales','Guerra'),(669,'Marisol Veronica','Castro','Martinez'),(670,'Elva','Hinojosa','Vda. de Garza'),(671,'Alejandra','Carrillo','Loera'),(672,'Elena','Vita','De Silva'),(673,'Maria Isabel','Arroyo',''),(674,'Yaressi','Ayala','Garcia'),(675,'Catalina','Sepulveda','Valero'),(676,'Miguel Angel','Vidal','Hallam'),(677,'Guadalupe Pea Villarreal','y/o','Irma Lopez Garcia'),(678,'Josefina','Briones','Salas'),(679,'Petra Cristela','Leal','Garca'),(680,'Manuela','Ramos','Guerra'),(681,'Ma. Elena de la Cruz','Gomez','Martinez'),(682,'Maria Elvira','Luna','Cruz'),(683,'Ricardo','Saldivar','Martinez'),(684,'Giovanna Maria','Di Constanzo','Santos'),(685,'Gloria','Moreno','Lugo'),(686,'Jos','Gomez','Ayala'),(687,'Ramon','Torres','Ruiz'),(688,'Yolanda','Garza','De Villarreal'),(689,'Martha','Rodriguez','Caballero'),(690,'Judith','Araiza','Guerra'),(691,'Jose Luis','Puente','Ibarra'),(692,'Gisela','Rodriguez','Flores'),(693,'Telhma','Caspitran','Orozco'),(694,'Maria Teresa Graciela','Romo','Aguilera'),(695,'Alejandro Ignacio','Mendez','Mercado'),(696,'Gabino','Estrada','Valero'),(697,'Luis Enrique','Sanchez','Villegas'),(698,'Vanesa','Lozano','Garcia'),(699,'Luis Carlos','Garcia','Trevio'),(700,'Francisco Conseco Mnedez','y/o','Maria Guadalupe Chapa Martinez'),(701,'Francisco','Casneco','Martinez'),(702,'Maria Guadalupe','Chapa','Martinez'),(703,'Juana Maria','Lozano','Garcia'),(704,'Silvia','Tamez','De Leon'),(705,'Guadalue Olivia','Cervantes','Negrete'),(706,'','Cervantes','Negrete'),(707,'Guadalupe Olivia','Cervantes','Negrete'),(708,'Patricia','Pedraza','Gonzalez'),(709,'Adolfo','Hernandez','Angeles'),(710,'Porfirio Miguel','Verastegui','Herrera'),(711,'Martha','Cepeda','Garcia'),(712,'Guadalupe Alicia','Livas','Lara'),(713,'Alma Leticia',' Contreras','Montemayor'),(714,'Raul','Quintanilla','Gonzalez'),(715,'Sara Eliza','Almanza','Mena'),(716,'Graciela','Mena','Soto'),(717,'Rosa Imelda','Mena','Soto'),(718,'Juan Manuel','Di Costanzo','Pieiro'),(719,'Carlos','Hinojosa','Gonzalez'),(720,'Margarita','Martinez','Hernandez'),(721,'Minerva','Zamarron','Reyna'),(722,'Elva Marina','Garza','De Guerra'),(723,'Elvia','Ramos','Cienfuegos'),(724,'Mayra','Mendoza','Enriquez'),(725,'Bertha Imelda','Salinas','Esparza'),(726,'Ma. Antonia','Cruz','Cabrera'),(727,'Maria Magdalena','Garza','De Perez'),(728,'Elias Edgardo','Cantu','Arambula'),(729,'Lidia','Rodriguez','Rodriguez'),(730,'Oscar Arturo','Flores','Lara'),(731,'Oralia','Garza','De Garza'),(732,'Angela','Ungsec','De Moreno'),(733,'Martha Elena','Vazquez','Moreno'),(734,'Maria Elena','Soto','Melero'),(735,'Julieta Alicia','Diaz','Puebla'),(736,'Cecilia','Mendoza','Sanchez'),(737,'Roberto','Franco','Lopez'),(738,'Arturo','Medellin','Silva'),(739,'Carolina','De la Rosa','Martinez'),(740,'Olga Alicia','Trevio','Hurtado'),(741,'Jesus Reynaldo','Pecina','Zavala'),(742,'Blanca Josefina','Castillo','Cruz'),(743,'Martha Ruth','Salais','Cantu'),(744,'Cesar','Alejandro','Pea'),(745,'Ruth Sofia','Cantu','Cantu'),(746,'Rita Lilia','Cardenas','Cardenas'),(747,'Gabriela','Rojas','Cabrales'),(748,'Roberto Hipolito','Zarzosa','De Leon'),(749,'Jos Trinidad','Vazquez','Rodriguez'),(750,'Leopoldo','Leal','Salinas'),(751,'Sergio Abraham','Garcia','Montemayor'),(752,'Teresa de Jesus','Roque','Perez'),(753,'Miguel Angel','Villarreal','Rodriguez'),(754,'Guadalupe','Lozano','Montes'),(755,'Jose Alberto','Gonzalez','Martinez'),(756,'Elda','Herrera','De Rodriguez'),(757,'Hermila','Cantu','Quintanilla'),(758,'Leobardo','Sepulveda','Garcia'),(759,'Abraham','Marcos','Valdez'),(760,'Noramay','Gonzalez','Gonzalez'),(761,'Celia ','Cardenas','Pea'),(762,'Alejandra','Segovia','Aguliar'),(763,'Rosa Narciza','Lopez','Calderon'),(764,'Carmen','Hernandez','Hernandez'),(765,'Blanca','Silva','Ruiz'),(766,'Hector Enrique','Naime','Garcia'),(767,'Maria de La Luz','Valadez','De Barrera'),(768,'Nora','Sepulveda','De Muoz'),(769,'Alma Luz','Esquivel','Waldo'),(770,'Francisco','Lopez','Martinez'),(771,'Sergio Humberto','Cepeda','Segovia'),(772,'Raul ','Nagafuchi','Villarreal'),(773,'Maria Guadalupe','Quintero','Vazquez'),(774,'Martha','Gomez','Izquierdo'),(775,'Ernestina','Pedraza','Gonzalez'),(776,'Roberto','Vargas','Salinas'),(777,'Jose Armando','Garza','Cortes'),(778,'Abelardo','Garca','Parra'),(779,'Arabella Artemisa','Chapa','Flores'),(780,'Francisco Sergio Hernandez','y/o','Mireya del Socorro Salinas Sanchez'),(781,'Mireya Del Socorro','Salinas','Gonzalez'),(782,'Raul','Velazquez','Rodriguez'),(783,'Patricia','Lozano','Barrientos'),(784,'Blanca Esthela','Nava','Meza'),(785,'Martha Eugenia','Trevio','Rojas'),(786,'Margarita','Valdez','Garca'),(787,'Maria Eugenia','Gomez','Junco'),(788,'','Gomez','Junco'),(789,'Mauro Martinez Mata','Y/o','Angelica Campos de Martinez'),(790,'Edgardo Escalante Egremy','y/o','Ercilia Egremy Osorio'),(791,'Guadalupe','Cervantes','Negrete'),(792,'Alfonso','Saenz','.'),(793,'Ernestina','Espinoza','De Diaz'),(794,'Virginia Gregoria','Villarreal ','Avalos'),(795,'Carmen Elena','Hernandez','Hernandez'),(796,'Sylvia Maria','Guevara','Martinez'),(797,'Gloria','Navarro','Reyes'),(798,'Rosa Ofelia','Beltran','Del Rio Madrid'),(799,'Esperanza','Gutierrez','Villarreal'),(800,'Nohemi','Nocolussi','Padilla'),(801,'Nancy Laura','Martinez','Flores'),(802,'Ana','Herrera','Kasewurm'),(803,'Sergio','Cerda','Luna'),(804,'Carmen','Melgoza','Vda de Cant'),(805,'Myrna','Walch',''),(806,'Lidia','Elizondo ','Guerra'),(807,'Natalia','Rubio','Rangel'),(808,'Rosa Maria','Garza','Gutierrez');
/*!40000 ALTER TABLE `persona` ENABLE KEYS */;
UNLOCK TABLES;

--
-- Table structure for table `personalizacion_venta_recubrimiento`
--

DROP TABLE IF EXISTS `personalizacion_venta_recubrimiento`;
/*!40101 SET @saved_cs_client     = @@character_set_client */;
/*!40101 SET character_set_client = utf8 */;
CREATE TABLE `personalizacion_venta_recubrimiento` (
  `id` int(11) NOT NULL AUTO_INCREMENT,
  `venta_recubrimiento_id` int(11) NOT NULL,
  `recubrimiento_caracteristica_id` int(11) NOT NULL,
  `detalle` text,
  PRIMARY KEY (`id`),
  KEY `fk_personalizacion_venta_recubrimiento_venta_recubrimiento1_idx` (`venta_recubrimiento_id`),
  KEY `fk_personalizacion_venta_recubrimiento_recubrimiento_caract_idx` (`recubrimiento_caracteristica_id`),
  CONSTRAINT `fk_personalizacion_venta_recubrimiento_recubrimiento_caracter1` FOREIGN KEY (`recubrimiento_caracteristica_id`) REFERENCES `recubrimiento_material` (`id`) ON DELETE NO ACTION ON UPDATE NO ACTION,
  CONSTRAINT `fk_personalizacion_venta_recubrimiento_venta_recubrimiento1` FOREIGN KEY (`venta_recubrimiento_id`) REFERENCES `venta_recubrimiento` (`id`) ON DELETE NO ACTION ON UPDATE NO ACTION
) ENGINE=InnoDB DEFAULT CHARSET=utf8;
/*!40101 SET character_set_client = @saved_cs_client */;

--
-- Dumping data for table `personalizacion_venta_recubrimiento`
--

LOCK TABLES `personalizacion_venta_recubrimiento` WRITE;
/*!40000 ALTER TABLE `personalizacion_venta_recubrimiento` DISABLE KEYS */;
/*!40000 ALTER TABLE `personalizacion_venta_recubrimiento` ENABLE KEYS */;
UNLOCK TABLES;

--
-- Table structure for table `pieza_marmoleria`
--

DROP TABLE IF EXISTS `pieza_marmoleria`;
/*!40101 SET @saved_cs_client     = @@character_set_client */;
/*!40101 SET character_set_client = utf8 */;
CREATE TABLE `pieza_marmoleria` (
  `id` int(11) NOT NULL AUTO_INCREMENT,
  `nombre` varchar(45) NOT NULL,
  `area_requerida` double NOT NULL,
  `activo` tinyint(1) NOT NULL DEFAULT '1',
  `producto_id` int(11) NOT NULL,
  PRIMARY KEY (`id`),
  KEY `fk_pieza_marmoleria_producto1_idx` (`producto_id`),
  CONSTRAINT `fk_pieza_marmoleria_producto1` FOREIGN KEY (`producto_id`) REFERENCES `producto` (`id`) ON DELETE NO ACTION ON UPDATE NO ACTION
) ENGINE=InnoDB AUTO_INCREMENT=13 DEFAULT CHARSET=utf8;
/*!40101 SET character_set_client = @saved_cs_client */;

--
-- Dumping data for table `pieza_marmoleria`
--

LOCK TABLES `pieza_marmoleria` WRITE;
/*!40000 ALTER TABLE `pieza_marmoleria` DISABLE KEYS */;
INSERT INTO `pieza_marmoleria` VALUES (1,'Liston 10x60',0.06,1,0),(2,'Liston 15x60',0.09,1,0),(3,'Liston 20x60',0.12,1,0),(4,'Porta Placa ',0.3,1,0),(5,'Monolito',1.5,1,0),(6,'Monolito Doble',3,1,0),(7,'Base de Monolito c/tacon',1.1,1,0),(8,'Cabecera c/tacon',1.2,1,0),(9,'Florero Normal (Par)',0.25,1,0),(10,'Corte especial',0,0,0),(11,'Florero Especial',0,1,0),(12,'Recubrimiento',0,1,0);
/*!40000 ALTER TABLE `pieza_marmoleria` ENABLE KEYS */;
UNLOCK TABLES;

--
-- Table structure for table `plan_pago`
--

DROP TABLE IF EXISTS `plan_pago`;
/*!40101 SET @saved_cs_client     = @@character_set_client */;
/*!40101 SET character_set_client = utf8 */;
CREATE TABLE `plan_pago` (
  `id` int(11) NOT NULL AUTO_INCREMENT,
  `descripcion` varchar(45) NOT NULL,
  `porcentaje_anticipo` double NOT NULL,
  `periodo` int(11) NOT NULL,
  `numero_pagos` int(11) NOT NULL,
  `interes_mensual` double NOT NULL,
  `numero_comisiones` int(11) NOT NULL DEFAULT '0',
  `activo` tinyint(1) DEFAULT '1',
  `created_at` timestamp NULL DEFAULT CURRENT_TIMESTAMP,
  `updated_at` timestamp NULL DEFAULT CURRENT_TIMESTAMP,
  PRIMARY KEY (`id`)
) ENGINE=InnoDB AUTO_INCREMENT=54 DEFAULT CHARSET=utf8;
/*!40101 SET character_set_client = @saved_cs_client */;

--
-- Dumping data for table `plan_pago`
--

LOCK TABLES `plan_pago` WRITE;
/*!40000 ALTER TABLE `plan_pago` DISABLE KEYS */;
INSERT INTO `plan_pago` VALUES (1,'Contado',0,1,1,0,1,1,'2015-04-27 20:59:52','2015-04-29 03:20:28'),(2,'30% de enganche 12 meses sin intereses',30,1,12,0,6,1,'2015-04-30 03:13:50','2015-04-30 03:48:00'),(3,'30% de enganche y 24 meses sin intereses',30,1,24,0,6,1,'2015-04-27 20:59:52','2016-04-26 22:10:27'),(4,'30% de enganche y 36 meses sin Intereses',30,1,36,0,12,1,'2015-04-27 20:59:52','2015-04-30 03:48:10'),(5,'0% de enganche y 12 meses sin intereses',0,1,12,0,6,1,'2016-04-30 18:46:29','2016-04-30 18:46:29'),(6,'0% de enganche  y 24 meses sin intereses',0,1,24,0,6,1,'2016-04-30 18:46:29','2016-04-30 18:46:29'),(7,'0% de enganche y 36 meses sin intereses',0,1,36,0,12,1,'2016-04-30 18:46:29','2016-04-30 18:46:29'),(8,'0% enganche 18 meses sin intereses',0,1,18,0,6,0,'2016-04-30 18:57:58','2016-04-30 18:57:58'),(9,'5.56% enganche 17 meses sin intereses',5.56,1,17,0,6,0,'2016-04-30 18:57:58','2016-04-30 18:57:58'),(10,'8.33% enganche 22 meses sin intereses',8.33,1,22,0,6,0,'2016-04-30 18:57:58','2016-04-30 18:57:58'),(11,'4.16% enganche 23 meses sin intereses',4.16,1,23,0,6,0,'2016-04-30 18:59:54','2016-04-30 18:59:54'),(12,'4.17% enganche 23 meses sin intereses',4.17,1,23,0,6,0,'2016-04-30 18:59:54','2016-04-30 18:59:54'),(13,'3.33% de enganche 29 meses sin intereses',3.33,1,29,0,12,0,'2016-04-30 19:02:07','2016-04-30 19:02:07'),(14,'11.84% de anticipo 30 meses sin intereses',11.84,1,30,0,12,0,'2016-04-30 19:03:38','2016-04-30 19:03:38'),(15,'2.78% de anticipo 35 meses sin intereses',2.78,1,35,0,12,0,'2016-04-30 19:04:45','2016-04-30 19:04:45'),(16,'5.6% Enganche 36 meses sin intereses',5.6,1,36,0,12,0,'2016-04-30 19:14:35','2016-04-30 19:14:35'),(17,'7.64% enganche 36 meses sin intereses',7.64,1,36,0,12,0,'2016-04-30 19:15:33','2016-04-30 19:15:33'),(18,'10% enganche 36 meses sin intereses',10,1,36,0,12,0,'2016-04-30 19:17:47','2016-04-30 19:17:47'),(19,'13.15% enganche 36 meses sin intereses',13.15,1,36,0,12,0,'2016-04-30 19:17:47','2016-04-30 19:17:47'),(20,'14.8% enganche 36 meses sin intereses',14.8,1,36,0,12,0,'2016-04-30 19:20:23','2016-04-30 19:20:23'),(21,'15% enganche 36 meses sin intereses',15,1,36,0,12,0,'2016-04-30 19:20:23','2016-04-30 19:20:23'),(22,'20% enganche 36 meses sin intereses',20,1,36,0,12,0,'2016-04-30 19:20:23','2016-04-30 19:20:23'),(23,'48.45 % de enganche 36 meses sin intereses',48.45,1,36,0,12,0,'2016-04-30 19:20:23','2016-04-30 19:20:23'),(24,'2.08% de enganche 47 meses sin intereses',2.08,1,47,0,12,0,'2016-04-30 19:22:15','2016-04-30 19:22:15'),(25,'0% enganche 48 meses sin intereses',0,1,48,0,12,0,'2016-04-30 19:22:15','2016-04-30 19:22:15'),(26,'10% enganche 24 meses sin intereses',10,1,24,0,6,0,'2016-05-19 19:37:44','2016-05-19 19:37:44'),(27,'50% de enganche 2 meses sin intereses',50,1,2,0,2,1,'2016-05-27 17:08:39','2016-05-27 17:08:39'),(28,'5.9% Enganche 24 meses sin intereses',5.9,1,24,0,6,0,'2016-05-28 19:06:16','2016-05-28 19:06:16'),(29,'48.19% de enganche 36 meses sin intereses',49.19,1,36,0,12,0,'2016-05-31 21:05:18','2016-05-31 21:05:18'),(30,'4.16% de enganche 24 meses sin intereses',4.16,1,24,0,6,0,'2016-06-22 22:47:36','2016-06-22 22:47:36'),(31,'Recubrimieto 2 pagos sin enganche',0,1,2,0,2,1,'2016-07-16 15:51:33','2016-07-16 15:51:33'),(32,'30% enganche 18 meses sin intereses',30,1,18,0,6,1,'2016-07-18 21:56:46','2016-07-18 21:56:46'),(33,'15% de enganche 24 meses sin intereses',15,1,24,0,6,1,'2016-07-19 14:54:29','2016-07-19 14:54:29'),(34,'20% enganche 24 meses sin intereses',20,1,24,0,6,1,'2016-07-19 17:22:17','2016-07-19 17:22:17'),(35,'18.18% de anticipo y 24 mesessinintereses',18.18,1,24,0,6,1,'2016-07-25 18:08:08','2016-07-25 18:08:08'),(36,'50% de enganche 3 meses sin intereses',50,1,3,0,6,1,'2016-08-15 15:46:32','2016-08-15 15:46:32'),(37,'0% Enganche 30 meses sin intereses',0,1,30,0,12,1,'2016-08-15 16:43:05','2016-08-15 16:43:05'),(38,'16.31% de anticipo y 24 meses sin intereses',16.31,1,24,0,6,1,'2016-08-22 15:52:30','2016-08-22 15:52:30'),(39,'9.02% de enganche y 22 meses sin intereses',9.02,1,22,0,6,0,'2016-08-29 15:21:47','2016-08-29 15:21:47'),(40,'6.61 de enganche y 18 meses sin intereses',6.61,1,18,0,6,0,'2016-09-05 15:05:59','2016-09-05 15:05:59'),(41,'18.16% anticipo 12 meses sin intereses',18.16,1,12,0,6,1,'2016-10-03 15:41:53','2016-10-03 15:41:53'),(42,'4.34% de Anticipo y 23 meses',4.34,1,23,0,6,1,'2016-10-31 16:16:08','2016-10-31 16:16:08'),(43,'19.98% anticipo y 24 meses sin intereses',19.98,1,24,0,6,1,'2016-11-05 17:59:25','2016-11-05 17:59:25'),(44,'37.04% anticipo 1 mes',37.04,1,1,0,1,1,'2016-11-11 17:49:52','2016-11-11 17:49:52'),(45,'68.18% de anticipo y 24 meses sin intereses',68.18,1,24,0,6,1,'2016-11-22 16:08:17','2016-11-22 16:08:17'),(46,'50% Enganche 24 meses sin intereses',50,1,24,0,6,1,'2016-11-22 16:22:00','2016-11-22 16:22:00'),(47,'47.19% anticipo 24 meses sin intereses',47.19,1,24,0,6,1,'2016-11-28 22:04:29','2016-11-28 22:04:29'),(48,'33.33% Enganche y 24 meses sin intereses',33.33,1,24,2,6,1,'2016-12-05 23:22:50','2016-12-05 23:22:50'),(49,'10.76% Enganche y 24 meses sin intereses',10.76,1,24,0,6,1,'2016-12-19 19:55:51','2016-12-19 19:55:51'),(50,'8.36% De enganche y 11 meses',8.36,1,11,0,6,1,'2016-11-22 16:08:17','2016-11-22 16:08:17'),(51,'33.33% de enganche 18 meses sin intereses',33.33,1,18,0,6,1,'2016-11-22 16:08:17','2016-11-22 16:08:17'),(52,'50% de enganche 18 meses sin intereses',50,1,18,0,6,1,'2016-11-22 16:08:17','2016-11-22 16:08:17'),(53,'40.88% anticipo y 36 meses sin intereses',40.88,1,36,0,12,1,'2017-02-03 17:21:18','2017-02-03 17:21:18');
/*!40000 ALTER TABLE `plan_pago` ENABLE KEYS */;
UNLOCK TABLES;

--
-- Table structure for table `plan_pago_venta`
--

DROP TABLE IF EXISTS `plan_pago_venta`;
/*!40101 SET @saved_cs_client     = @@character_set_client */;
/*!40101 SET character_set_client = utf8 */;
CREATE TABLE `plan_pago_venta` (
  `id` int(11) NOT NULL AUTO_INCREMENT,
  `venta_id` int(11) NOT NULL,
  `plan_pago_id` int(11) NOT NULL,
  `fecha_aplicado` timestamp NOT NULL DEFAULT CURRENT_TIMESTAMP ON UPDATE CURRENT_TIMESTAMP,
  `reestructura` tinyint(1) NOT NULL DEFAULT '0',
  `pago_regular` double NOT NULL,
  `created_at` timestamp NOT NULL DEFAULT '0000-00-00 00:00:00',
  `updated_at` timestamp NOT NULL DEFAULT '0000-00-00 00:00:00',
  `activo` tinyint(1) NOT NULL DEFAULT '1',
  PRIMARY KEY (`id`,`venta_id`),
  KEY `fk_plan_pago_venta_venta1_idx` (`venta_id`),
  KEY `fk_plan_pago_venta_plan_pago1_idx` (`plan_pago_id`),
  CONSTRAINT `fk_plan_pago_venta_plan_pago1` FOREIGN KEY (`plan_pago_id`) REFERENCES `plan_pago` (`id`) ON DELETE NO ACTION ON UPDATE NO ACTION,
  CONSTRAINT `fk_plan_pago_venta_venta1` FOREIGN KEY (`venta_id`) REFERENCES `venta` (`id`) ON DELETE NO ACTION ON UPDATE NO ACTION
) ENGINE=InnoDB AUTO_INCREMENT=746 DEFAULT CHARSET=utf8;
/*!40101 SET character_set_client = @saved_cs_client */;

--
-- Dumping data for table `plan_pago_venta`
--

LOCK TABLES `plan_pago_venta` WRITE;
/*!40000 ALTER TABLE `plan_pago_venta` DISABLE KEYS */;
INSERT INTO `plan_pago_venta` VALUES (35,1000,10,'2016-05-11 21:28:23',0,625,'0000-00-00 00:00:00','0000-00-00 00:00:00',1),(36,1001,10,'2016-05-11 21:28:24',0,730.13,'0000-00-00 00:00:00','0000-00-00 00:00:00',1),(37,1002,10,'2016-05-11 21:28:24',0,730.13,'0000-00-00 00:00:00','0000-00-00 00:00:00',1),(38,1003,10,'2016-05-11 21:28:24',0,730.13,'0000-00-00 00:00:00','0000-00-00 00:00:00',1),(39,1004,10,'2016-05-11 21:28:24',0,730.13,'0000-00-00 00:00:00','0000-00-00 00:00:00',1),(40,1010,8,'2016-05-11 21:28:24',0,1876.89,'0000-00-00 00:00:00','0000-00-00 00:00:00',1),(41,1072,12,'2016-05-11 21:28:24',0,1407.65,'0000-00-00 00:00:00','0000-00-00 00:00:00',1),(42,1080,12,'2016-05-11 21:28:24',0,1407.65,'0000-00-00 00:00:00','0000-00-00 00:00:00',1),(43,1148,12,'2016-05-11 21:28:24',0,1407.67,'0000-00-00 00:00:00','0000-00-00 00:00:00',1),(44,1151,13,'2016-05-11 21:28:24',0,1126.14,'0000-00-00 00:00:00','0000-00-00 00:00:00',1),(45,1179,12,'2016-05-11 21:28:24',0,1407.67,'0000-00-00 00:00:00','0000-00-00 00:00:00',1),(46,1195,6,'2016-05-11 21:28:24',0,5577.13,'0000-00-00 00:00:00','0000-00-00 00:00:00',1),(47,1246,12,'2016-05-11 21:28:24',0,1800,'0000-00-00 00:00:00','0000-00-00 00:00:00',1),(48,1249,12,'2016-05-11 21:28:24',0,3697.94,'0000-00-00 00:00:00','0000-00-00 00:00:00',1),(49,1283,12,'2016-05-11 21:28:24',0,1407.67,'0000-00-00 00:00:00','0000-00-00 00:00:00',1),(50,1284,12,'2016-05-11 21:28:24',0,1407.67,'0000-00-00 00:00:00','0000-00-00 00:00:00',1),(51,1301,9,'2016-05-11 21:28:24',0,1876.89,'0000-00-00 00:00:00','0000-00-00 00:00:00',1),(52,1306,12,'2016-05-11 21:28:24',0,1407.67,'0000-00-00 00:00:00','0000-00-00 00:00:00',1),(53,1329,12,'2016-05-11 21:28:24',0,1407.65,'0000-00-00 00:00:00','0000-00-00 00:00:00',1),(54,1336,12,'2016-05-11 21:28:24',0,1407.65,'0000-00-00 00:00:00','0000-00-00 00:00:00',1),(55,1358,7,'2016-05-11 21:28:25',0,938.44,'0000-00-00 00:00:00','0000-00-00 00:00:00',1),(56,1362,24,'2016-05-11 21:28:25',0,2311.21,'0000-00-00 00:00:00','0000-00-00 00:00:00',1),(57,1363,15,'2016-05-11 21:28:25',0,938.44,'0000-00-00 00:00:00','0000-00-00 00:00:00',1),(58,1366,25,'2016-05-11 21:28:25',0,1848.97,'0000-00-00 00:00:00','0000-00-00 00:00:00',1),(59,1373,6,'2016-05-11 21:28:25',0,1407.67,'0000-00-00 00:00:00','0000-00-00 00:00:00',1),(60,1374,14,'2016-05-11 21:28:25',0,992.8,'0000-00-00 00:00:00','0000-00-00 00:00:00',1),(61,1382,6,'2016-05-11 21:28:25',0,1407.67,'0000-00-00 00:00:00','0000-00-00 00:00:00',1),(62,1383,6,'2016-05-11 21:28:25',0,1407.67,'0000-00-00 00:00:00','0000-00-00 00:00:00',1),(63,1385,6,'2016-05-11 21:28:25',0,1407.67,'0000-00-00 00:00:00','0000-00-00 00:00:00',1),(64,1386,6,'2016-05-11 21:28:25',0,1710.42,'0000-00-00 00:00:00','0000-00-00 00:00:00',1),(65,1387,7,'2016-05-11 21:28:25',0,938.44,'0000-00-00 00:00:00','0000-00-00 00:00:00',1),(66,1391,1,'2016-07-25 20:31:01',0,10000,'0000-00-00 00:00:00','0000-00-00 00:00:00',1),(67,1409,19,'2016-05-11 21:28:25',0,1111.11,'0000-00-00 00:00:00','0000-00-00 00:00:00',1),(68,1420,12,'2016-05-11 21:28:25',0,1407.65,'0000-00-00 00:00:00','0000-00-00 00:00:00',1),(69,1428,12,'2016-05-11 21:28:25',0,1407.67,'0000-00-00 00:00:00','0000-00-00 00:00:00',1),(70,1432,21,'2016-05-11 21:28:25',0,2095.49,'0000-00-00 00:00:00','0000-00-00 00:00:00',1),(71,1436,6,'2016-05-11 21:28:25',0,1991.29,'0000-00-00 00:00:00','0000-00-00 00:00:00',1),(72,1439,15,'2016-05-11 21:28:25',0,938.44,'0000-00-00 00:00:00','0000-00-00 00:00:00',1),(73,1449,24,'2016-05-11 21:28:25',0,1564.06,'0000-00-00 00:00:00','0000-00-00 00:00:00',1),(74,1462,12,'2016-05-11 21:28:25',0,1407.67,'0000-00-00 00:00:00','0000-00-00 00:00:00',1),(75,1465,12,'2016-05-11 21:28:26',0,1407.65,'0000-00-00 00:00:00','0000-00-00 00:00:00',1),(76,1471,6,'2016-05-11 21:28:26',0,1691.38,'0000-00-00 00:00:00','0000-00-00 00:00:00',1),(77,1477,12,'2016-05-11 21:28:26',0,1764.91,'0000-00-00 00:00:00','0000-00-00 00:00:00',1),(78,1478,15,'2016-05-11 21:28:26',0,938.44,'0000-00-00 00:00:00','0000-00-00 00:00:00',1),(79,1479,15,'2016-05-11 21:28:26',0,938.44,'0000-00-00 00:00:00','0000-00-00 00:00:00',1),(80,1480,15,'2016-05-11 21:28:26',0,938.44,'0000-00-00 00:00:00','0000-00-00 00:00:00',1),(81,1481,15,'2016-05-11 21:28:26',0,938.44,'0000-00-00 00:00:00','0000-00-00 00:00:00',1),(82,1490,15,'2016-05-11 21:28:26',0,938.44,'0000-00-00 00:00:00','0000-00-00 00:00:00',1),(83,1491,15,'2016-05-11 21:28:26',0,938.44,'0000-00-00 00:00:00','0000-00-00 00:00:00',1),(84,1500,12,'2016-05-11 21:28:26',0,1875.35,'0000-00-00 00:00:00','0000-00-00 00:00:00',1),(85,1503,18,'2016-05-11 21:28:26',0,844.6,'0000-00-00 00:00:00','0000-00-00 00:00:00',1),(86,1504,18,'2016-05-11 21:28:26',0,1501.5,'0000-00-00 00:00:00','0000-00-00 00:00:00',1),(87,1505,18,'2016-05-11 21:28:26',0,1501.5,'0000-00-00 00:00:00','0000-00-00 00:00:00',1),(88,1507,6,'2016-05-11 21:28:26',0,1799,'0000-00-00 00:00:00','0000-00-00 00:00:00',1),(89,1509,15,'2016-05-11 21:28:26',0,938.44,'0000-00-00 00:00:00','0000-00-00 00:00:00',1),(90,1510,15,'2016-05-11 21:28:26',0,2465.28,'0000-00-00 00:00:00','0000-00-00 00:00:00',1),(91,1511,15,'2016-05-11 21:28:26',0,1176.59,'0000-00-00 00:00:00','0000-00-00 00:00:00',1),(92,1513,6,'2016-05-11 21:28:26',0,1266.9,'0000-00-00 00:00:00','0000-00-00 00:00:00',1),(93,1514,12,'2016-05-11 21:28:26',0,1764.92,'0000-00-00 00:00:00','0000-00-00 00:00:00',1),(94,1515,12,'2016-05-11 21:28:27',0,4622.42,'0000-00-00 00:00:00','0000-00-00 00:00:00',1),(95,1516,16,'2016-05-11 21:28:27',0,2326.61,'0000-00-00 00:00:00','0000-00-00 00:00:00',1),(96,1517,20,'2016-05-11 21:28:27',0,799.56,'0000-00-00 00:00:00','0000-00-00 00:00:00',1),(97,1518,6,'2016-05-11 21:28:27',0,1407.67,'0000-00-00 00:00:00','0000-00-00 00:00:00',1),(98,1519,12,'2016-05-11 21:28:27',0,1407.65,'0000-00-00 00:00:00','0000-00-00 00:00:00',1),(99,1521,6,'2016-05-11 21:28:27',0,1757.67,'0000-00-00 00:00:00','0000-00-00 00:00:00',1),(100,1522,15,'2016-05-11 21:28:27',0,1176.6,'0000-00-00 00:00:00','0000-00-00 00:00:00',1),(101,1529,15,'2016-05-11 21:28:27',0,1176.59,'0000-00-00 00:00:00','0000-00-00 00:00:00',1),(102,1535,12,'2016-05-11 21:28:27',0,1586.4,'0000-00-00 00:00:00','0000-00-00 00:00:00',1),(103,1538,12,'2016-05-11 21:28:27',0,1407.65,'0000-00-00 00:00:00','0000-00-00 00:00:00',1),(104,1540,12,'2016-05-11 21:28:27',0,1407.65,'0000-00-00 00:00:00','0000-00-00 00:00:00',1),(105,1541,12,'2016-05-11 21:28:27',0,1407.65,'0000-00-00 00:00:00','0000-00-00 00:00:00',1),(106,1542,12,'2016-05-11 21:28:27',0,1407.65,'0000-00-00 00:00:00','0000-00-00 00:00:00',1),(107,1546,15,'2016-05-11 21:28:27',0,2229.94,'0000-00-00 00:00:00','0000-00-00 00:00:00',1),(108,1547,22,'2016-05-11 21:28:27',0,1972.4,'0000-00-00 00:00:00','0000-00-00 00:00:00',1),(109,1556,15,'2016-05-11 21:28:27',0,1216.23,'0000-00-00 00:00:00','0000-00-00 00:00:00',1),(110,1563,12,'2016-05-11 21:28:27',0,1407.65,'0000-00-00 00:00:00','0000-00-00 00:00:00',1),(111,1566,12,'2016-05-11 21:28:27',0,1407.65,'0000-00-00 00:00:00','0000-00-00 00:00:00',1),(112,1567,6,'2016-05-11 21:28:27',0,1740.17,'0000-00-00 00:00:00','0000-00-00 00:00:00',1),(113,1574,12,'2016-05-11 21:28:27',0,1407.65,'0000-00-00 00:00:00','0000-00-00 00:00:00',1),(114,1581,11,'2016-05-11 21:28:28',0,1407.7,'0000-00-00 00:00:00','0000-00-00 00:00:00',1),(115,1582,11,'2016-05-11 21:28:28',0,1766.22,'0000-00-00 00:00:00','0000-00-00 00:00:00',1),(116,1585,12,'2016-05-11 21:28:28',0,1407.65,'0000-00-00 00:00:00','0000-00-00 00:00:00',1),(117,1586,12,'2016-05-11 21:28:28',0,1407.65,'0000-00-00 00:00:00','0000-00-00 00:00:00',1),(118,1587,15,'2016-05-11 21:28:28',0,1842.26,'0000-00-00 00:00:00','0000-00-00 00:00:00',1),(119,1588,15,'2016-05-11 21:28:28',0,938.44,'0000-00-00 00:00:00','0000-00-00 00:00:00',1),(120,1591,6,'2016-05-11 21:28:28',0,1479.54,'0000-00-00 00:00:00','0000-00-00 00:00:00',1),(121,1592,6,'2016-05-11 21:28:28',0,1407.67,'0000-00-00 00:00:00','0000-00-00 00:00:00',1),(122,1593,6,'2016-05-11 21:28:28',0,1041.67,'0000-00-00 00:00:00','0000-00-00 00:00:00',1),(123,1594,11,'2016-05-11 21:28:28',0,1407.7,'0000-00-00 00:00:00','0000-00-00 00:00:00',1),(124,1595,11,'2016-05-11 21:28:28',0,1407.7,'0000-00-00 00:00:00','0000-00-00 00:00:00',1),(125,1596,6,'2016-05-11 21:28:28',0,1407.67,'0000-00-00 00:00:00','0000-00-00 00:00:00',1),(126,1600,15,'2016-05-11 21:28:28',0,1057.52,'0000-00-00 00:00:00','0000-00-00 00:00:00',1),(127,1601,15,'2016-05-11 21:28:28',0,938.44,'0000-00-00 00:00:00','0000-00-00 00:00:00',1),(128,1605,12,'2016-05-11 21:28:28',0,1403.65,'0000-00-00 00:00:00','0000-00-00 00:00:00',1),(129,1606,12,'2016-05-11 21:28:28',0,1403.65,'0000-00-00 00:00:00','0000-00-00 00:00:00',1),(130,1607,12,'2016-05-11 21:28:28',0,1407.65,'0000-00-00 00:00:00','0000-00-00 00:00:00',1),(131,1608,12,'2016-05-11 21:28:28',0,1407.67,'0000-00-00 00:00:00','0000-00-00 00:00:00',1),(132,1609,12,'2016-05-11 21:28:28',0,1407.67,'0000-00-00 00:00:00','0000-00-00 00:00:00',1),(133,1610,12,'2016-05-11 21:28:28',0,1407.67,'0000-00-00 00:00:00','0000-00-00 00:00:00',1),(134,1611,12,'2016-05-11 21:28:29',0,1407.67,'0000-00-00 00:00:00','0000-00-00 00:00:00',1),(135,1613,15,'2016-05-11 21:28:29',0,1176.59,'0000-00-00 00:00:00','0000-00-00 00:00:00',1),(136,1619,12,'2016-05-11 21:28:29',0,1407.67,'0000-00-00 00:00:00','0000-00-00 00:00:00',1),(137,1620,12,'2016-05-11 21:28:29',0,1407.67,'0000-00-00 00:00:00','0000-00-00 00:00:00',1),(138,1624,6,'2016-05-11 21:28:29',0,1407.67,'0000-00-00 00:00:00','0000-00-00 00:00:00',1),(139,1625,6,'2016-05-11 21:28:29',0,3619.46,'0000-00-00 00:00:00','0000-00-00 00:00:00',1),(140,1629,6,'2016-05-11 21:28:29',0,1407.67,'0000-00-00 00:00:00','0000-00-00 00:00:00',1),(141,1630,6,'2016-05-11 21:28:29',0,1407.67,'0000-00-00 00:00:00','0000-00-00 00:00:00',1),(142,1631,7,'2016-05-11 21:28:29',0,1250.22,'0000-00-00 00:00:00','0000-00-00 00:00:00',1),(143,1634,6,'2016-05-11 21:28:29',0,1265.58,'0000-00-00 00:00:00','0000-00-00 00:00:00',1),(144,1637,6,'2016-07-04 20:13:06',0,1764.89,'0000-00-00 00:00:00','0000-00-00 00:00:00',1),(145,1638,6,'2016-05-11 21:28:29',0,1764.89,'0000-00-00 00:00:00','0000-00-00 00:00:00',1),(146,1639,6,'2016-05-11 21:28:29',0,1407.67,'0000-00-00 00:00:00','0000-00-00 00:00:00',1),(147,1643,6,'2016-05-11 21:28:29',0,1764.88,'0000-00-00 00:00:00','0000-00-00 00:00:00',1),(148,1644,17,'2016-05-11 21:28:29',0,1679.17,'0000-00-00 00:00:00','0000-00-00 00:00:00',1),(149,1650,25,'2016-05-11 21:28:29',0,882.44,'0000-00-00 00:00:00','0000-00-00 00:00:00',1),(150,1651,25,'2016-05-11 21:28:30',0,1848.96,'0000-00-00 00:00:00','0000-00-00 00:00:00',1),(151,1662,12,'2016-05-11 21:28:30',0,1764.89,'0000-00-00 00:00:00','0000-00-00 00:00:00',1),(152,1663,12,'2016-05-11 21:28:30',0,1764.89,'0000-00-00 00:00:00','0000-00-00 00:00:00',1),(153,1664,12,'2016-05-11 21:28:30',0,1764.89,'0000-00-00 00:00:00','0000-00-00 00:00:00',1),(154,1665,12,'2016-05-11 21:28:30',0,1764.89,'0000-00-00 00:00:00','0000-00-00 00:00:00',1),(155,1666,12,'2016-05-11 21:28:30',0,1764.89,'0000-00-00 00:00:00','0000-00-00 00:00:00',1),(156,1667,12,'2016-06-21 15:51:20',0,1407.67,'0000-00-00 00:00:00','0000-00-00 00:00:00',1),(157,1669,6,'2016-05-11 21:28:30',0,1515,'0000-00-00 00:00:00','0000-00-00 00:00:00',1),(158,1670,6,'2016-05-11 21:28:30',0,2651.91,'0000-00-00 00:00:00','0000-00-00 00:00:00',1),(159,1676,1,'2016-05-11 21:28:30',0,3406.94,'0000-00-00 00:00:00','0000-00-00 00:00:00',1),(160,1677,23,'2016-05-11 21:28:30',0,80938,'0000-00-00 00:00:00','0000-00-00 00:00:00',1),(161,1679,6,'2016-05-11 21:28:30',0,1407.67,'0000-00-00 00:00:00','0000-00-00 00:00:00',1),(162,1681,2,'2016-05-11 21:28:30',0,1586.2,'0000-00-00 00:00:00','0000-00-00 00:00:00',1),(163,1682,12,'2016-05-11 21:28:30',0,1407.65,'0000-00-00 00:00:00','0000-00-00 00:00:00',1),(164,1685,7,'2016-05-11 21:28:30',0,938.44,'0000-00-00 00:00:00','0000-00-00 00:00:00',1),(165,1686,2,'2016-05-11 21:28:30',0,1970.73,'0000-00-00 00:00:00','0000-00-00 00:00:00',1),(166,1687,2,'2016-05-11 21:28:30',0,1458.33,'0000-00-00 00:00:00','0000-00-00 00:00:00',1),(167,1688,12,'2016-05-11 21:28:30',0,1407.65,'0000-00-00 00:00:00','0000-00-00 00:00:00',1),(168,1689,12,'2016-05-11 21:28:30',0,1407.65,'0000-00-00 00:00:00','0000-00-00 00:00:00',1),(169,1690,6,'2016-05-11 21:28:30',0,1764.92,'0000-00-00 00:00:00','0000-00-00 00:00:00',1),(170,1691,6,'2016-05-11 21:28:31',0,1407.67,'0000-00-00 00:00:00','0000-00-00 00:00:00',1),(171,1692,6,'2016-05-11 21:28:31',0,1407.67,'0000-00-00 00:00:00','0000-00-00 00:00:00',1),(172,1694,7,'2016-05-11 21:28:31',0,1176.59,'0000-00-00 00:00:00','0000-00-00 00:00:00',1),(173,1695,6,'2016-05-11 21:28:31',0,2500,'0000-00-00 00:00:00','0000-00-00 00:00:00',1),(174,1696,6,'2016-05-11 21:28:31',0,1407.67,'0000-00-00 00:00:00','0000-00-00 00:00:00',1),(175,1697,6,'2016-05-11 21:28:31',0,19986.46,'0000-00-00 00:00:00','0000-00-00 00:00:00',1),(176,1698,6,'2016-05-11 21:28:31',0,1393.9,'0000-00-00 00:00:00','0000-00-00 00:00:00',1),(177,1699,6,'2016-05-11 21:28:31',0,1393.9,'0000-00-00 00:00:00','0000-00-00 00:00:00',1),(178,1700,1,'2016-05-11 21:28:31',0,19250,'0000-00-00 00:00:00','0000-00-00 00:00:00',1),(179,1701,7,'2016-05-11 21:28:31',0,938.44,'0000-00-00 00:00:00','0000-00-00 00:00:00',1),(180,1702,6,'2016-05-11 21:28:31',0,1479.54,'0000-00-00 00:00:00','0000-00-00 00:00:00',1),(181,1703,6,'2016-05-11 21:28:31',0,625,'0000-00-00 00:00:00','0000-00-00 00:00:00',1),(182,1704,6,'2016-05-11 21:28:31',0,1750,'0000-00-00 00:00:00','0000-00-00 00:00:00',1),(183,1705,6,'2016-05-11 21:28:31',0,1235.42,'0000-00-00 00:00:00','0000-00-00 00:00:00',1),(184,1706,6,'2016-05-11 21:28:31',0,1235.42,'0000-00-00 00:00:00','0000-00-00 00:00:00',1),(190,1707,26,'2016-12-21 16:26:41',0,1588.42,'2016-05-20 17:24:57','2016-05-20 17:24:57',1),(191,3552,27,'2016-05-27 19:07:26',0,8000,'0000-00-00 00:00:00','0000-00-00 00:00:00',1),(192,3560,27,'2016-05-27 19:07:26',0,7000,'0000-00-00 00:00:00','0000-00-00 00:00:00',1),(193,3577,27,'2016-05-27 19:07:26',0,7000,'0000-00-00 00:00:00','0000-00-00 00:00:00',1),(194,3579,27,'2016-05-27 19:07:27',0,7000,'0000-00-00 00:00:00','0000-00-00 00:00:00',1),(195,3582,27,'2016-05-27 19:07:27',0,7000,'0000-00-00 00:00:00','0000-00-00 00:00:00',1),(196,3588,27,'2016-05-27 19:07:27',0,1705,'0000-00-00 00:00:00','0000-00-00 00:00:00',1),(197,3598,27,'2016-05-27 19:07:27',0,20000,'0000-00-00 00:00:00','0000-00-00 00:00:00',1),(198,3599,27,'2016-05-27 19:07:27',0,7000,'0000-00-00 00:00:00','0000-00-00 00:00:00',1),(199,3601,27,'2016-05-27 19:07:27',0,2722.5,'0000-00-00 00:00:00','0000-00-00 00:00:00',1),(200,3606,27,'2016-05-27 19:07:27',0,1000,'0000-00-00 00:00:00','0000-00-00 00:00:00',1),(201,3611,27,'2016-05-27 19:07:27',0,7000,'0000-00-00 00:00:00','0000-00-00 00:00:00',1),(202,3621,27,'2016-05-27 19:07:27',0,852.5,'0000-00-00 00:00:00','0000-00-00 00:00:00',1),(203,3624,27,'2016-05-27 19:07:27',0,43560,'0000-00-00 00:00:00','0000-00-00 00:00:00',1),(204,3626,27,'2016-05-27 19:07:27',0,2000,'0000-00-00 00:00:00','0000-00-00 00:00:00',1),(205,3627,27,'2016-05-27 19:07:27',0,8000,'0000-00-00 00:00:00','0000-00-00 00:00:00',1),(206,3630,27,'2016-05-27 19:07:27',0,7000,'0000-00-00 00:00:00','0000-00-00 00:00:00',1),(207,3632,27,'2016-05-27 19:07:27',0,9205,'0000-00-00 00:00:00','0000-00-00 00:00:00',1),(208,3635,27,'2016-05-27 19:07:27',0,1705,'0000-00-00 00:00:00','0000-00-00 00:00:00',1),(209,3638,27,'2016-05-27 19:07:27',0,5417.5,'0000-00-00 00:00:00','0000-00-00 00:00:00',1),(210,3642,27,'2016-05-27 19:07:27',0,6810,'0000-00-00 00:00:00','0000-00-00 00:00:00',1),(211,3647,27,'2016-05-27 19:07:27',0,3000,'0000-00-00 00:00:00','0000-00-00 00:00:00',1),(212,3648,27,'2016-05-27 19:07:27',0,4000,'0000-00-00 00:00:00','0000-00-00 00:00:00',1),(213,3656,27,'2016-05-27 19:07:27',0,5167.5,'0000-00-00 00:00:00','0000-00-00 00:00:00',1),(214,3662,27,'2016-05-27 19:07:27',0,5417.5,'0000-00-00 00:00:00','0000-00-00 00:00:00',1),(215,3663,27,'2016-05-27 19:07:27',0,12500,'0000-00-00 00:00:00','0000-00-00 00:00:00',1),(216,3667,27,'2016-05-27 19:07:27',0,1400,'0000-00-00 00:00:00','0000-00-00 00:00:00',1),(217,3668,27,'2016-05-27 19:07:28',0,5417.5,'0000-00-00 00:00:00','0000-00-00 00:00:00',1),(218,3674,27,'2016-05-27 19:07:28',0,7000,'0000-00-00 00:00:00','0000-00-00 00:00:00',1),(219,3676,27,'2016-05-27 19:07:28',0,750,'0000-00-00 00:00:00','0000-00-00 00:00:00',1),(220,3680,27,'2016-05-27 19:07:28',0,7000,'0000-00-00 00:00:00','0000-00-00 00:00:00',1),(221,3681,27,'2016-05-27 19:07:28',0,13612.5,'0000-00-00 00:00:00','0000-00-00 00:00:00',1),(222,3682,27,'2016-05-27 19:07:28',0,1000,'0000-00-00 00:00:00','0000-00-00 00:00:00',1),(223,3683,27,'2016-05-27 19:07:28',0,2722.5,'0000-00-00 00:00:00','0000-00-00 00:00:00',1),(224,3686,27,'2016-05-27 19:07:28',0,7000,'0000-00-00 00:00:00','0000-00-00 00:00:00',1),(225,3688,27,'2016-05-27 19:07:28',0,1705,'0000-00-00 00:00:00','0000-00-00 00:00:00',1),(226,3689,27,'2016-05-27 19:07:28',0,2455,'0000-00-00 00:00:00','0000-00-00 00:00:00',1),(227,3690,27,'2016-05-27 19:07:28',0,7000,'0000-00-00 00:00:00','0000-00-00 00:00:00',1),(228,3691,27,'2016-05-27 19:07:28',0,600,'0000-00-00 00:00:00','0000-00-00 00:00:00',1),(229,3692,27,'2016-05-27 19:07:28',0,4000,'0000-00-00 00:00:00','0000-00-00 00:00:00',1),(230,3693,27,'2016-05-27 19:07:28',0,2722.5,'0000-00-00 00:00:00','0000-00-00 00:00:00',1),(231,3694,27,'2016-05-27 19:07:28',0,750,'0000-00-00 00:00:00','0000-00-00 00:00:00',1),(232,3695,27,'2016-05-27 19:07:28',0,7000,'0000-00-00 00:00:00','0000-00-00 00:00:00',1),(233,3696,27,'2016-05-27 19:07:28',0,2722.5,'0000-00-00 00:00:00','0000-00-00 00:00:00',1),(234,3697,27,'2016-05-27 19:07:28',0,21037.5,'0000-00-00 00:00:00','0000-00-00 00:00:00',1),(236,1711,7,'2016-05-28 15:00:39',0,3573.35,'2016-05-28 15:00:39','2016-05-28 15:00:39',1),(237,1712,28,'2016-12-21 16:29:12',0,1660.787,'2016-05-28 19:07:54','2016-05-28 19:07:54',1),(239,1713,28,'2016-12-21 16:31:27',0,1660.787,'2016-05-28 19:37:26','2016-05-28 19:37:26',1),(245,1715,6,'2016-05-31 18:28:49',0,3698.25,'2016-05-31 18:28:49','2016-05-31 18:28:49',1),(247,1716,6,'2016-12-21 16:31:27',0,1407.667,'2016-05-31 19:55:26','2016-05-31 19:55:26',1),(248,1717,6,'2016-12-21 16:31:27',0,1407.667,'2016-05-31 20:37:33','2016-05-31 20:37:33',1),(249,1718,29,'2016-05-31 21:10:24',0,1645.77,'2016-05-31 21:07:44','2016-05-31 21:07:44',1),(250,1719,26,'2016-12-21 16:31:27',0,3328.142,'2016-05-31 22:25:54','2016-05-31 22:25:54',1),(251,1721,6,'2016-07-04 20:22:24',0,1479.54,'2016-06-01 19:47:13','2016-06-01 19:47:13',1),(252,1722,6,'2016-07-04 20:22:24',0,1479.54,'2016-06-01 19:56:36','2016-06-01 19:56:36',1),(253,1723,6,'2016-07-04 20:22:24',0,1479.54,'2016-06-01 20:12:59','2016-06-01 20:12:59',1),(254,1726,6,'2016-06-01 20:25:25',0,3663.375,'2016-06-01 20:25:25','2016-06-01 20:25:25',1),(255,1728,26,'2016-06-01 20:33:04',0,1266.9,'2016-06-01 20:33:04','2016-06-01 20:33:04',1),(256,1727,6,'2016-12-21 16:31:27',0,1935.344,'2016-06-01 20:52:44','2016-06-01 20:52:44',1),(257,1482,12,'2016-12-21 16:31:27',0,1407.618,'2016-06-17 22:08:55','2016-06-17 22:08:55',1),(258,1483,12,'2016-12-21 16:31:27',0,1407.618,'2016-06-17 22:21:10','2016-06-17 22:21:10',1),(267,3702,31,'2016-07-16 17:40:18',0,1500,'2016-07-16 17:40:18','2016-07-16 17:40:18',1),(269,3703,31,'2016-07-16 18:10:11',0,2600,'2016-07-16 18:10:11','2016-07-16 18:10:11',1),(271,1736,32,'2016-12-21 16:31:27',0,2545.278,'2016-07-18 21:59:09','2016-07-18 21:59:09',1),(273,1737,6,'2016-12-21 16:31:27',0,1770.833,'2016-07-18 22:46:59','2016-07-18 22:46:59',1),(274,1738,33,'2016-12-21 16:31:27',0,708.333,'2016-07-19 14:57:43','2016-07-19 14:57:43',1),(275,1739,33,'2016-12-21 16:31:27',0,682.656,'2016-07-19 15:05:18','2016-07-19 15:05:18',1),(276,1741,3,'2016-12-21 16:31:27',0,16497.031,'2016-07-19 15:33:35','2016-07-19 15:33:35',1),(278,1742,3,'2016-12-21 16:31:27',0,1104.688,'2016-07-19 16:10:54','2016-07-19 16:10:54',1),(279,1743,1,'2016-07-25 20:31:01',0,15590,'2016-07-19 17:06:36','2016-07-19 17:06:36',1),(280,1745,3,'2016-12-21 16:31:27',0,1354.741,'2016-07-19 17:16:49','2016-07-19 17:16:49',1),(281,1746,34,'2016-07-19 17:23:04',0,1262.5,'2016-07-19 17:23:04','2016-07-19 17:23:04',1),(282,1747,3,'2016-12-21 16:31:27',0,6791.458,'2016-07-19 18:12:18','2016-07-19 18:12:18',1),(283,1748,3,'2016-12-21 16:31:27',0,1104.688,'2016-07-19 20:04:44','2016-07-19 20:04:44',1),(284,1750,6,'2016-07-19 20:17:37',0,1578.125,'2016-07-19 20:17:37','2016-07-19 20:17:37',1),(285,1751,3,'2016-12-21 16:31:27',0,1229.711,'2016-07-19 21:15:39','2016-07-19 21:15:39',1),(286,1752,3,'2016-12-21 16:31:27',0,1229.711,'2016-07-19 21:25:09','2016-07-19 21:25:09',1),(289,1755,1,'2016-07-19 22:02:00',0,24471,'2016-07-19 22:02:00','2016-07-19 22:02:00',1),(290,1756,6,'2016-07-19 22:09:18',0,1578.125,'2016-07-19 22:09:18','2016-07-19 22:09:18',1),(291,1757,6,'2016-12-21 16:31:27',0,1935.344,'2016-07-19 22:13:01','2016-07-19 22:13:01',1),(293,3704,31,'2016-07-19 22:22:38',0,5000,'2016-07-19 22:22:38','2016-07-19 22:22:38',1),(294,3706,31,'2016-07-19 22:29:40',0,2750,'2016-07-19 22:29:40','2016-07-19 22:29:40',1),(295,3709,31,'2016-07-19 22:44:55',0,1300,'2016-07-19 22:44:55','2016-07-19 22:44:55',1),(296,3711,31,'2016-07-19 22:50:17',0,1705,'2016-07-19 22:50:17','2016-07-19 22:50:17',1),(297,3731,31,'2016-12-21 16:31:27',0,7000,'2016-07-20 14:41:09','2016-07-20 14:41:09',1),(298,3733,31,'2016-07-20 14:45:51',0,1705,'2016-07-20 14:45:51','2016-07-20 14:45:51',1),(299,3734,31,'2016-07-20 17:37:10',0,5237.5,'2016-07-20 17:37:11','2016-07-20 17:37:11',1),(300,3736,31,'2016-07-20 17:42:18',0,2722.5,'2016-07-20 17:42:18','2016-07-20 17:42:18',1),(301,3738,31,'2016-07-20 17:49:15',0,1705,'2016-07-20 17:49:15','2016-07-20 17:49:15',1),(302,3739,31,'2016-07-20 20:16:25',0,5440,'2016-07-20 20:16:25','2016-07-20 20:16:25',1),(303,3743,31,'2016-12-21 16:31:27',0,7000,'2016-07-20 20:27:18','2016-07-20 20:27:18',1),(304,3744,31,'2016-07-20 20:39:42',0,2080,'2016-07-20 20:39:42','2016-07-20 20:39:42',1),(305,3745,31,'2016-12-21 16:31:27',0,7000,'2016-07-20 20:47:12','2016-07-20 20:47:12',1),(306,3748,31,'2016-07-20 20:50:53',0,1705,'2016-07-20 20:50:53','2016-07-20 20:50:53',1),(307,3749,31,'2016-12-21 16:31:27',0,700,'2016-07-20 20:55:42','2016-07-20 20:55:42',1),(308,3753,31,'2016-07-20 21:03:50',0,1705,'2016-07-20 21:03:50','2016-07-20 21:03:50',1),(309,3754,31,'2016-12-21 16:31:27',0,1575,'2016-07-20 21:11:22','2016-07-20 21:11:22',1),(310,3755,31,'2016-12-21 16:31:27',0,750,'2016-07-20 21:19:45','2016-07-20 21:19:45',1),(311,3757,31,'2016-12-21 16:31:27',0,787.5,'2016-07-20 21:27:35','2016-07-20 21:27:35',1),(312,3759,31,'2016-12-21 16:31:27',0,750,'2016-07-20 21:32:07','2016-07-20 21:32:07',1),(313,3760,31,'2016-12-21 16:31:27',0,2362.5,'2016-07-20 21:41:25','2016-07-20 21:41:25',1),(314,3761,1,'2016-07-20 21:48:19',0,3500,'2016-07-20 21:48:19','2016-07-20 21:48:19',1),(315,3762,31,'2016-12-21 16:31:27',0,1537.5,'2016-07-20 21:54:45','2016-07-20 21:54:45',1),(316,3763,31,'2016-07-20 21:59:33',0,32675,'2016-07-20 21:59:33','2016-07-20 21:59:33',1),(318,3764,31,'2016-07-20 22:15:31',0,12500,'2016-07-20 22:15:31','2016-07-20 22:15:31',1),(319,3765,31,'2016-07-20 22:34:43',0,14705,'2016-07-20 22:34:43','2016-07-20 22:34:43',1),(320,3766,31,'2016-12-21 16:31:27',0,787.5,'2016-07-20 22:38:27','2016-07-20 22:38:27',1),(321,3767,1,'2016-07-20 22:43:35',0,2775,'2016-07-20 22:43:35','2016-07-20 22:43:35',1),(322,3768,31,'2016-07-20 22:52:54',0,22500,'2016-07-20 22:52:54','2016-07-20 22:52:54',1),(323,3769,31,'2016-12-21 16:31:27',0,787.5,'2016-07-20 22:57:59','2016-07-20 22:57:59',1),(324,3772,31,'2016-12-21 16:31:27',0,89810,'2016-07-20 23:02:30','2016-07-20 23:02:30',1),(326,3773,31,'2016-12-21 16:31:27',0,2500,'2016-07-20 23:10:45','2016-07-20 23:10:45',1),(327,3774,31,'2016-07-20 23:13:33',0,1705,'2016-07-20 23:13:33','2016-07-20 23:13:33',1),(328,1735,6,'2016-12-21 16:31:27',0,1636.458,'2016-07-21 18:07:04','2016-07-21 18:07:04',1),(329,1760,1,'2016-07-25 18:57:22',0,51882,'2016-07-25 17:48:20','2016-07-25 17:48:20',1),(330,1761,6,'2016-07-25 18:57:22',0,1578,'2016-07-25 17:57:01','2016-07-25 17:57:01',1),(331,1762,35,'2016-07-25 18:11:51',0,9375,'2016-07-25 18:09:19','2016-07-25 18:09:19',1),(332,3775,31,'2016-07-25 18:30:44',0,3334.5,'2016-07-25 18:30:45','2016-07-25 18:30:45',1),(333,1763,1,'2016-08-01 22:33:27',0,52360,'2016-07-27 14:53:51','2016-07-27 14:53:51',1),(334,1764,2,'2016-08-01 19:08:15',0,3965.2,'2016-08-01 19:05:51','2016-08-01 19:05:51',1),(335,1766,3,'2016-12-21 16:31:27',0,1104.688,'2016-08-01 21:23:39','2016-08-01 21:23:39',1),(336,1767,2,'2016-08-02 14:28:45',0,5177,'2016-08-01 22:17:51','2016-08-01 22:17:51',1),(337,1768,1,'2016-08-01 22:59:43',0,37978,'2016-08-01 22:59:43','2016-08-01 22:59:43',1),(340,1769,3,'2016-12-21 16:31:27',0,1586.083,'2016-08-02 16:46:07','2016-08-02 16:46:07',1),(341,3777,31,'2016-08-02 17:18:25',0,4000,'2016-08-02 17:18:25','2016-08-02 17:18:25',1),(342,3778,1,'2016-08-02 17:32:58',0,380,'2016-08-02 17:32:58','2016-08-02 17:32:58',1),(343,3780,31,'2016-08-02 17:48:08',0,13612.5,'2016-08-02 17:48:08','2016-08-02 17:48:08',1),(344,3781,31,'2016-12-21 16:31:27',0,7000,'2016-08-02 17:51:16','2016-08-02 17:51:16',1),(346,3782,31,'2016-08-09 19:17:29',0,4180,'2016-08-09 19:17:29','2016-08-09 19:17:29',1),(347,3783,31,'2016-08-10 18:02:05',0,3880,'2016-08-10 18:02:05','2016-08-10 18:02:05',1),(348,3784,31,'2016-08-10 18:06:40',0,26675,'2016-08-10 18:06:40','2016-08-10 18:06:40',1),(349,3785,1,'2016-08-10 19:35:26',0,1575,'2016-08-10 18:10:33','2016-08-10 18:10:33',1),(350,3786,31,'2016-08-13 19:06:59',0,22500,'2016-08-13 19:07:00','2016-08-13 19:07:00',1),(351,3787,31,'2016-12-21 16:31:27',0,7000,'2016-08-13 19:13:51','2016-08-13 19:13:51',1),(352,3788,31,'2016-08-13 19:20:20',0,10705,'2016-08-13 19:20:21','2016-08-13 19:20:21',1),(353,3789,31,'2016-08-13 19:24:38',0,14650,'2016-08-13 19:24:38','2016-08-13 19:24:38',1),(354,3790,31,'2016-08-13 19:47:01',0,1238,'2016-08-13 19:47:01','2016-08-13 19:47:01',1),(355,3791,31,'2016-12-21 16:31:27',0,500,'2016-08-13 19:52:53','2016-08-13 19:52:53',1),(356,1770,36,'2016-08-17 17:19:56',0,8662.7,'2016-08-15 15:48:07','2016-08-15 15:48:07',1),(357,1771,37,'2016-08-15 16:44:26',0,3864.1,'2016-08-15 16:44:26','2016-08-15 16:44:26',1),(358,1772,37,'2016-08-15 16:46:26',0,1548.275,'2016-08-15 16:46:26','2016-08-15 16:46:26',1),(359,3792,1,'2016-08-15 16:51:28',0,8942,'2016-08-15 16:51:28','2016-08-15 16:51:28',1),(360,3793,31,'2016-12-21 16:31:27',0,9750,'2016-08-15 16:54:49','2016-08-15 16:54:49',1),(361,3794,31,'2016-08-16 21:07:42',0,1787.5,'2016-08-15 17:00:28','2016-08-15 17:00:28',1),(362,1773,1,'2016-08-22 15:07:13',0,128640,'2016-08-22 15:07:13','2016-08-22 15:07:13',1),(363,1774,3,'2016-08-22 15:41:52',0,2588.57,'2016-08-22 15:35:51','2016-08-22 15:35:51',1),(364,1775,3,'2016-12-21 16:31:27',0,1104.688,'2016-08-22 15:39:06','2016-08-22 15:39:06',1),(365,1776,38,'2016-12-21 16:31:27',0,1619.689,'2016-08-22 15:53:35','2016-08-22 15:53:35',1),(366,3796,31,'2016-08-22 15:57:34',0,1705,'2016-08-22 15:57:34','2016-08-22 15:57:34',1),(367,3797,1,'2016-08-22 16:00:15',0,9000,'2016-08-22 16:00:15','2016-08-22 16:00:15',1),(368,3799,1,'2016-08-22 16:05:10',0,2000,'2016-08-22 16:05:10','2016-08-22 16:05:10',1),(369,3800,31,'2016-08-22 16:09:28',0,1705,'2016-08-22 16:09:28','2016-08-22 16:09:28',1),(370,3801,1,'2016-08-22 16:11:56',0,5445,'2016-08-22 16:11:56','2016-08-22 16:11:56',1),(371,3803,1,'2016-08-22 16:17:56',0,1200,'2016-08-22 16:17:56','2016-08-22 16:17:56',1),(372,1765,6,'2016-10-03 17:16:33',0,7538.28,'2016-08-22 18:19:30','2016-08-22 18:19:30',1),(373,4429,1,'2016-08-26 18:27:17',0,19250,'2016-08-26 18:27:17','2016-08-26 18:27:17',1),(374,1778,6,'2016-08-29 15:16:12',0,1578.125,'2016-08-29 15:16:12','2016-08-29 15:16:12',1),(375,1780,39,'2016-12-21 16:31:27',0,1447.409,'2016-08-29 15:28:03','2016-08-29 15:28:03',1),(376,1781,3,'2016-12-21 16:31:27',0,1104.688,'2016-08-29 15:39:08','2016-08-29 15:39:08',1),(377,1782,3,'2016-12-21 16:31:27',0,1104.688,'2016-08-29 15:40:19','2016-08-29 15:40:19',1),(378,1783,6,'2016-12-21 16:31:27',0,1756.729,'2016-08-29 15:55:21','2016-08-29 15:55:21',1),(379,1784,3,'2016-12-21 16:31:27',0,3820.833,'2016-08-29 16:50:15','2016-08-29 16:50:15',1),(380,1785,3,'2016-08-29 17:03:56',0,3335.15,'2016-08-29 17:03:56','2016-08-29 17:03:56',1),(381,1786,3,'2016-12-21 16:31:27',0,1354.741,'2016-08-29 17:05:11','2016-08-29 17:05:11',1),(382,3805,1,'2016-08-29 17:08:56',0,2500,'2016-08-29 17:08:56','2016-08-29 17:08:56',1),(383,3806,31,'2016-09-24 19:33:13',0,5440,'2016-08-29 17:11:14','2016-08-29 17:11:14',1),(384,3809,1,'2016-08-29 17:17:51',0,4350,'2016-08-29 17:17:51','2016-08-29 17:17:51',1),(385,3810,1,'2016-12-21 16:31:27',0,3000,'2016-08-29 17:23:29','2016-08-29 17:23:29',1),(386,3811,31,'2016-12-21 16:31:27',0,7000,'2016-08-29 17:27:01','2016-08-29 17:27:01',1),(387,3812,1,'2016-08-29 17:30:15',0,1400,'2016-08-29 17:30:16','2016-08-29 17:30:16',1),(388,1787,3,'2016-12-21 16:31:27',0,1104.688,'2016-09-05 14:50:24','2016-09-05 14:50:24',1),(389,1788,3,'2016-12-21 16:31:27',0,1104.688,'2016-09-05 14:51:40','2016-09-05 14:51:40',1),(390,1789,3,'2016-12-21 16:31:27',0,1104.688,'2016-09-05 14:52:28','2016-09-05 14:52:28',1),(391,1790,3,'2016-12-21 16:31:27',0,1104.688,'2016-09-05 14:53:11','2016-09-05 14:53:11',1),(392,1791,3,'2016-12-21 16:31:27',0,1104.688,'2016-09-05 14:56:42','2016-09-05 14:56:42',1),(393,1792,3,'2016-12-21 16:31:27',0,1104.688,'2016-09-05 15:01:24','2016-09-05 15:01:24',1),(394,1793,3,'2016-12-21 16:31:27',0,1104.688,'2016-09-05 15:02:10','2016-09-05 15:02:10',1),(395,1795,40,'2016-12-21 16:31:27',0,1000.051,'2016-09-05 15:06:47','2016-09-05 15:06:47',1),(396,3813,31,'2016-09-05 15:11:06',0,4955,'2016-09-05 15:11:06','2016-09-05 15:11:06',1),(397,3815,31,'2016-09-05 15:15:26',0,13612.5,'2016-09-05 15:15:26','2016-09-05 15:15:26',1),(398,3816,1,'2016-12-21 16:31:27',0,1575,'2016-09-05 15:20:40','2016-09-05 15:20:40',1),(399,3818,1,'2016-09-05 15:24:18',0,7524,'2016-09-05 15:24:18','2016-09-05 15:24:18',1),(400,3819,1,'2016-09-05 15:26:35',0,3410,'2016-09-05 15:26:35','2016-09-05 15:26:35',1),(401,3820,1,'2016-09-05 15:28:28',0,14000,'2016-09-05 15:28:28','2016-09-05 15:28:28',1),(402,1796,3,'2016-12-21 16:31:27',0,1188.542,'2016-09-12 15:36:12','2016-09-12 15:36:12',1),(403,1799,1,'2016-09-12 15:53:05',0,128641,'2016-09-12 15:53:05','2016-09-12 15:53:05',1),(404,1800,3,'2016-12-21 16:31:27',0,1104.688,'2016-09-12 15:55:36','2016-09-12 15:55:36',1),(405,1801,3,'2016-12-21 16:31:27',0,1104.688,'2016-09-12 15:57:00','2016-09-12 15:57:00',1),(406,1803,3,'2016-12-21 16:31:27',0,1104.688,'2016-09-12 16:03:28','2016-09-12 16:03:28',1),(407,1804,3,'2016-10-03 15:48:37',0,2103.64,'2016-09-12 16:08:13','2016-09-12 16:08:13',1),(408,3821,31,'2016-09-12 16:11:08',0,5440,'2016-09-12 16:11:08','2016-09-12 16:11:08',1),(409,3822,1,'2016-09-12 16:18:04',0,2900,'2016-09-12 16:18:04','2016-09-12 16:18:04',1),(410,3823,31,'2016-10-03 15:48:37',0,7000,'2016-09-12 16:20:53','2016-09-12 16:20:53',1),(411,3824,31,'2016-09-12 16:42:11',0,9000,'2016-09-12 16:23:52','2016-09-12 16:23:52',1),(412,3826,1,'2016-09-12 16:32:49',0,5650,'2016-09-12 16:32:50','2016-09-12 16:32:50',1),(413,3827,1,'2016-09-12 16:36:19',0,2500,'2016-09-12 16:36:19','2016-09-12 16:36:19',1),(414,3829,1,'2016-09-12 16:39:27',0,3790,'2016-09-12 16:39:27','2016-09-12 16:39:27',1),(415,3830,31,'2016-09-12 16:58:19',0,13612.5,'2016-09-12 16:58:20','2016-09-12 16:58:20',1),(416,3831,1,'2016-10-03 15:48:37',0,1575,'2016-09-12 16:59:44','2016-09-12 16:59:44',1),(417,3832,31,'2016-09-12 17:03:01',0,100000,'2016-09-12 17:03:01','2016-09-12 17:03:01',1),(418,3833,31,'2016-10-03 15:48:37',0,7000,'2016-09-12 17:04:58','2016-09-12 17:04:58',1),(419,1806,6,'2016-09-19 19:15:45',0,1935.34,'2016-09-19 14:30:22','2016-09-19 14:30:22',1),(420,3834,31,'2016-09-19 14:38:53',0,10132.5,'2016-09-19 14:38:53','2016-09-19 14:38:53',1),(421,3835,31,'2016-09-19 14:49:05',0,4000,'2016-09-19 14:49:05','2016-09-19 14:49:05',1),(422,3836,31,'2016-09-19 14:58:12',0,4000,'2016-09-19 14:58:12','2016-09-19 14:58:12',1),(423,3837,31,'2016-10-03 15:48:37',0,7000,'2016-09-19 15:09:53','2016-09-19 15:09:53',1),(424,3838,1,'2016-09-19 15:11:51',0,1200,'2016-09-19 15:11:51','2016-09-19 15:11:51',1),(425,3839,31,'2016-09-19 15:17:11',0,9075,'2016-09-19 15:17:11','2016-09-19 15:17:11',1),(426,3842,1,'2016-09-19 15:20:07',0,11000,'2016-09-19 15:20:07','2016-09-19 15:20:07',1),(427,3843,1,'2016-09-19 15:24:15',0,3790,'2016-09-19 15:24:15','2016-09-19 15:24:15',1),(428,3844,31,'2016-10-03 15:48:37',0,600,'2016-09-19 15:26:34','2016-09-19 15:26:34',1),(429,3845,31,'2016-10-03 15:48:37',0,7000,'2016-09-19 15:28:26','2016-09-19 15:28:26',1),(430,3846,1,'2016-09-19 15:30:39',0,1400,'2016-09-19 15:30:39','2016-09-19 15:30:39',1),(431,3825,1,'2016-09-19 16:53:24',0,1000,'2016-09-19 16:53:24','2016-09-19 16:53:24',1),(432,4487,1,'2016-09-19 17:07:29',0,39500,'2016-09-19 17:07:29','2016-09-19 17:07:29',1),(433,1802,1,'2016-09-19 20:38:52',0,37875,'2016-09-19 20:38:52','2016-09-19 20:38:52',1),(434,1807,1,'2016-09-26 19:22:54',0,36660,'2016-09-26 19:22:55','2016-09-26 19:22:55',1),(435,1809,3,'2016-10-03 15:48:37',0,2534.58,'2016-09-26 19:29:34','2016-09-26 19:29:34',1),(436,3848,1,'2016-09-26 19:37:31',0,1000,'2016-09-26 19:37:31','2016-09-26 19:37:31',1),(437,3849,1,'2016-09-26 19:40:52',0,760,'2016-09-26 19:40:52','2016-09-26 19:40:52',1),(438,3850,31,'2016-09-26 19:44:20',0,14150,'2016-09-26 19:44:20','2016-09-26 19:44:20',1),(439,3851,1,'2016-10-03 15:48:37',0,1575,'2016-09-26 19:50:55','2016-09-26 19:50:55',1),(440,3853,31,'2016-09-26 19:53:35',0,4400,'2016-09-26 19:52:49','2016-09-26 19:52:49',1),(441,3795,1,'2016-10-03 15:48:37',0,760,'2016-09-28 15:40:53','2016-09-28 15:40:53',1),(442,3854,1,'2016-09-28 15:47:14',0,3410,'2016-09-28 15:47:14','2016-09-28 15:47:14',1),(443,1811,3,'2016-12-21 16:31:27',0,1104.688,'2016-10-03 15:32:22','2016-10-03 15:32:22',1),(444,1814,6,'2016-10-03 16:47:12',0,1578.12,'2016-10-03 15:34:03','2016-10-03 15:34:03',1),(445,1815,6,'2016-10-03 15:36:38',0,1578.125,'2016-10-03 15:36:38','2016-10-03 15:36:38',1),(446,1816,6,'2016-10-03 15:38:40',0,1578.125,'2016-10-03 15:38:40','2016-10-03 15:38:40',1),(447,1818,41,'2016-12-21 16:31:27',0,1314.555,'2016-10-03 15:44:55','2016-10-03 15:44:55',1),(448,3855,1,'2016-10-03 15:54:50',0,1500,'2016-10-03 15:54:50','2016-10-03 15:54:50',1),(449,3857,31,'2016-10-03 15:59:38',0,2722.5,'2016-10-03 15:59:38','2016-10-03 15:59:38',1),(450,1819,1,'2016-10-10 16:02:05',0,90000,'2016-10-10 16:02:05','2016-10-10 16:02:05',1),(451,3859,31,'2016-12-21 16:31:27',0,7000,'2016-10-10 16:06:27','2016-10-10 16:06:27',1),(452,3860,1,'2016-10-10 16:11:16',0,28800,'2016-10-10 16:11:16','2016-10-10 16:11:16',1),(453,3861,31,'2016-10-07 16:35:15',0,60000,'2016-10-10 16:25:32','2016-10-10 16:25:32',1),(454,3862,1,'2016-10-10 16:28:32',0,4410,'2016-10-10 16:28:32','2016-10-10 16:28:32',1),(455,3863,1,'2016-10-10 16:30:28',0,10880,'2016-10-10 16:30:28','2016-10-10 16:30:28',1),(456,3864,31,'2016-10-07 16:35:15',0,4000,'2016-10-10 16:33:08','2016-10-10 16:33:08',1),(457,3865,31,'2016-12-21 16:31:27',0,2825,'2016-10-10 16:44:14','2016-10-10 16:44:14',1),(458,1820,6,'2016-12-21 16:31:27',0,1935.344,'2016-10-08 16:03:39','2016-10-08 16:03:39',1),(459,1821,6,'2016-12-21 16:31:27',0,1935.344,'2016-10-08 16:10:06','2016-10-08 16:10:06',1),(460,1823,3,'2016-12-21 16:31:27',0,1104.688,'2016-10-12 16:57:35','2016-10-12 16:57:35',1),(461,1824,3,'2016-12-21 16:31:27',0,2588.571,'2016-10-12 17:15:40','2016-10-12 17:15:40',1),(462,3841,1,'2016-10-31 16:28:26',0,2150,'2016-10-12 17:39:34','2016-10-12 17:39:34',1),(463,3866,31,'2016-10-12 17:47:16',0,2722.5,'2016-10-12 17:47:16','2016-10-12 17:47:16',1),(464,3867,1,'2016-10-12 17:54:31',0,3500,'2016-10-12 17:54:31','2016-10-12 17:54:31',1),(465,1825,3,'2016-12-21 16:31:27',0,2588.571,'2016-10-18 14:49:14','2016-10-18 14:49:14',1),(466,1826,3,'2016-12-21 16:31:27',0,1104.688,'2016-10-18 15:56:39','2016-10-18 15:56:39',1),(467,3868,1,'2016-10-18 16:12:29',0,12600,'2016-10-18 16:12:29','2016-10-18 16:12:29',1),(468,3869,31,'2016-10-18 16:19:58',0,5802,'2016-10-18 16:19:58','2016-10-18 16:19:58',1),(469,3870,1,'2016-10-19 14:39:22',0,1500,'2016-10-19 14:39:22','2016-10-19 14:39:22',1),(470,3872,31,'2016-10-31 16:28:26',0,2575,'2016-10-19 14:44:59','2016-10-19 14:44:59',1),(471,3873,31,'2016-10-19 14:48:17',0,4000,'2016-10-19 14:48:18','2016-10-19 14:48:18',1),(472,3874,1,'2016-10-19 14:51:31',0,10035,'2016-10-19 14:51:31','2016-10-19 14:51:31',1),(473,1822,1,'2016-10-19 22:30:49',0,49010,'2016-10-19 22:30:49','2016-10-19 22:30:49',1),(474,111,1,'2016-10-20 16:12:44',0,2800,'2016-10-20 16:12:45','2016-10-20 16:12:45',1),(475,1827,1,'2016-10-24 15:38:47',0,80278,'2016-10-24 15:38:48','2016-10-24 15:38:48',1),(476,1828,1,'2016-10-24 16:13:49',0,28728,'2016-10-24 16:13:49','2016-10-24 16:13:49',1),(477,1829,1,'2016-10-24 16:19:50',0,17914,'2016-10-24 16:19:50','2016-10-24 16:19:50',1),(478,1830,1,'2016-10-24 16:28:18',0,24471,'2016-10-24 16:28:18','2016-10-24 16:28:18',1),(479,3875,1,'2016-10-24 16:42:00',0,3790,'2016-10-24 16:42:00','2016-10-24 16:42:00',1),(480,3877,31,'2016-10-24 16:46:53',0,40000,'2016-10-24 16:46:53','2016-10-24 16:46:53',1),(481,3878,1,'2016-10-24 16:50:24',0,18200,'2016-10-24 16:50:24','2016-10-24 16:50:24',1),(482,3879,1,'2016-10-24 16:54:16',0,2500,'2016-10-24 16:54:16','2016-10-24 16:54:16',1),(483,3880,31,'2016-10-31 16:28:26',0,7000,'2016-10-24 16:57:34','2016-10-24 16:57:34',1),(484,3881,31,'2016-10-24 17:00:53',0,1705,'2016-10-24 17:00:53','2016-10-24 17:00:53',1),(485,3882,1,'2016-10-24 17:03:54',0,12600,'2016-10-24 17:03:54','2016-10-24 17:03:54',1),(486,3883,1,'2016-10-24 17:07:13',0,2700,'2016-10-24 17:07:13','2016-10-24 17:07:13',1),(487,3884,31,'2016-10-24 17:10:55',0,4180,'2016-10-24 17:10:56','2016-10-24 17:10:56',1),(488,3885,31,'2016-10-24 19:26:42',0,5942,'2016-10-24 17:16:01','2016-10-24 17:16:01',1),(489,3886,1,'2016-10-24 17:20:07',0,2000,'2016-10-24 17:20:07','2016-10-24 17:20:07',1),(490,1832,6,'2016-10-30 22:01:57',0,1578.125,'2016-10-30 22:01:57','2016-10-30 22:01:57',1),(491,1834,3,'2016-12-21 16:31:27',0,1104.688,'2016-10-30 22:08:39','2016-10-30 22:08:39',1),(492,1835,3,'2016-12-21 16:31:27',0,1104.688,'2016-10-30 22:11:24','2016-10-30 22:11:24',1),(493,3887,31,'2016-10-31 16:28:26',0,7000,'2016-10-30 22:14:14','2016-10-30 22:14:14',1),(495,3889,1,'2016-10-31 16:41:09',0,4150,'2016-10-30 22:18:07','2016-10-30 22:18:07',1),(496,3890,1,'2016-10-30 22:20:31',0,3069,'2016-10-30 22:20:31','2016-10-30 22:20:31',1),(497,3891,31,'2016-10-30 22:33:02',0,7787.5,'2016-10-30 22:23:53','2016-10-30 22:23:53',1),(498,3892,1,'2016-10-30 22:25:54',0,12600,'2016-10-30 22:25:54','2016-10-30 22:25:54',1),(499,3888,1,'2016-10-31 16:28:26',0,1575,'2016-10-30 22:34:40','2016-10-30 22:34:40',1),(500,3894,31,'2016-10-30 22:37:57',0,14205,'2016-10-30 22:37:58','2016-10-30 22:37:58',1),(501,3895,1,'2016-10-31 16:28:26',0,1575,'2016-10-30 22:39:34','2016-10-30 22:39:34',1),(502,3896,31,'2016-10-31 16:28:26',0,7000,'2016-10-30 22:41:03','2016-10-30 22:41:03',1),(503,3897,31,'2016-10-31 16:28:26',0,1575,'2016-10-31 15:33:50','2016-10-31 15:33:50',1),(504,3898,31,'2016-10-31 16:28:26',0,5000,'2016-10-31 15:36:12','2016-10-31 15:36:12',1),(505,1831,3,'2016-10-31 16:28:26',0,1020.8,'2016-10-31 15:58:20','2016-10-31 15:58:20',1),(506,1836,6,'2016-10-31 15:59:51',0,1918.75,'2016-10-31 15:59:51','2016-10-31 15:59:51',1),(507,1833,3,'2016-10-31 16:28:26',0,729.16,'2016-10-31 16:03:37','2016-10-31 16:03:37',1),(508,1837,42,'2016-10-31 16:37:14',0,1915.23,'2016-10-31 16:19:04','2016-10-31 16:19:04',1),(509,1838,7,'2016-12-21 16:31:27',0,2465.306,'2016-11-05 16:36:01','2016-11-05 16:36:01',1),(510,1839,7,'2016-12-21 16:31:27',0,1052.083,'2016-11-05 16:40:36','2016-11-05 16:40:36',1),(511,1840,7,'2016-12-21 16:31:27',0,1171.153,'2016-11-05 17:06:32','2016-11-05 17:06:32',1),(512,1841,7,'2016-12-21 16:31:27',0,1171.153,'2016-11-05 17:11:36','2016-11-05 17:11:36',1),(513,1843,7,'2016-11-05 17:22:45',0,2500,'2016-11-05 17:22:46','2016-11-05 17:22:46',1),(514,1844,7,'2016-11-05 17:29:20',0,2500,'2016-11-05 17:29:21','2016-11-05 17:29:21',1),(515,1845,7,'2016-11-08 21:37:29',0,1290,'2016-11-05 17:34:31','2016-11-05 17:34:31',1),(516,1846,7,'2016-11-08 21:37:29',0,1290,'2016-11-05 17:36:11','2016-11-05 17:36:11',1),(517,1849,43,'2016-12-21 16:31:27',0,1548.662,'2016-11-05 18:03:12','2016-11-05 18:03:12',1),(518,1850,8,'2016-12-21 16:31:27',0,1510.667,'2016-11-05 18:07:04','2016-11-05 18:07:04',1),(519,1851,1,'2016-11-05 18:28:52',0,37875,'2016-11-05 18:28:52','2016-11-05 18:28:52',1),(520,1853,1,'2016-11-05 18:31:58',0,36660,'2016-11-05 18:31:58','2016-11-05 18:31:58',1),(521,1854,6,'2016-11-05 18:36:24',0,1578.125,'2016-11-05 18:36:24','2016-11-05 18:36:24',1),(522,1855,6,'2016-11-05 18:38:10',0,1578.125,'2016-11-05 18:38:10','2016-11-05 18:38:10',1),(523,1856,3,'2016-12-21 16:31:27',0,2622.083,'2016-11-05 18:43:54','2016-11-05 18:43:54',1),(524,1858,3,'2016-11-05 18:48:41',0,1343.125,'2016-11-05 18:48:41','2016-11-05 18:48:41',1),(525,1859,4,'2016-11-05 18:53:09',0,4379.375,'2016-11-05 18:53:09','2016-11-05 18:53:09',1),(526,1860,3,'2016-12-21 16:31:27',0,1104.688,'2016-11-05 18:56:42','2016-11-05 18:56:42',1),(527,1861,3,'2016-12-21 16:31:27',0,1104.688,'2016-11-05 18:57:52','2016-11-05 18:57:52',1),(528,1862,3,'2016-12-21 16:31:27',0,1104.688,'2016-11-05 18:58:47','2016-11-05 18:58:47',1),(529,1863,3,'2016-12-21 16:31:27',0,1104.688,'2016-11-05 18:59:59','2016-11-05 18:59:59',1),(530,1864,1,'2016-12-21 16:31:27',0,33556,'2016-11-05 19:05:50','2016-11-05 19:05:50',1),(531,3899,1,'2016-11-05 19:19:40',0,1500,'2016-11-05 19:19:40','2016-11-05 19:19:40',1),(532,3900,1,'2016-11-05 19:22:07',0,12600,'2016-11-05 19:22:07','2016-11-05 19:22:07',1),(533,3901,1,'2016-11-05 19:26:45',0,2400,'2016-11-05 19:26:45','2016-11-05 19:26:45',1),(534,3902,31,'2016-12-21 16:31:27',0,90000,'2016-11-05 19:32:59','2016-11-05 19:32:59',1),(535,3904,1,'2016-12-21 16:31:27',0,3000,'2016-11-05 19:35:07','2016-11-05 19:35:07',1),(536,3906,31,'2016-12-21 16:31:27',0,7000,'2016-11-05 19:36:48','2016-11-05 19:36:48',1),(537,3907,31,'2016-11-05 19:40:00',0,1620,'2016-11-05 19:40:00','2016-11-05 19:40:00',1),(538,3909,1,'2016-11-05 20:02:42',0,6820,'2016-11-05 20:02:42','2016-11-05 20:02:42',1),(539,3910,31,'2016-12-21 16:31:27',0,6750,'2016-11-05 20:05:28','2016-11-05 20:05:28',1),(540,3911,31,'2016-12-21 16:31:27',0,7000,'2016-11-05 20:22:31','2016-11-05 20:22:31',1),(541,3912,31,'2016-12-21 16:31:27',0,7000,'2016-11-05 20:29:49','2016-11-05 20:29:49',1),(542,3913,31,'2016-11-05 20:32:23',0,25341,'2016-11-05 20:32:23','2016-11-05 20:32:23',1),(543,3914,1,'2016-11-05 20:36:51',0,3410,'2016-11-05 20:36:52','2016-11-05 20:36:52',1),(544,3915,31,'2016-12-21 16:31:27',0,7000,'2016-11-05 20:45:07','2016-11-05 20:45:07',1),(545,3916,31,'2016-11-05 20:51:02',0,2722.5,'2016-11-05 20:51:02','2016-11-05 20:51:02',1),(546,3917,1,'2016-12-21 16:31:27',0,1575,'2016-11-05 20:58:38','2016-11-05 20:58:38',1),(547,3918,31,'2016-11-05 21:00:13',0,1400,'2016-11-05 21:00:13','2016-11-05 21:00:13',1),(548,3919,31,'2016-11-05 21:01:59',0,3000,'2016-11-05 21:01:59','2016-11-05 21:01:59',1),(549,3920,1,'2016-11-05 21:03:53',0,3075,'2016-11-05 21:03:53','2016-11-05 21:03:53',1),(550,3921,31,'2016-11-05 21:05:37',0,4967.5,'2016-11-05 21:05:37','2016-11-05 21:05:37',1),(551,3922,1,'2016-11-07 22:31:53',0,16380,'2016-11-07 22:31:53','2016-11-07 22:31:53',1),(552,3923,31,'2016-11-07 22:38:07',0,1705,'2016-11-07 22:38:08','2016-11-07 22:38:08',1),(553,3924,31,'2016-11-07 22:41:19',0,1705,'2016-11-07 22:41:19','2016-11-07 22:41:19',1),(554,3925,31,'2016-12-21 16:31:27',0,7504,'2016-11-07 22:44:01','2016-11-07 22:44:01',1),(555,3926,31,'2016-11-07 22:46:05',0,4967.5,'2016-11-07 22:46:05','2016-11-07 22:46:05',1),(556,3927,31,'2016-12-21 16:31:27',0,7000,'2016-11-07 22:48:06','2016-11-07 22:48:06',1),(557,1847,44,'2016-11-11 17:57:16',0,708.33,'2016-11-11 17:51:58','2016-11-11 17:51:58',1),(558,1848,44,'2016-11-11 17:57:16',0,708.33,'2016-11-11 17:53:29','2016-11-11 17:53:29',1),(559,3908,1,'2016-11-12 20:12:32',0,4426,'2016-11-12 20:12:32','2016-11-12 20:12:32',1),(560,1852,6,'2016-11-12 20:19:35',0,1578.125,'2016-11-12 20:19:35','2016-11-12 20:19:35',1),(561,1869,3,'2016-12-21 16:31:27',0,2772.962,'2016-11-14 16:11:40','2016-11-14 16:11:40',1),(562,1871,3,'2016-12-21 16:31:27',0,1104.688,'2016-11-14 16:26:43','2016-11-14 16:26:43',1),(563,1874,3,'2016-12-21 16:31:27',0,1104.688,'2016-11-14 16:31:35','2016-11-14 16:31:35',1),(564,1873,3,'2016-11-14 16:33:39',0,3335.15,'2016-11-14 16:33:39','2016-11-14 16:33:39',1),(565,3928,1,'2016-12-21 16:31:27',0,1575,'2016-11-14 16:36:01','2016-11-14 16:36:01',1),(566,3929,1,'2016-11-14 16:37:50',0,380,'2016-11-14 16:37:50','2016-11-14 16:37:50',1),(567,3930,1,'2016-12-21 16:31:27',0,9000,'2016-11-14 16:42:10','2016-11-14 16:42:10',1),(568,3937,31,'2016-12-21 16:31:27',0,7000,'2016-11-14 16:45:48','2016-11-14 16:45:48',1),(569,3932,1,'2016-12-21 16:31:27',0,6400,'2016-11-14 16:48:22','2016-11-14 16:48:22',1),(570,1875,3,'2016-12-21 16:31:27',0,1354.741,'2016-11-22 15:43:14','2016-11-22 15:43:14',1),(571,1876,1,'2016-11-22 15:54:58',0,74940,'2016-11-22 15:48:26','2016-11-22 15:48:26',1),(572,1878,45,'2016-12-21 16:31:27',0,291.683,'2016-11-22 16:09:59','2016-11-22 16:09:59',1),(573,1879,45,'2016-12-21 16:31:27',0,291.683,'2016-11-22 16:17:48','2016-11-22 16:17:48',1),(574,1880,46,'2016-12-21 16:31:27',0,833.333,'2016-11-22 16:24:03','2016-11-22 16:24:03',1),(575,3933,1,'2016-11-22 16:32:36',0,1750,'2016-11-22 16:32:36','2016-11-22 16:32:36',1),(576,3934,1,'2016-11-22 16:34:53',0,2500,'2016-11-22 16:34:53','2016-11-22 16:34:53',1),(577,3935,1,'2016-11-22 16:36:34',0,3000,'2016-11-22 16:36:34','2016-11-22 16:36:34',1),(578,3936,31,'2016-12-21 16:31:27',0,8750,'2016-11-22 16:39:10','2016-11-22 16:39:10',1),(579,3938,1,'2016-11-22 16:41:13',0,1400,'2016-11-22 16:41:13','2016-11-22 16:41:13',1),(580,3939,31,'2016-11-22 16:43:07',0,1705,'2016-11-22 16:43:07','2016-11-22 16:43:07',1),(581,3940,1,'2016-11-22 16:45:15',0,3410,'2016-11-22 16:45:15','2016-11-22 16:45:15',1),(582,3941,1,'2016-11-22 16:47:16',0,1140,'2016-11-22 16:47:16','2016-11-22 16:47:16',1),(583,3942,31,'2016-12-21 16:31:27',0,6000,'2016-11-22 16:48:50','2016-11-22 16:48:50',1),(584,3943,31,'2016-12-21 16:31:27',0,7000,'2016-11-22 16:50:36','2016-11-22 16:50:36',1),(585,3944,31,'2016-11-22 16:53:29',0,10000,'2016-11-22 16:53:29','2016-11-22 16:53:29',1),(586,3946,1,'2016-11-22 16:56:05',0,10880,'2016-11-22 16:56:05','2016-11-22 16:56:05',1),(587,3947,1,'2016-11-22 16:57:38',0,3410,'2016-11-22 16:57:38','2016-11-22 16:57:38',1),(588,1866,6,'2016-12-21 16:31:27',0,3235.708,'2016-11-22 17:37:42','2016-11-22 17:37:42',1),(589,1881,3,'2016-12-21 16:31:27',0,2027.083,'2016-11-28 20:34:28','2016-11-28 20:34:28',1),(590,1882,47,'2016-12-21 16:31:27',0,833.408,'2016-11-28 22:08:44','2016-11-28 22:08:44',1),(591,1884,2,'2016-12-21 16:31:27',0,1124.375,'2016-11-28 22:12:02','2016-11-28 22:12:02',1),(592,1888,5,'2016-12-21 16:31:27',0,2265.833,'2016-11-28 22:14:37','2016-11-28 22:14:37',1),(593,3949,31,'2016-11-29 15:20:12',0,1705,'2016-11-29 15:20:12','2016-11-29 15:20:12',1),(594,3950,1,'2016-11-29 15:25:01',0,11209,'2016-11-29 15:25:01','2016-11-29 15:25:01',1),(595,3951,1,'2016-11-29 15:29:40',0,12600,'2016-11-29 15:29:40','2016-11-29 15:29:40',1),(596,3952,1,'2016-11-29 15:37:52',0,15575,'2016-11-29 15:37:52','2016-11-29 15:37:52',1),(597,3954,31,'2016-12-21 16:31:27',0,7000,'2016-11-29 15:43:01','2016-11-29 15:43:01',1),(598,3957,31,'2016-11-29 16:07:52',0,5667.5,'2016-11-29 16:07:52','2016-11-29 16:07:52',1),(599,3958,1,'2016-11-29 16:25:30',0,12600,'2016-11-29 16:25:30','2016-11-29 16:25:30',1),(600,3945,31,'2016-12-21 16:31:27',0,60000,'2016-11-29 19:29:50','2016-11-29 19:29:50',1),(601,1889,1,'2016-12-05 23:13:01',0,10050,'2016-12-05 23:13:01','2016-12-05 23:13:01',1),(602,1890,48,'2016-12-21 16:31:27',0,2083.438,'2016-12-05 23:24:45','2016-12-05 23:24:45',1),(603,1891,7,'2016-12-15 18:58:29',0,1750,'2016-12-05 23:33:40','2016-12-05 23:33:40',1),(604,1892,7,'2016-12-06 17:48:31',0,1290.23,'2016-12-05 23:36:42','2016-12-05 23:36:42',1),(605,3959,31,'2016-12-21 16:31:27',0,600,'2016-12-05 23:38:51','2016-12-05 23:38:51',1),(606,3960,1,'2016-12-05 23:41:00',0,2480,'2016-12-05 23:41:00','2016-12-05 23:41:00',1),(607,3962,31,'2016-12-21 16:31:27',0,7000,'2016-12-05 23:43:06','2016-12-05 23:43:06',1),(608,3963,1,'2016-12-05 23:46:40',0,25000,'2016-12-05 23:46:40','2016-12-05 23:46:40',1),(609,3964,31,'2016-12-21 16:31:27',0,7000,'2016-12-05 23:48:35','2016-12-05 23:48:35',1),(610,3965,1,'2016-12-05 23:52:24',0,12600,'2016-12-05 23:52:24','2016-12-05 23:52:24',1),(612,3953,31,'2016-12-06 19:15:46',0,7750,'2016-12-05 23:54:40','2016-12-05 23:54:40',1),(613,3966,31,'2016-12-21 16:31:27',0,7750,'2016-12-06 19:12:05','2016-12-06 19:12:05',1),(614,1895,1,'2016-12-10 17:43:39',0,12500,'2016-12-10 17:43:39','2016-12-10 17:43:39',1),(615,1896,6,'2016-12-10 18:24:32',0,1578.125,'2016-12-10 18:24:32','2016-12-10 18:24:32',1),(616,1898,1,'2016-12-10 18:38:37',0,17500,'2016-12-10 18:38:37','2016-12-10 18:38:37',1),(617,1899,33,'2016-12-10 18:43:52',0,1660,'2016-12-10 18:42:13','2016-12-10 18:42:13',1),(618,3967,31,'2016-12-10 18:52:05',0,14850,'2016-12-10 18:52:05','2016-12-10 18:52:05',1),(619,3968,31,'2016-12-10 18:55:39',0,14151,'2016-12-10 18:55:39','2016-12-10 18:55:39',1),(620,3969,31,'2016-12-10 19:00:00',0,1750,'2016-12-10 19:00:00','2016-12-10 19:00:00',1),(621,3970,1,'2016-12-10 19:02:07',0,11000,'2016-12-10 19:02:07','2016-12-10 19:02:07',1),(622,3971,1,'2016-12-10 19:04:38',0,2500,'2016-12-10 19:04:38','2016-12-10 19:04:38',1),(623,3972,1,'2016-12-10 19:06:26',0,12600,'2016-12-10 19:06:27','2016-12-10 19:06:27',1),(624,1902,46,'2016-12-21 16:31:27',0,562.5,'2016-12-19 19:23:25','2016-12-19 19:23:25',1),(625,1901,46,'2016-12-21 16:31:27',0,562.5,'2016-12-19 19:29:13','2016-12-19 19:29:13',1),(626,1900,1,'2016-12-19 19:45:28',0,15000,'2016-12-19 19:45:28','2016-12-19 19:45:28',1),(627,1903,49,'2016-12-21 16:31:27',0,1727.101,'2016-12-19 19:57:56','2016-12-19 19:57:56',1),(628,1904,6,'2016-12-21 16:31:27',0,3819.792,'2016-12-19 20:02:40','2016-12-19 20:02:40',1),(629,1905,6,'2016-12-21 16:31:27',0,1935.344,'2016-12-19 20:04:20','2016-12-19 20:04:20',1),(630,3975,31,'2016-12-21 16:31:27',0,787.5,'2016-12-19 20:06:02','2016-12-19 20:06:02',1),(631,3977,1,'2016-12-19 20:08:55',0,4550,'2016-12-19 20:08:55','2016-12-19 20:08:55',1),(632,1906,4,'2016-12-26 17:36:30',0,4379.375,'2016-12-26 17:36:30','2016-12-26 17:36:30',1),(633,1907,7,'2016-12-26 17:44:00',0,1290.229,'2016-12-26 17:44:00','2016-12-26 17:44:00',1),(634,1908,7,'2016-12-26 17:50:55',0,1290.229,'2016-12-26 17:50:55','2016-12-26 17:50:55',1),(635,1909,3,'2016-12-26 17:56:44',0,1104.688,'2016-12-26 17:56:44','2016-12-26 17:56:44',1),(636,1911,1,'2016-12-26 18:04:49',0,10216,'2016-12-26 18:04:49','2016-12-26 18:04:49',1),(637,1912,1,'2016-12-26 18:22:34',0,180000,'2016-12-26 18:22:34','2016-12-26 18:22:34',1),(638,1913,1,'2016-12-26 18:30:33',0,15000,'2016-12-26 18:30:34','2016-12-26 18:30:34',1),(639,3978,31,'2016-12-26 18:36:46',0,2500,'2016-12-26 18:36:46','2016-12-26 18:36:46',1),(640,3974,1,'2017-01-04 21:54:32',0,13500,'2017-01-04 21:54:32','2017-01-04 21:54:32',1),(641,1926,1,'2017-01-04 22:01:31',0,19250,'2017-01-04 22:01:31','2017-01-04 22:01:31',1),(642,1914,1,'2017-01-04 22:40:42',0,23921.001,'2017-01-04 22:40:42','2017-01-04 22:40:42',1),(643,1916,46,'2017-01-05 15:42:05',0,1992.82,'2017-01-05 15:35:03','2017-01-05 15:35:03',1),(644,1917,1,'2017-01-05 15:48:41',0,34087,'2017-01-05 15:46:13','2017-01-05 15:46:13',1),(645,1918,1,'2017-01-05 15:50:53',0,34087,'2017-01-05 15:50:53','2017-01-05 15:50:53',1),(646,1919,51,'2017-01-05 16:22:13',0,2222.333,'2017-01-05 16:22:13','2017-01-05 16:22:13',1),(647,1920,32,'2017-01-05 16:26:55',0,855.556,'2017-01-05 16:26:55','2017-01-05 16:26:55',1),(648,1921,2,'2017-01-05 16:49:18',0,729.17,'2017-01-05 16:42:36','2017-01-05 16:42:36',1),(649,3979,1,'2017-01-05 18:02:30',0,3410,'2017-01-05 18:02:30','2017-01-05 18:02:30',1),(650,3980,31,'2017-01-05 18:25:49',0,7000,'2017-01-05 18:25:49','2017-01-05 18:25:49',1),(651,1877,52,'2017-01-05 18:32:34',0,6631.722,'2017-01-05 18:32:34','2017-01-05 18:32:34',1),(652,3981,1,'2017-01-05 18:52:47',0,1400,'2017-01-05 18:52:48','2017-01-05 18:52:48',1),(653,3982,31,'2017-01-05 18:58:11',0,7000,'2017-01-05 18:57:12','2017-01-05 18:57:12',1),(654,3983,1,'2017-01-05 19:02:14',0,1575,'2017-01-05 19:02:14','2017-01-05 19:02:14',1),(655,3984,31,'2017-01-05 19:05:01',0,24000,'2017-01-05 19:05:01','2017-01-05 19:05:01',1),(656,3985,31,'2017-01-05 19:07:06',0,7000,'2017-01-05 19:07:07','2017-01-05 19:07:07',1),(657,1910,4,'2017-01-06 19:57:57',0,777.778,'2017-01-06 19:57:57','2017-01-06 19:57:57',1),(658,3988,31,'2017-01-07 00:18:05',0,26675,'2017-01-07 00:18:05','2017-01-07 00:18:05',1),(659,1922,1,'2017-01-07 20:09:23',0,36660,'2017-01-07 20:05:00','2017-01-07 20:05:00',1),(660,1924,1,'2017-01-07 20:28:22',0,2950,'2017-01-07 20:28:22','2017-01-07 20:28:22',1),(661,1925,1,'2017-01-07 20:30:58',0,18750,'2017-01-07 20:30:58','2017-01-07 20:30:58',1),(662,3986,1,'2017-01-07 20:35:54',0,9000,'2017-01-07 20:35:54','2017-01-07 20:35:54',1),(663,3989,31,'2017-01-07 20:38:54',0,2722.5,'2017-01-07 20:38:54','2017-01-07 20:38:54',1),(664,3991,1,'2017-01-07 20:41:00',0,19000,'2017-01-07 20:41:00','2017-01-07 20:41:00',1),(665,1928,3,'2017-01-07 20:55:01',0,1494.792,'2017-01-07 20:55:01','2017-01-07 20:55:01',1),(666,3993,1,'2017-01-09 18:11:59',0,40000,'2017-01-09 18:11:59','2017-01-09 18:11:59',1),(667,3992,31,'2017-01-09 19:53:05',0,1705,'2017-01-09 19:53:05','2017-01-09 19:53:05',1),(668,1930,32,'2017-01-13 22:54:27',0,1586.161,'2017-01-13 22:54:27','2017-01-13 22:54:27',1),(669,1931,1,'2017-01-14 20:58:20',0,17500,'2017-01-14 20:58:20','2017-01-14 20:58:20',1),(670,1929,3,'2017-01-16 16:18:45',0,1354.741,'2017-01-16 16:18:45','2017-01-16 16:18:45',1),(671,3994,31,'2017-01-16 17:06:12',0,2722.5,'2017-01-16 17:06:12','2017-01-16 17:06:12',1),(672,3995,31,'2017-01-16 17:10:54',0,7000,'2017-01-16 17:10:54','2017-01-16 17:10:54',1),(673,3997,31,'2017-01-16 17:12:59',0,7000,'2017-01-16 17:12:59','2017-01-16 17:12:59',1),(674,1857,3,'2017-01-16 22:50:15',0,1037.575,'2017-01-16 22:50:15','2017-01-16 22:50:15',1),(675,1932,6,'2017-01-23 16:37:53',0,1935.344,'2017-01-23 16:37:53','2017-01-23 16:37:53',1),(676,3998,1,'2017-01-23 16:40:29',0,1575,'2017-01-23 16:40:29','2017-01-23 16:40:29',1),(677,3999,1,'2017-01-23 16:42:56',0,12600,'2017-01-23 16:42:56','2017-01-23 16:42:56',1),(678,4000,1,'2017-01-23 16:44:28',0,1200,'2017-01-23 16:44:28','2017-01-23 16:44:28',1),(679,4001,1,'2017-01-23 16:46:14',0,2500,'2017-01-23 16:46:14','2017-01-23 16:46:14',1),(680,4003,1,'2017-01-23 16:48:07',0,3150,'2017-01-23 16:48:07','2017-01-23 16:48:07',1),(681,4004,31,'2017-01-23 16:50:08',0,7000,'2017-01-23 16:50:09','2017-01-23 16:50:09',1),(682,4005,1,'2017-01-25 23:32:50',0,24502.5,'2017-01-23 16:56:20','2017-01-23 16:56:20',1),(683,1749,3,'2017-01-23 18:31:24',0,562.188,'2017-01-23 18:31:24','2017-01-23 18:31:24',1),(684,1933,1,'2017-01-30 15:36:28',0,19250,'2017-01-30 15:36:28','2017-01-30 15:36:28',1),(685,1938,37,'2017-01-30 15:40:10',0,1262.5,'2017-01-30 15:40:10','2017-01-30 15:40:10',1),(686,1939,37,'2017-01-30 15:46:17',0,4391.8,'2017-01-30 15:46:17','2017-01-30 15:46:17',1),(687,4006,1,'2017-01-30 15:49:40',0,3410,'2017-01-30 15:49:40','2017-01-30 15:49:40',1),(688,4007,1,'2017-01-30 15:51:27',0,4000,'2017-01-30 15:51:27','2017-01-30 15:51:27',1),(689,4009,31,'2017-01-30 15:53:32',0,5440,'2017-01-30 15:53:32','2017-01-30 15:53:32',1),(690,4011,31,'2017-01-30 15:56:34',0,4896,'2017-01-30 15:56:34','2017-01-30 15:56:34',1),(691,4013,1,'2017-01-30 15:59:23',0,15750,'2017-01-30 15:59:23','2017-01-30 15:59:23',1),(692,4014,31,'2017-01-30 16:01:48',0,6300,'2017-01-30 16:01:48','2017-01-30 16:01:48',1),(693,4020,1,'2017-02-04 16:45:58',0,10895,'2017-02-04 16:45:58','2017-02-04 16:45:58',1),(694,1941,1,'2017-02-08 17:19:40',0,12235,'2017-02-08 17:19:40','2017-02-08 17:19:40',1),(695,1942,3,'2017-02-08 17:42:42',0,3205.446,'2017-02-08 17:42:42','2017-02-08 17:42:42',1),(696,1943,1,'2017-02-08 17:51:45',0,92000,'2017-02-08 17:51:45','2017-02-08 17:51:45',1),(697,1944,1,'2017-02-08 17:53:48',0,92000,'2017-02-08 17:53:49','2017-02-08 17:53:49',1),(698,1945,1,'2017-02-08 18:41:48',0,19250,'2017-02-08 18:41:48','2017-02-08 18:41:48',1),(699,1946,36,'2017-02-08 18:47:11',0,18489.667,'2017-02-08 18:47:11','2017-02-08 18:47:11',1),(700,4015,1,'2017-02-08 18:58:52',0,1575,'2017-02-08 18:58:52','2017-02-08 18:58:52',1),(701,4016,1,'2017-02-08 22:07:38',0,1575,'2017-02-08 19:01:01','2017-02-08 19:01:01',1),(702,4017,1,'2017-02-08 19:03:01',0,2500,'2017-02-08 19:03:01','2017-02-08 19:03:01',1),(703,4018,31,'2017-02-08 19:06:36',0,85000,'2017-02-08 19:06:37','2017-02-08 19:06:37',1),(704,4021,1,'2017-02-08 19:12:07',0,380,'2017-02-08 19:12:07','2017-02-08 19:12:07',1),(705,4023,1,'2017-02-08 19:24:23',0,12600,'2017-02-08 19:24:23','2017-02-08 19:24:23',1),(706,4030,1,'2017-02-10 22:13:22',0,6138,'2017-02-10 22:13:22','2017-02-10 22:13:22',1),(707,1940,1,'2017-02-10 22:42:14',0,41500,'2017-02-10 22:42:14','2017-02-10 22:42:14',1),(708,1948,3,'2017-02-11 20:18:21',0,1354.741,'2017-02-11 20:18:21','2017-02-11 20:18:21',1),(709,4024,31,'2017-02-13 23:30:30',0,13612.5,'2017-02-11 20:21:38','2017-02-11 20:21:38',1),(710,4025,1,'2017-02-11 20:27:31',0,13410,'2017-02-11 20:27:31','2017-02-11 20:27:31',1),(711,4027,31,'2017-02-11 20:32:22',0,7000,'2017-02-11 20:32:22','2017-02-11 20:32:22',1),(712,4029,1,'2017-02-11 20:34:58',0,2835,'2017-02-11 20:34:58','2017-02-11 20:34:58',1),(713,4031,1,'2017-02-11 20:41:46',0,12600,'2017-02-11 20:41:46','2017-02-11 20:41:46',1),(714,4033,31,'2017-02-11 20:51:02',0,7000,'2017-02-11 20:51:02','2017-02-11 20:51:02',1),(715,1949,27,'2017-02-13 17:51:45',0,3750,'2017-02-13 17:51:45','2017-02-13 17:51:45',1),(716,1950,6,'2017-02-13 17:54:44',0,1578.125,'2017-02-13 17:54:44','2017-02-13 17:54:44',1),(717,1951,6,'2017-02-13 17:57:24',0,1578.125,'2017-02-13 17:57:24','2017-02-13 17:57:24',1),(718,1935,3,'2017-02-13 21:41:27',0,2585.275,'2017-02-13 21:41:27','2017-02-13 21:41:27',1),(719,1936,3,'2017-02-13 21:43:32',0,1104.688,'2017-02-13 21:43:32','2017-02-13 21:43:32',1),(720,1952,1,'2017-02-18 19:34:43',0,1100000,'2017-02-18 19:34:43','2017-02-18 19:34:43',1),(721,4034,31,'2017-02-18 19:57:01',0,6847.5,'2017-02-18 19:57:01','2017-02-18 19:57:01',1),(722,4035,31,'2017-02-18 19:58:49',0,7087.5,'2017-02-18 19:58:49','2017-02-18 19:58:49',1),(723,1956,6,'2017-02-20 17:16:46',0,1935.344,'2017-02-20 17:16:46','2017-02-20 17:16:46',1),(724,4037,1,'2017-02-20 17:27:04',0,1575,'2017-02-20 17:27:04','2017-02-20 17:27:04',1),(725,1957,1,'2017-02-25 20:15:57',0,19250,'2017-02-25 20:15:57','2017-02-25 20:15:57',1),(726,1958,1,'2017-02-27 17:57:21',0,128640,'2017-02-27 17:57:21','2017-02-27 17:57:21',1),(727,1959,36,'2017-02-27 18:05:50',0,13379.667,'2017-02-27 18:05:50','2017-02-27 18:05:50',1),(728,4038,31,'2017-02-27 18:11:11',0,10825,'2017-02-27 18:11:11','2017-02-27 18:11:11',1),(729,4039,31,'2017-02-27 18:13:37',0,1705,'2017-02-27 18:13:37','2017-02-27 18:13:37',1),(730,4040,1,'2017-02-27 18:19:04',0,1000,'2017-02-27 18:19:04','2017-02-27 18:19:04',1),(731,4041,1,'2017-02-27 18:22:30',0,12600,'2017-02-27 18:22:30','2017-02-27 18:22:30',1),(732,1963,3,'2017-02-28 23:11:18',0,1354.741,'2017-02-28 23:11:18','2017-02-28 23:11:18',1),(733,1962,1,'2017-02-28 23:16:01',0,19250,'2017-02-28 23:16:01','2017-02-28 23:16:01',1),(734,1961,1,'2017-03-06 16:34:55',0,19250,'2017-03-06 16:34:55','2017-03-06 16:34:55',1),(735,1965,1,'2017-03-06 16:55:52',0,88782,'2017-03-06 16:55:52','2017-03-06 16:55:52',1),(736,1966,6,'2017-03-06 17:00:13',0,1578.125,'2017-03-06 17:00:13','2017-03-06 17:00:13',1),(737,4042,1,'2017-03-06 17:04:15',0,5115,'2017-03-06 17:04:15','2017-03-06 17:04:15',1),(738,4043,31,'2017-03-06 17:09:01',0,7000,'2017-03-06 17:09:01','2017-03-06 17:09:01',1),(739,4044,31,'2017-03-06 17:14:29',0,7000,'2017-03-06 17:14:29','2017-03-06 17:14:29',1),(740,4045,1,'2017-03-06 17:16:41',0,1575,'2017-03-06 17:16:41','2017-03-06 17:16:41',1),(741,4046,31,'2017-03-06 17:20:30',0,1705,'2017-03-06 17:20:30','2017-03-06 17:20:30',1),(742,4047,31,'2017-03-06 17:58:36',0,1387.5,'2017-03-06 17:55:23','2017-03-06 17:55:23',1),(743,4048,31,'2017-03-06 18:06:07',0,2835,'2017-03-06 18:06:07','2017-03-06 18:06:07',1),(744,4049,31,'2017-03-06 18:10:00',0,5440,'2017-03-06 18:10:00','2017-03-06 18:10:00',1),(745,1960,6,'2017-03-06 18:53:53',0,1578.125,'2017-03-06 18:53:53','2017-03-06 18:53:53',1);
/*!40000 ALTER TABLE `plan_pago_venta` ENABLE KEYS */;
UNLOCK TABLES;

--
-- Table structure for table `precio`
--

DROP TABLE IF EXISTS `precio`;
/*!40101 SET @saved_cs_client     = @@character_set_client */;
/*!40101 SET character_set_client = utf8 */;
CREATE TABLE `precio` (
  `id` int(11) NOT NULL AUTO_INCREMENT,
  `producto_id` int(11) NOT NULL,
  `monto` double NOT NULL,
  `activo` tinyint(1) NOT NULL DEFAULT '1',
  `created_at` timestamp NULL DEFAULT NULL,
  `updated_at` timestamp NULL DEFAULT NULL,
  PRIMARY KEY (`id`),
  KEY `fk_precio_producto1_idx` (`producto_id`),
  CONSTRAINT `fk_precio_producto1` FOREIGN KEY (`producto_id`) REFERENCES `producto` (`id`) ON DELETE NO ACTION ON UPDATE NO ACTION
) ENGINE=InnoDB AUTO_INCREMENT=469 DEFAULT CHARSET=utf8;
/*!40101 SET character_set_client = @saved_cs_client */;

--
-- Dumping data for table `precio`
--

LOCK TABLES `precio` WRITE;
/*!40000 ALTER TABLE `precio` DISABLE KEYS */;
INSERT INTO `precio` VALUES (2,1,155172.4137931034,1,'2015-05-18 23:04:31','2015-05-18 23:04:31'),(3,2,113015.51724137932,1,'2015-05-18 23:06:49','2015-05-18 23:06:49'),(4,3,616379.3103448276,1,'2015-05-18 23:09:03','2015-05-18 23:09:03'),(5,4,74913.79310344828,1,'2015-05-18 23:09:02','2015-05-18 23:09:02'),(6,5,74913.79310344828,1,'2015-05-18 23:09:02','2015-05-18 23:09:02'),(7,6,84396.55172413794,1,'2015-05-18 23:09:02','2015-05-18 23:09:02'),(8,7,84396.55172413794,1,'2015-05-18 23:09:02','2015-05-18 23:09:02'),(9,8,84396.55172413794,1,'2015-05-18 23:09:02','2015-05-18 23:09:02'),(10,9,84396.55172413794,1,'2015-05-18 23:09:02','2015-05-18 23:09:02'),(11,10,84396.55172413794,1,'2015-05-18 23:09:02','2015-05-18 23:09:02'),(12,11,84396.55172413794,1,'2015-05-18 23:09:02','2015-05-18 23:09:02'),(13,12,84396.55172413794,1,'2015-05-18 23:09:02','2015-05-18 23:09:02'),(14,13,84396.55172413794,1,'2015-05-18 23:09:02','2015-05-18 23:09:02'),(15,14,84396.55172413794,1,'2015-05-18 23:09:02','2015-05-18 23:09:02'),(16,15,59267.24137931035,1,'2015-05-18 23:09:02','2015-05-18 23:09:02'),(17,16,59267.24137931035,1,'2015-05-18 23:09:02','2015-05-18 23:09:02'),(18,17,59248.27586206897,1,'2015-05-18 23:09:02','2015-05-18 23:09:02'),(19,18,84396.55172413794,1,'2015-05-18 23:09:02','2015-05-18 23:09:02'),(20,19,84396.55172413794,1,'2015-05-18 23:09:02','2015-05-18 23:09:02'),(21,20,59248.27586206897,1,'2015-05-18 23:09:02','2015-05-18 23:09:02'),(22,21,64719.8275862069,1,'2015-05-18 23:09:02','2015-05-18 23:09:02'),(23,22,64719.8275862069,1,'2015-05-18 23:09:02','2015-05-18 23:09:02'),(24,23,59248.27586206897,1,'2015-05-18 23:09:02','2015-05-18 23:09:02'),(25,24,59248.27586206897,1,'2015-05-18 23:09:02','2015-05-18 23:09:02'),(26,25,59248.27586206897,1,'2015-05-18 23:09:02','2015-05-18 23:09:02'),(27,26,56422.41379310345,1,'2015-05-18 23:09:02','2015-05-18 23:09:02'),(28,27,56422.41379310345,1,'2015-05-18 23:09:02','2015-05-18 23:09:02'),(29,28,56422.41379310345,1,'2015-05-18 23:09:02','2015-05-18 23:09:02'),(30,29,56422.41379310345,1,'2015-05-18 23:09:02','2015-05-18 23:09:02'),(31,30,56422.41379310345,1,'2015-05-18 23:09:02','2015-05-18 23:09:02'),(32,31,56422.41379310345,1,'2015-05-18 23:09:02','2015-05-18 23:09:02'),(33,32,56422.41379310345,1,'2015-05-18 23:09:02','2015-05-18 23:09:02'),(34,33,56422.41379310345,1,'2015-05-18 23:09:02','2015-05-18 23:09:02'),(35,34,56422.41379310345,1,'2015-05-18 23:09:02','2015-05-18 23:09:02'),(36,35,56422.41379310345,1,'2015-05-18 23:09:02','2015-05-18 23:09:02'),(37,36,56422.41379310345,1,'2015-05-18 23:09:02','2015-05-18 23:09:02'),(38,37,56422.41379310345,1,'2015-05-18 23:09:02','2015-05-18 23:09:02'),(39,38,56422.41379310345,1,'2015-05-18 23:09:02','2015-05-18 23:09:02'),(40,39,56422.41379310345,1,'2015-05-18 23:09:02','2015-05-18 23:09:02'),(41,40,56422.41379310345,1,'2015-05-18 23:09:02','2015-05-18 23:09:02'),(42,41,56422.41379310345,1,'2015-05-18 23:09:02','2015-05-18 23:09:02'),(43,42,56422.41379310345,1,'2015-05-18 23:09:02','2015-05-18 23:09:02'),(44,43,56422.41379310345,1,'2015-05-18 23:09:02','2015-05-18 23:09:02'),(45,44,56422.41379310345,1,'2015-05-18 23:09:02','2015-05-18 23:09:02'),(46,45,56422.41379310345,1,'2015-05-18 23:09:02','2015-05-18 23:09:02'),(47,46,56422.41379310345,1,'2015-05-18 23:09:02','2015-05-18 23:09:02'),(48,47,56422.41379310345,1,'2015-05-18 23:09:02','2015-05-18 23:09:02'),(49,48,56422.41379310345,1,'2015-05-18 23:09:02','2015-05-18 23:09:02'),(50,49,56422.41379310345,1,'2015-05-18 23:09:02','2015-05-18 23:09:02'),(51,50,56422.41379310345,1,'2015-05-18 23:09:02','2015-05-18 23:09:02'),(52,51,56422.41379310345,1,'2015-05-18 23:09:02','2015-05-18 23:09:02'),(53,52,56422.41379310345,1,'2015-05-18 23:09:02','2015-05-18 23:09:02'),(54,53,56422.41379310345,1,'2015-05-18 23:09:02','2015-05-18 23:09:02'),(55,54,56422.41379310345,1,'2015-05-18 23:09:02','2015-05-18 23:09:02'),(56,55,56422.41379310345,1,'2015-05-18 23:09:02','2015-05-18 23:09:02'),(57,56,56422.41379310345,1,'2015-05-18 23:09:02','2015-05-18 23:09:02'),(58,57,56422.41379310345,1,'2015-05-18 23:09:02','2015-05-18 23:09:02'),(59,58,56422.41379310345,1,'2015-05-18 23:09:02','2015-05-18 23:09:02'),(60,59,64719.8275862069,1,'2015-05-18 23:09:02','2015-05-18 23:09:02'),(61,60,56422.41379310345,1,'2015-05-18 23:09:02','2015-05-18 23:09:02'),(62,61,56422.41379310345,1,'2015-05-18 23:09:02','2015-05-18 23:09:02'),(63,62,56422.41379310345,1,'2015-05-18 23:09:02','2015-05-18 23:09:02'),(64,63,56422.41379310345,1,'2015-05-18 23:09:02','2015-05-18 23:09:02'),(65,64,64719.8275862069,1,'2015-05-18 23:09:02','2015-05-18 23:09:02'),(66,65,56422.41379310345,1,'2015-05-18 23:09:02','2015-05-18 23:09:02'),(67,66,56422.41379310345,1,'2015-05-18 23:09:02','2015-05-18 23:09:02'),(68,67,56422.41379310345,1,'2015-05-18 23:09:02','2015-05-18 23:09:02'),(69,68,56422.41379310345,1,'2015-05-18 23:09:02','2015-05-18 23:09:02'),(70,69,56422.41379310345,1,'2015-05-18 23:09:02','2015-05-18 23:09:02'),(71,70,56422.41379310345,1,'2015-05-18 23:09:02','2015-05-18 23:09:02'),(72,71,56422.41379310345,1,'2015-05-18 23:09:02','2015-05-18 23:09:02'),(73,72,56422.41379310345,1,'2015-05-18 23:09:02','2015-05-18 23:09:02'),(74,73,56422.41379310345,1,'2015-05-18 23:09:02','2015-05-18 23:09:02'),(75,74,56422.41379310345,1,'2015-05-18 23:09:02','2015-05-18 23:09:02'),(76,75,56422.41379310345,1,'2015-05-18 23:09:02','2015-05-18 23:09:02'),(77,76,79162.06896551725,1,'2015-05-18 23:09:02','2015-05-18 23:09:02'),(78,77,79162.06896551725,1,'2015-05-18 23:09:02','2015-05-18 23:09:02'),(79,78,69205.1724137931,1,'2015-05-18 23:09:02','2015-05-18 23:09:02'),(80,79,69205.1724137931,1,'2015-05-18 23:09:02','2015-05-18 23:09:02'),(81,80,69205.1724137931,1,'2015-05-18 23:09:02','2015-05-18 23:09:02'),(82,81,69205.1724137931,1,'2015-05-18 23:09:02','2015-05-18 23:09:02'),(83,82,69205.1724137931,1,'2015-05-18 23:09:02','2015-05-18 23:09:02'),(84,83,69205.1724137931,1,'2015-05-18 23:09:02','2015-05-18 23:09:02'),(85,84,69205.1724137931,1,'2015-05-18 23:09:02','2015-05-18 23:09:02'),(86,85,69205.1724137931,1,'2015-05-18 23:09:02','2015-05-18 23:09:02'),(87,86,69205.1724137931,1,'2015-05-18 23:09:02','2015-05-18 23:09:02'),(88,87,69205.1724137931,1,'2015-05-18 23:09:02','2015-05-18 23:09:02'),(89,88,69205.1724137931,1,'2015-05-18 23:09:02','2015-05-18 23:09:02'),(90,89,69205.1724137931,1,'2015-05-18 23:09:02','2015-05-18 23:09:02'),(91,90,69205.1724137931,1,'2015-05-18 23:09:02','2015-05-18 23:09:02'),(92,91,69205.1724137931,1,'2015-05-18 23:09:02','2015-05-18 23:09:02'),(93,92,69205.1724137931,1,'2015-05-18 23:09:02','2015-05-18 23:09:02'),(94,93,69205.1724137931,1,'2015-05-18 23:09:02','2015-05-18 23:09:02'),(95,94,69205.1724137931,1,'2015-05-18 23:09:02','2015-05-18 23:09:02'),(96,95,69205.1724137931,1,'2015-05-18 23:09:02','2015-05-18 23:09:02'),(97,96,69205.1724137931,1,'2015-05-18 23:09:02','2015-05-18 23:09:02'),(98,97,69205.1724137931,1,'2015-05-18 23:09:02','2015-05-18 23:09:02'),(99,98,69205.1724137931,1,'2015-05-18 23:09:02','2015-05-18 23:09:02'),(100,99,69205.1724137931,1,'2015-05-18 23:09:02','2015-05-18 23:09:02'),(101,100,69205.1724137931,1,'2015-05-18 23:09:02','2015-05-18 23:09:02'),(102,101,69205.1724137931,1,'2015-05-18 23:09:02','2015-05-18 23:09:02'),(103,102,69205.1724137931,1,'2015-05-18 23:09:02','2015-05-18 23:09:02'),(104,103,69205.1724137931,1,'2015-05-18 23:09:02','2015-05-18 23:09:02'),(105,104,69205.1724137931,1,'2015-05-18 23:09:02','2015-05-18 23:09:02'),(106,105,69205.1724137931,1,'2015-05-18 23:09:02','2015-05-18 23:09:02'),(107,106,69205.1724137931,1,'2015-05-18 23:09:02','2015-05-18 23:09:02'),(108,107,69205.1724137931,1,'2015-05-18 23:09:02','2015-05-18 23:09:02'),(109,108,69205.1724137931,1,'2015-05-18 23:09:02','2015-05-18 23:09:02'),(110,109,69205.1724137931,1,'2015-05-18 23:09:02','2015-05-18 23:09:02'),(111,111,1045474.1379310346,1,'2015-05-19 21:08:40','2015-05-19 21:08:40'),(112,112,616379.3103448276,1,'2015-05-20 14:20:40','2015-05-20 14:20:40'),(113,113,806034.4827586208,1,'2015-05-20 14:25:18','2015-05-20 14:25:18'),(114,114,616379.3103448276,1,'2015-05-20 14:47:31','2015-05-20 14:47:31'),(115,115,95636.20689655172,1,'2015-05-20 17:31:02','2015-05-20 17:31:02'),(116,116,95636.20689655172,1,'2015-05-20 17:31:02','2015-05-20 17:31:02'),(117,117,95636.20689655172,1,'2015-05-20 17:31:02','2015-05-20 17:31:02'),(118,118,95636.20689655172,1,'2015-05-20 17:31:02','2015-05-20 17:31:02'),(119,119,95636.20689655172,1,'2015-05-20 17:31:02','2015-05-20 17:31:02'),(120,120,95636.20689655172,1,'2015-05-20 17:31:02','2015-05-20 17:31:02'),(121,121,95636.20689655172,1,'2015-05-20 17:31:02','2015-05-20 17:31:02'),(122,122,95636.20689655172,1,'2015-05-20 17:31:02','2015-05-20 17:31:02'),(123,123,95636.20689655172,1,'2015-05-20 17:31:02','2015-05-20 17:31:02'),(124,124,95636.20689655172,1,'2015-05-20 17:31:02','2015-05-20 17:31:02'),(125,125,95636.20689655172,1,'2015-05-20 17:31:02','2015-05-20 17:31:02'),(126,126,95636.20689655172,1,'2015-05-20 17:31:02','2015-05-20 17:31:02'),(127,127,95636.20689655172,1,'2015-05-20 17:31:02','2015-05-20 17:31:02'),(128,128,95636.20689655172,1,'2015-05-20 17:31:02','2015-05-20 17:31:02'),(129,129,95636.20689655172,1,'2015-05-20 17:31:02','2015-05-20 17:31:02'),(130,130,95636.20689655172,1,'2015-05-20 17:31:02','2015-05-20 17:31:02'),(131,131,95636.20689655172,1,'2015-05-20 17:31:02','2015-05-20 17:31:02'),(132,132,95636.20689655172,1,'2015-05-20 17:31:02','2015-05-20 17:31:02'),(133,133,95636.20689655172,1,'2015-05-20 17:31:02','2015-05-20 17:31:02'),(134,134,95636.20689655172,1,'2015-05-20 17:31:02','2015-05-20 17:31:02'),(135,135,95636.20689655172,1,'2015-05-20 17:31:02','2015-05-20 17:31:02'),(136,136,95636.20689655172,1,'2015-05-20 17:31:02','2015-05-20 17:31:02'),(137,137,95636.20689655172,1,'2015-05-20 17:31:02','2015-05-20 17:31:02'),(138,138,95636.20689655172,1,'2015-05-20 17:31:02','2015-05-20 17:31:02'),(139,139,95636.20689655172,1,'2015-05-20 17:31:02','2015-05-20 17:31:02'),(140,140,95636.20689655172,1,'2015-05-20 17:31:02','2015-05-20 17:31:02'),(141,141,95636.20689655172,1,'2015-05-20 17:31:02','2015-05-20 17:31:02'),(142,142,103437.93103448277,1,'2015-05-20 17:31:02','2015-05-20 17:31:02'),(143,143,103437.93103448277,1,'2015-05-20 17:31:02','2015-05-20 17:31:02'),(144,144,103437.93103448277,1,'2015-05-20 17:31:02','2015-05-20 17:31:02'),(145,145,103437.93103448277,1,'2015-05-20 17:31:02','2015-05-20 17:31:02'),(146,146,103437.93103448277,1,'2015-05-20 17:31:02','2015-05-20 17:31:02'),(147,147,103437.93103448277,1,'2015-05-20 17:31:02','2015-05-20 17:31:02'),(148,148,103437.93103448277,1,'2015-05-20 17:31:02','2015-05-20 17:31:02'),(149,149,103437.93103448277,1,'2015-05-20 17:31:02','2015-05-20 17:31:02'),(150,150,103437.93103448277,1,'2015-05-20 17:31:02','2015-05-20 17:31:02'),(151,151,103437.93103448277,1,'2015-05-20 17:31:02','2015-05-20 17:31:02'),(152,152,103437.93103448277,1,'2015-05-20 17:31:02','2015-05-20 17:31:02'),(153,153,103437.93103448277,1,'2015-05-20 17:31:02','2015-05-20 17:31:02'),(154,154,103437.93103448277,1,'2015-05-20 17:31:02','2015-05-20 17:31:02'),(155,155,103437.93103448277,1,'2015-05-20 17:31:02','2015-05-20 17:31:02'),(156,156,103437.93103448277,1,'2015-05-20 17:31:02','2015-05-20 17:31:02'),(157,157,115158.62068965517,1,'2015-05-20 17:31:02','2015-05-20 17:31:02'),(158,158,114058.62068965517,1,'2015-05-20 17:31:02','2015-05-20 17:31:02'),(159,159,194159.4827586207,1,'2015-05-20 17:31:02','2015-05-20 17:31:02'),(160,160,123218.96551724139,1,'2015-05-20 17:31:02','2015-05-20 17:31:02'),(161,161,616379.3103448276,1,'2015-05-20 21:24:39','2015-05-20 21:24:39'),(162,162,124916.37931034484,1,'2015-05-20 17:31:02','2015-05-20 17:31:02'),(163,163,124916.37931034484,1,'2015-05-20 17:31:02','2015-05-20 17:31:02'),(164,164,124916.37931034484,1,'2015-05-20 17:31:02','2015-05-20 17:31:02'),(165,165,124916.37931034484,1,'2015-05-20 17:31:02','2015-05-20 17:31:02'),(166,166,124916.37931034484,1,'2015-05-20 17:31:02','2015-05-20 17:31:02'),(167,167,124916.37931034484,1,'2015-05-20 17:31:02','2015-05-20 17:31:02'),(168,168,124916.37931034484,1,'2015-05-20 17:31:02','2015-05-20 17:31:02'),(169,169,124916.37931034484,1,'2015-05-20 17:31:02','2015-05-20 17:31:02'),(170,170,124916.37931034484,1,'2015-05-20 17:31:02','2015-05-20 17:31:02'),(171,171,124916.37931034484,1,'2015-05-20 17:31:02','2015-05-20 17:31:02'),(172,172,124916.37931034484,1,'2015-05-20 17:31:02','2015-05-20 17:31:02'),(173,173,124916.37931034484,1,'2015-05-20 17:31:02','2015-05-20 17:31:02'),(174,174,124916.37931034484,1,'2015-05-20 17:31:02','2015-05-20 17:31:02'),(175,175,124916.37931034484,1,'2015-05-20 17:31:02','2015-05-20 17:31:02'),(176,176,124916.37931034484,1,'2015-05-20 17:31:02','2015-05-20 17:31:02'),(177,177,124916.37931034484,1,'2015-05-20 17:31:02','2015-05-20 17:31:02'),(178,178,124916.37931034484,1,'2015-05-20 17:31:02','2015-05-20 17:31:02'),(179,179,124916.37931034484,1,'2015-05-20 17:31:02','2015-05-20 17:31:02'),(180,180,124916.37931034484,1,'2015-05-20 17:31:02','2015-05-20 17:31:02'),(181,181,124916.37931034484,1,'2015-05-20 17:31:02','2015-05-20 17:31:02'),(182,182,124916.37931034484,1,'2015-05-20 17:31:02','2015-05-20 17:31:02'),(183,183,124916.37931034484,1,'2015-05-20 17:31:02','2015-05-20 17:31:02'),(184,184,124916.37931034484,1,'2015-05-20 17:31:02','2015-05-20 17:31:02'),(185,185,124916.37931034484,1,'2015-05-20 17:31:02','2015-05-20 17:31:02'),(186,186,124916.37931034484,1,'2015-05-20 17:31:02','2015-05-20 17:31:02'),(187,187,124916.37931034484,1,'2015-05-20 17:31:02','2015-05-20 17:31:02'),(188,188,124916.37931034484,1,'2015-05-20 17:31:02','2015-05-20 17:31:02'),(189,189,124916.37931034484,1,'2015-05-20 17:31:02','2015-05-20 17:31:02'),(190,190,124916.37931034484,1,'2015-05-20 17:31:02','2015-05-20 17:31:02'),(191,191,124916.37931034484,1,'2015-05-20 17:31:02','2015-05-20 17:31:02'),(192,192,124916.37931034484,1,'2015-05-20 17:31:02','2015-05-20 17:31:02'),(193,193,124916.37931034484,1,'2015-05-20 17:31:02','2015-05-20 17:31:02'),(194,194,124916.37931034484,1,'2015-05-20 17:31:02','2015-05-20 17:31:02'),(195,195,124916.37931034484,1,'2015-05-20 17:31:02','2015-05-20 17:31:02'),(196,196,124916.37931034484,1,'2015-05-20 17:31:02','2015-05-20 17:31:02'),(197,197,124916.37931034484,1,'2015-05-20 17:31:02','2015-05-20 17:31:02'),(198,198,124916.37931034484,1,'2015-05-20 17:31:02','2015-05-20 17:31:02'),(199,199,124916.37931034484,1,'2015-05-20 17:31:02','2015-05-20 17:31:02'),(200,200,123218.96551724139,1,'2015-05-20 17:31:02','2015-05-20 17:31:02'),(201,201,94742.24137931035,1,'2015-05-20 17:31:02','2015-05-20 17:31:02'),(202,202,94742.24137931035,1,'2015-05-20 17:31:02','2015-05-20 17:31:02'),(203,203,94742.24137931035,1,'2015-05-20 17:31:02','2015-05-20 17:31:02'),(204,204,388793.1034482759,1,'2015-05-21 18:02:06','2015-05-21 18:02:06'),(205,205,84396.55172413794,1,'2015-05-21 18:04:15','2015-05-21 18:04:15'),(206,206,60344.8275862069,1,'2015-05-21 18:07:41','2015-05-21 18:07:41'),(207,207,1023189.6551724139,1,'2015-05-21 18:10:49','2015-05-21 18:10:49'),(208,208,1023189.6551724139,1,'2015-05-21 19:19:55','2015-05-21 19:19:55'),(209,209,1023189.6551724139,1,'2015-05-21 19:35:47','2015-05-21 19:35:47'),(210,210,1023189.6551724139,1,'2015-05-21 19:38:42','2015-05-21 19:38:42'),(211,211,1023189.6551724139,1,'2015-05-21 19:40:25','2015-05-21 19:40:25'),(212,212,59248.27586206897,1,'2015-05-21 19:41:14','2015-05-21 19:41:14'),(213,213,647198.275862069,1,'2015-05-21 19:41:49','2015-05-21 19:41:49'),(214,214,59248.27586206897,1,'2015-05-21 19:42:48','2015-05-21 19:42:48'),(215,215,450425.34482758626,1,'2015-05-21 19:44:14','2015-05-21 19:44:14'),(216,216,194159.4827586207,1,'2015-05-21 19:46:35','2015-05-21 19:46:35'),(217,217,197146.55172413794,1,'2015-05-21 19:47:25','2015-05-21 19:47:25'),(218,218,197093.9655172414,1,'2015-05-21 19:48:09','2015-05-21 19:48:09'),(219,219,185431.03448275864,1,'2015-05-21 19:49:07','2015-05-21 19:49:07'),(220,220,123218.96551724139,1,'2015-05-20 17:31:02','2015-05-20 17:31:02'),(221,221,123218.96551724139,1,'2015-05-20 17:31:02','2015-05-20 17:31:02'),(222,222,123218.96551724139,1,'2015-05-20 17:31:02','2015-05-20 17:31:02'),(223,223,123218.96551724139,1,'2015-05-20 17:31:02','2015-05-20 17:31:02'),(224,224,123218.96551724139,1,'2015-05-20 17:31:02','2015-05-20 17:31:02'),(225,225,123218.96551724139,1,'2015-05-20 17:31:02','2015-05-20 17:31:02'),(226,226,123218.96551724139,1,'2015-05-20 17:31:02','2015-05-20 17:31:02'),(227,227,123218.96551724139,1,'2015-05-20 17:31:02','2015-05-20 17:31:02'),(228,228,123218.96551724139,1,'2015-05-20 17:31:02','2015-05-20 17:31:02'),(229,229,123218.96551724139,1,'2015-05-20 17:31:02','2015-05-20 17:31:02'),(230,230,123218.96551724139,1,'2015-05-20 17:31:02','2015-05-20 17:31:02'),(231,231,123218.96551724139,1,'2015-05-20 17:31:02','2015-05-20 17:31:02'),(232,232,123218.96551724139,1,'2015-05-20 17:31:02','2015-05-20 17:31:02'),(233,233,123218.96551724139,1,'2015-05-20 17:31:02','2015-05-20 17:31:02'),(239,234,452.58620689655174,1,'2015-05-23 19:12:53','2015-05-23 19:12:53'),(240,235,836.2068965517242,1,'2015-05-23 19:12:53','2015-05-23 19:12:53'),(241,236,1508.6206896551726,1,'2015-05-23 19:12:53','2015-05-23 19:12:53'),(242,237,504.3103448275862,1,'2015-05-23 19:14:01','2015-05-23 19:14:01'),(243,238,905.1724137931035,1,'2015-05-23 19:14:01','2015-05-23 19:14:01'),(244,239,1663.793103448276,1,'2015-05-23 19:14:01','2015-05-23 19:14:01'),(245,240,741.3793103448277,1,'2015-05-23 19:15:12','2015-05-23 19:15:12'),(246,241,1396.5517241379312,1,'2015-05-23 19:15:12','2015-05-23 19:15:12'),(247,242,2646.551724137931,1,'2015-05-23 19:15:12','2015-05-23 19:15:12'),(248,243,1431.0344827586207,1,'2015-05-23 19:16:58','2015-05-23 19:16:58'),(249,244,2603.4482758620693,1,'2015-05-23 19:16:58','2015-05-23 19:16:58'),(250,245,1702.5862068965519,1,'2015-05-23 19:17:29','2015-05-23 19:17:29'),(251,246,3051.724137931035,1,'2015-05-23 19:17:29','2015-05-23 19:17:29'),(252,247,11719.827586206897,1,'2015-05-27 17:27:29','2015-05-27 17:27:29'),(253,248,2343.9655172413795,1,'2015-05-27 17:27:29','2015-05-27 17:27:29'),(257,261,14063.79310344828,1,'2015-05-27 17:27:29','2015-05-27 17:27:29'),(258,262,73275.86206896552,1,'2015-06-19 16:01:24','2015-06-19 16:01:24'),(260,265,172.41379310344828,1,'2015-06-25 14:55:39','2015-06-25 14:55:39'),(261,266,86.20689655172414,1,'2015-06-25 15:20:15','2015-06-25 15:20:15'),(262,270,7178.95362663496,1,'2015-08-18 15:20:15','2015-08-18 15:20:15'),(264,272,0,1,'2015-08-25 20:14:38','2015-08-25 20:14:38'),(265,273,745.6896551724138,1,'2015-08-25 20:27:15','2015-08-25 20:27:15'),(266,274,1396.5517241379312,1,'2015-08-25 20:27:15','2015-08-25 20:27:15'),(267,275,2646.551724137931,1,'2015-08-25 20:27:15','2015-08-25 20:27:15'),(268,290,29124.13793103448,0,NULL,NULL),(269,291,7391.37931,1,NULL,NULL),(270,292,3698.275862,1,NULL,NULL),(271,293,1487.068966,1,NULL,NULL),(272,294,2478.448276,1,NULL,NULL),(273,295,9675.862069,1,NULL,NULL),(274,296,12075,1,NULL,NULL),(275,297,36515.51724137931,0,'2016-05-10 23:11:15','2016-05-10 23:11:15'),(276,298,32822.41379,0,'2016-05-10 23:33:24','2016-05-10 23:33:24'),(277,299,30611.2069,0,'2016-05-10 23:35:35','2016-05-10 23:35:35'),(278,300,31602.58621,0,'2016-05-10 23:38:39','2016-05-10 23:38:39'),(279,301,41199.13793,0,'2016-05-10 23:44:11','2016-05-10 23:44:11'),(280,302,38800,0,'2016-05-10 23:46:00','2016-05-10 23:46:00'),(281,303,15443.10344827586,1,NULL,NULL),(282,306,16594.8275862069,1,'2016-05-11 17:19:57','2016-05-11 17:19:57'),(283,307,23441.38,1,NULL,NULL),(284,309,21551.72,1,NULL,NULL),(285,310,39703.44828,1,NULL,NULL),(286,311,12931.03448,1,NULL,NULL),(287,312,8620.689655,1,NULL,NULL),(288,313,21551.72414,1,NULL,NULL),(289,314,39698.27586,1,NULL,NULL),(290,315,12931.03448,1,NULL,NULL),(291,316,51724.13793,1,NULL,NULL),(292,317,51724.13793,1,NULL,NULL),(293,318,64719.82759,1,NULL,NULL),(294,319,56422.41379,1,NULL,NULL),(295,320,51775.86207,1,NULL,NULL),(296,321,51775.86207,1,NULL,NULL),(297,322,69205.17241,1,NULL,NULL),(298,323,76509.05172,1,NULL,NULL),(299,324,76508.62069,1,NULL,NULL),(300,325,69774.13793,1,NULL,NULL),(301,326,76515.51724,1,NULL,NULL),(302,327,76508.62069,1,NULL,NULL),(303,328,76515.51724,1,NULL,NULL),(304,329,95636.2069,1,NULL,NULL),(305,330,76508.62069,1,NULL,NULL),(306,331,95636.2069,1,NULL,NULL),(307,332,76508.62069,1,NULL,NULL),(308,333,95636.2069,1,NULL,NULL),(309,334,590732.7586,1,NULL,NULL),(310,335,164841.3793,1,NULL,NULL),(311,336,57173.27586,1,NULL,NULL),(312,337,74885.34483,1,NULL,NULL),(313,338,209181.0345,1,NULL,NULL),(314,302,44725.86,0,NULL,NULL),(315,339,12068.96552,1,NULL,NULL),(316,340,9340.517241,1,NULL,NULL),(317,341,11741.37931,1,NULL,NULL),(318,342,12068.96552,1,NULL,NULL),(319,343,1724.137931,1,NULL,NULL),(320,344,6896.551724,1,NULL,NULL),(321,345,1724.137931,1,NULL,NULL),(322,346,21551.72414,1,NULL,NULL),(323,347,23469.82759,1,NULL,NULL),(324,348,36271.55172,1,NULL,NULL),(326,350,12068.96552,1,NULL,NULL),(327,351,13793.10345,1,NULL,NULL),(328,352,2939.655172,1,NULL,NULL),(329,353,13793.10345,1,NULL,NULL),(330,354,15870.68966,1,NULL,NULL),(331,355,34482.75862,1,NULL,NULL),(332,356,75103.44828,1,NULL,NULL),(333,357,1034.482759,1,NULL,NULL),(334,358,1293.103448,1,NULL,NULL),(335,359,1293.103448,1,NULL,NULL),(336,360,2413.793103,1,NULL,NULL),(337,361,3448.275862,1,NULL,NULL),(338,362,4232.758621,1,NULL,NULL),(339,363,5172.413793,1,NULL,NULL),(340,364,6896.551724,1,NULL,NULL),(341,365,4693.965517,1,NULL,NULL),(343,367,76509,1,'2016-05-31 22:22:41','2016-05-31 22:22:41'),(344,290,32650.86206896552,1,NULL,NULL),(345,297,40041.59482758621,1,NULL,NULL),(346,368,16616.38,1,NULL,NULL),(348,370,45991.379310345,1,'2016-07-14 21:46:05','2016-07-14 21:46:05'),(349,371,67801.724137931,1,'2016-07-14 21:47:00','2016-07-14 21:47:00'),(350,372,83448.275862069,1,'2016-07-14 21:47:38','2016-07-14 21:47:38'),(351,373,141982.75862069,1,'2016-07-14 21:49:53','2016-07-14 21:49:53'),(352,374,163706.89655172,1,'2016-07-14 21:50:38','2016-07-14 21:50:38'),(353,375,187698.27586207,1,'2016-07-14 21:51:54','2016-07-14 21:51:54'),(354,376,266551.72413793,1,'2016-07-14 22:02:46','2016-07-14 22:02:46'),(355,377,37931.034482759,1,'2016-07-15 17:16:34','2016-07-15 17:16:34'),(356,378,47413.793103448,1,'2016-07-15 17:19:01','2016-07-15 17:19:01'),(357,379,56896.551724138,1,'2016-07-15 17:20:15','2016-07-15 17:20:15'),(358,380,154844.82758621,1,'2016-07-15 17:22:32','2016-07-15 17:22:32'),(359,381,193706.89655172,1,'2016-07-15 17:23:58','2016-07-15 17:23:58'),(360,382,18681.034482759,1,'2016-07-15 17:27:47','2016-07-15 17:27:47'),(361,383,23469.827586207,1,'2016-07-15 17:28:11','2016-07-15 17:28:11'),(362,384,30511.206896552,1,'2016-07-15 21:41:34','2016-07-15 21:41:34'),(363,385,28163.793103448,1,'2016-07-15 21:45:52','2016-07-15 21:45:52'),(364,386,38793.103448276,1,'2016-07-15 21:47:08','2016-07-15 21:47:08'),(365,387,12068.965517241,1,'2016-07-15 21:47:42','2016-07-15 21:47:42'),(366,388,12068.965517241,1,'2016-07-15 21:49:05','2016-07-15 21:49:05'),(367,389,15689.655172414,1,'2016-07-15 21:49:48','2016-07-15 21:49:48'),(368,390,14482.75862069,1,'2016-07-15 21:50:32','2016-07-15 21:50:32'),(369,391,12068.965517241,1,'2016-07-15 21:52:15','2016-07-15 21:52:15'),(370,392,12068.965517241,1,'2016-07-15 21:52:42','2016-07-15 21:52:42'),(371,393,15689.655172414,1,'2016-07-15 21:53:39','2016-07-15 21:53:39'),(372,394,14482.75862069,1,'2016-07-15 21:54:05','2016-07-15 21:54:05'),(373,395,9379.3103448276,1,'2016-07-15 21:55:02','2016-07-15 21:55:02'),(374,396,11806.034482759,1,'2016-07-15 21:56:41','2016-07-15 21:56:41'),(375,397,15348.275862069,1,'2016-07-15 21:57:26','2016-07-15 21:57:26'),(376,398,14167.24137931,1,'2016-07-15 21:57:55','2016-07-15 21:57:55'),(377,399,7206.8965517241,1,'2016-07-15 21:58:56','2016-07-15 21:58:56'),(378,400,9379.3103448276,1,'2016-07-15 21:59:33','2016-07-15 21:59:33'),(379,401,12193.103448276,1,'2016-07-15 22:00:09','2016-07-15 22:00:09'),(380,402,11255.172413793,1,'2016-07-15 22:01:09','2016-07-15 22:01:09'),(381,403,2939.6551724138,1,'2016-07-15 22:02:17','2016-07-15 22:02:17'),(382,404,3821.5517241379,1,'2016-07-15 22:03:04','2016-07-15 22:03:04'),(383,405,3527.5862068966,1,'2016-07-15 22:14:28','2016-07-15 22:14:28'),(384,406,4693.9655172414,1,'2016-07-15 22:15:21','2016-07-15 22:15:21'),(385,407,6102.5862068966,1,'2016-07-15 22:15:58','2016-07-15 22:15:58'),(386,408,5632.7586206897,1,'2016-07-15 22:16:33','2016-07-15 22:16:33'),(387,409,2939.6551724138,1,'2016-07-15 22:17:14','2016-07-15 22:17:14'),(388,410,3821.5517241379,1,'2016-07-15 22:17:44','2016-07-15 22:17:44'),(389,411,3527.5862068966,1,'2016-07-15 22:18:12','2016-07-15 22:18:12'),(390,412,1034.4827586207,1,'2016-07-15 22:21:05','2016-07-15 22:21:05'),(391,413,1293.1034482759,1,'2016-07-15 22:22:30','2016-07-15 22:22:30'),(392,414,1293.1034482759,1,'2016-07-15 22:23:06','2016-07-15 22:23:06'),(393,415,2155.1724137931,1,'2016-07-15 22:23:47','2016-07-15 22:23:47'),(394,416,344.8275862069,1,'2016-07-15 22:24:35','2016-07-15 22:24:35'),(395,417,43.103448275862,1,'2016-07-16 15:27:05','2016-07-16 15:27:05'),(396,418,33857.75862068966,1,'2016-07-18 20:32:53','2016-07-18 20:32:53'),(397,419,17241.379310345,1,'2016-07-19 14:15:29','2016-07-19 14:15:29'),(398,420,487596.9827586207,1,'2016-07-19 15:13:57','2016-07-19 15:13:57'),(399,421,13439.655172414,1,'2016-07-19 16:18:36','2016-07-19 16:18:36'),(400,422,200732.75862069,1,'2016-07-19 17:56:15','2016-07-19 17:56:15'),(401,298,36348.71,1,'2016-07-19 17:56:15','2016-07-19 17:56:15'),(402,299,34137.93,1,'2016-07-19 17:56:15','2016-07-19 17:56:15'),(403,300,35129.31,1,'2016-07-19 17:56:15','2016-07-19 17:56:15'),(404,301,42887.93,1,'2016-07-19 17:56:15','2016-07-19 17:56:15'),(405,302,44725.86,1,'2016-07-19 17:56:15','2016-07-19 17:56:15'),(406,423,9030.1724137931,1,'2016-07-20 17:34:01','2016-07-20 17:34:01'),(407,424,3586.2068965517,1,'2016-07-20 20:36:18','2016-07-20 20:36:18'),(408,425,1357.7586206897,1,'2016-07-20 21:09:33','2016-07-20 21:09:33'),(409,426,5387.9310344828,1,'2016-07-20 22:06:18','2016-07-20 22:06:18'),(410,427,25353.448275862,1,'2016-07-20 22:22:13','2016-07-20 22:22:13'),(411,428,38793.103448276,1,'2016-07-20 22:51:28','2016-07-20 22:51:28'),(412,429,50780.172413793,1,'2016-07-27 14:48:27','2016-07-27 14:48:27'),(413,430,76508.620689655,1,'2016-08-01 22:15:38','2016-08-01 22:15:38'),(414,431,6896.5517241379,1,'2016-08-02 17:16:10','2016-08-02 17:16:10'),(415,432,18456.896551724,1,'2016-08-13 19:17:46','2016-08-13 19:17:46'),(416,433,76509.482758621,1,'2016-08-22 15:34:09','2016-08-22 15:34:09'),(417,434,155964.38793103,1,'2016-08-22 18:13:12','2016-08-22 18:13:12'),(418,435,30172.413793103,1,'2016-08-29 15:24:49','2016-08-29 15:24:49'),(419,436,112931.03448276,1,'2016-08-29 16:48:31','2016-08-29 16:48:31'),(420,437,98575.862068966,1,'2016-08-29 16:53:41','2016-08-29 16:53:41'),(421,438,62176.724137931,1,'2016-09-12 16:07:07','2016-09-12 16:07:07'),(422,439,2500,1,'2016-09-12 16:15:35','2016-09-12 16:15:35'),(423,440,15646.551724138,1,'2016-09-19 15:15:08','2016-09-19 15:15:08'),(424,441,16594.8275862069,1,'2016-09-26 19:13:35','2016-09-26 19:13:35'),(425,442,74913.793103448,1,'2016-09-26 19:28:19','2016-09-26 19:28:19'),(426,443,76509.482758621,1,'2016-10-12 17:12:11','2016-10-12 17:12:11'),(427,444,76509.482758621,1,'2016-10-18 14:45:45','2016-10-18 14:45:45'),(428,445,2413.7931034483,1,'2016-10-20 16:10:45','2016-10-20 16:10:45'),(429,446,24765.517241379,1,'2016-10-24 15:49:55','2016-10-24 15:49:55'),(430,447,39698.275862069,1,'2016-10-31 15:55:04','2016-10-31 15:55:04'),(431,448,39698.275862069,1,'2016-10-31 15:55:59','2016-10-31 15:55:59'),(432,449,77586.206896552,1,'2016-11-05 17:17:26','2016-11-05 17:17:26'),(433,450,77586.206896552,1,'2016-11-05 17:17:59','2016-11-05 17:17:59'),(434,451,77500,1,'2016-11-05 18:41:13','2016-11-05 18:41:13'),(435,452,194159.48275862,1,'2016-11-05 18:50:59','2016-11-05 18:50:59'),(436,453,28927.586206897,1,'2016-11-05 19:03:22','2016-11-05 19:03:22'),(437,454,18965.517241379,1,'2016-11-11 17:09:16','2016-11-11 17:09:16'),(438,455,0,1,'2016-11-11 17:10:32','2016-11-11 17:10:32'),(439,456,26575.862068966,1,'2016-11-11 17:15:44','2016-11-11 17:15:44'),(440,457,30116.379310345,1,'2016-11-11 17:16:41','2016-11-11 17:16:41'),(441,458,32651.163793103,1,'2016-11-11 17:17:37','2016-11-11 17:17:37'),(442,459,23840.129310345,1,'2016-11-11 17:19:20','2016-11-11 17:19:20'),(443,460,23840.129310345,1,'2016-11-11 17:20:12','2016-11-11 17:20:12'),(444,461,31896.55172413793,1,'2016-11-11 17:28:17','2016-11-11 17:28:17'),(445,462,46551.72413793103,1,'2016-11-11 17:39:19','2016-11-11 17:39:19'),(446,463,61206.89655172414,1,'2016-11-11 17:41:35','2016-11-11 17:41:35'),(447,464,81959.482758621,1,'2016-11-14 16:09:17','2016-11-14 16:09:17'),(448,465,34482.75862069,1,'2016-11-22 16:20:16','2016-11-22 16:20:16'),(449,466,59913.793103448,1,'2016-11-28 20:33:17','2016-11-28 20:33:17'),(450,467,8663.7931034483,1,'2016-12-05 23:10:22','2016-12-05 23:10:22'),(451,468,64655.172413793,1,'2016-12-05 23:16:20','2016-12-05 23:16:20'),(452,469,77586.206896552,1,'2016-12-05 23:32:35','2016-12-05 23:32:35'),(453,470,23275.862068966,1,'2016-12-19 19:11:14','2016-12-19 19:11:14'),(454,471,12931.034482759,1,'2016-12-19 19:44:50','2016-12-19 19:44:50'),(455,472,79030.172413793,1,'2016-12-19 20:01:35','2016-12-19 20:01:35'),(456,473,194159.48275862,1,'2016-12-26 17:34:14','2016-12-26 17:34:14'),(457,474,12931.034482759,1,'2016-12-26 18:27:57','2016-12-26 18:27:57'),(458,475,4310.3448275862,1,'2016-12-26 18:34:22','2016-12-26 18:34:22'),(459,476,30172.413793103,1,'2017-01-05 15:25:45','2017-01-05 15:25:45'),(460,477,282327.5862069,1,'2017-01-05 18:29:32','2017-01-05 18:29:32'),(461,478,113581.03448276,1,'2017-01-30 15:45:25','2017-01-30 15:45:25'),(462,479,79310.344827586,1,'2017-02-08 17:48:20','2017-02-08 17:48:20'),(463,480,79310.344827586,1,'2017-02-08 17:49:00','2017-02-08 17:49:00'),(464,481,0,1,'2017-02-11 18:00:14','2017-02-11 18:00:14'),(465,482,76412.068965517,1,'2017-02-13 21:40:15','2017-02-13 21:40:15'),(466,483,948275.86206897,1,'2017-02-18 19:21:59','2017-02-18 19:21:59'),(467,484,110896.55172414,1,'2017-02-27 17:56:32','2017-02-27 17:56:32'),(468,485,69205.172413793,1,'2017-02-27 18:03:44','2017-02-27 18:03:44');
/*!40000 ALTER TABLE `precio` ENABLE KEYS */;
UNLOCK TABLES;

--
-- Table structure for table `prestamo`
--

DROP TABLE IF EXISTS `prestamo`;
/*!40101 SET @saved_cs_client     = @@character_set_client */;
/*!40101 SET character_set_client = utf8 */;
CREATE TABLE `prestamo` (
  `id` int(11) NOT NULL AUTO_INCREMENT,
  `monto` double NOT NULL,
  `activo` tinyint(1) NOT NULL DEFAULT '1',
  `empleado_id` int(11) NOT NULL,
  PRIMARY KEY (`id`),
  KEY `fk_prestamo_empleado1_idx` (`empleado_id`),
  CONSTRAINT `fk_prestamo_empleado1` FOREIGN KEY (`empleado_id`) REFERENCES `empleado` (`id`) ON DELETE NO ACTION ON UPDATE NO ACTION
) ENGINE=InnoDB DEFAULT CHARSET=utf8;
/*!40101 SET character_set_client = @saved_cs_client */;

--
-- Dumping data for table `prestamo`
--

LOCK TABLES `prestamo` WRITE;
/*!40000 ALTER TABLE `prestamo` DISABLE KEYS */;
/*!40000 ALTER TABLE `prestamo` ENABLE KEYS */;
UNLOCK TABLES;

--
-- Table structure for table `producto`
--

DROP TABLE IF EXISTS `producto`;
/*!40101 SET @saved_cs_client     = @@character_set_client */;
/*!40101 SET character_set_client = utf8 */;
CREATE TABLE `producto` (
  `id` int(11) NOT NULL AUTO_INCREMENT,
  `departamento_id` int(11) NOT NULL,
  `activo` tinyint(1) NOT NULL DEFAULT '1',
  `servicio` tinyint(1) NOT NULL DEFAULT '0',
  `grabable` tinyint(1) NOT NULL DEFAULT '1',
  `nombre` varchar(100) NOT NULL,
  `porcentaje_comision` double NOT NULL,
  `porcentaje_minimo_comisionable` double NOT NULL,
  `combo` tinyint(1) NOT NULL DEFAULT '0',
  PRIMARY KEY (`id`),
  KEY `fk_producto_departamento1_idx` (`departamento_id`),
  CONSTRAINT `fk_producto_departamento1` FOREIGN KEY (`departamento_id`) REFERENCES `departamento` (`id`) ON DELETE NO ACTION ON UPDATE NO ACTION
) ENGINE=InnoDB AUTO_INCREMENT=486 DEFAULT CHARSET=utf8;
/*!40101 SET character_set_client = @saved_cs_client */;

--
-- Dumping data for table `producto`
--

LOCK TABLES `producto` WRITE;
/*!40000 ALTER TABLE `producto` DISABLE KEYS */;
INSERT INTO `producto` VALUES (1,5,1,0,1,'Cipreses Fila 16 Lote 8',15,30,0),(2,5,1,0,1,'Cipreses Fila K Lote 34',15,30,0),(3,5,1,0,1,'Colinas Norte Elevadas Fila - Lote Q/17',8,30,0),(4,5,1,0,1,'Colinas Sur Fila - Lote 3/502EC',15,30,0),(5,5,1,0,1,'Colinas Sur Fila - Lote 3/563EB',15,30,0),(6,5,1,0,1,'Colinas Sur Fila - Lote 6/548',15,30,0),(7,5,1,0,1,'Colinas Sur Fila - Lote 6/548/A',15,30,0),(8,5,1,0,1,'Colinas Sur Fila - Lote 6/548/B',15,30,0),(9,5,1,0,1,'Colinas Sur Fila - Lote 6/550',15,30,0),(10,5,1,0,1,'Colinas Sur Fila - Lote 6/550/A',15,30,0),(11,5,1,0,1,'Colinas Sur Fila - Lote 6/550/B',15,30,0),(12,5,1,0,1,'Colinas Sur Fila - Lote 6/556',15,30,0),(13,5,1,0,1,'Colinas Sur Fila - Lote 6/556/A',15,30,0),(14,5,1,0,1,'Colinas Sur Fila - Lote 6/556/B',15,30,0),(15,5,1,0,1,'Colinas Sur Fila - Lote 6/693',15,30,0),(16,5,1,0,1,'Colinas Sur Fila - Lote 6/693A',15,30,0),(17,5,1,0,1,'Colinas Sur Fila - Lote 6/826/C',15,30,0),(18,5,1,0,1,'Colinas Sur Fila - Lote 6/827/CD',15,30,0),(19,5,1,0,1,'Colinas Sur Fila - Lote 6/869',15,30,0),(20,5,1,0,1,'Colinas Sur Fila - Lote 6/869/A',15,30,0),(21,5,1,0,1,'Colinas Sur Fila - Lote 6/875/A',15,30,0),(22,5,1,0,1,'Colinas Sur Fila - Lote 6/875/B',15,30,0),(23,5,1,0,1,'Colinas Sur Fila - Lote 6/8C/E1',15,30,0),(24,5,1,0,1,'Colinas Sur Fila - Lote 6/8C/E2',15,30,0),(25,5,1,0,1,'Colinas Sur Fila - Lote 6/921A',15,30,0),(26,5,1,0,1,'Colinas Sur Fila 1 Lote B',15,30,0),(27,5,1,0,1,'Colinas Sur Fila 11 Lote A',15,30,0),(28,5,1,0,1,'Colinas Sur Fila 11 Lote B',15,30,0),(29,5,1,0,1,'Colinas Sur Fila 12 Lote A',15,30,0),(30,5,1,0,1,'Colinas Sur Fila 12 Lote B',15,30,0),(31,5,1,0,1,'Colinas Sur Fila 13 Lote A',15,30,0),(32,5,1,0,1,'Colinas Sur Fila 13 Lote B',15,30,0),(33,5,1,0,1,'Colinas Sur Fila 14 Lote A',15,30,0),(34,5,1,0,1,'Colinas Sur Fila 14 Lote B',15,30,0),(35,5,1,0,1,'Colinas Sur Fila 15 Lote B',15,30,0),(36,5,1,0,1,'Colinas Sur Fila 16 Lote A',15,30,0),(37,5,1,0,1,'Colinas Sur Fila 16 Lote B',15,30,0),(38,5,1,0,1,'Colinas Sur Fila 17 Lote A',15,30,0),(39,5,1,0,1,'Colinas Sur Fila 17 Lote B',15,30,0),(40,5,1,0,1,'Colinas Sur Fila 18 Lote A',15,30,0),(41,5,1,0,1,'Colinas Sur Fila 18 Lote B',15,30,0),(42,5,1,0,1,'Colinas Sur Fila 2 Lote B',15,30,0),(43,5,1,0,1,'Colinas Sur Fila 20 Lote A',15,30,0),(44,5,1,0,1,'Colinas Sur Fila 20 Lote B',15,30,0),(45,5,1,0,1,'Colinas Sur Fila 21 Lote A',15,30,0),(46,5,1,0,1,'Colinas Sur Fila 21 Lote B',15,30,0),(47,5,1,0,1,'Colinas Sur Fila 22 Lote A',15,30,0),(48,5,1,0,1,'Colinas Sur Fila 22 Lote B',15,30,0),(49,5,1,0,1,'Colinas Sur Fila 23 Lote A',15,30,0),(50,5,1,0,1,'Colinas Sur Fila 23 Lote B',15,30,0),(51,5,1,0,1,'Colinas Sur Fila 24 Lote A',15,30,0),(52,5,1,0,1,'Colinas Sur Fila 24 Lote B',15,30,0),(53,5,1,0,1,'Colinas Sur Fila 25 Lote A',15,30,0),(54,5,1,0,1,'Colinas Sur Fila 25 Lote B',15,30,0),(55,5,1,0,1,'Colinas Sur Fila 26 Lote A',15,30,0),(56,5,1,0,1,'Colinas Sur Fila 26 Lote B',15,30,0),(57,5,1,0,1,'Colinas Sur Fila 27 Lote A',15,30,0),(58,5,1,0,1,'Colinas Sur Fila 27 Lote B',15,30,0),(59,5,1,0,1,'Colinas Sur Fila 28 Lote 68A',15,30,0),(60,5,1,0,1,'Colinas Sur Fila 28 Lote A',15,30,0),(61,5,1,0,1,'Colinas Sur Fila 28 Lote B',15,30,0),(62,5,1,0,1,'Colinas Sur Fila 29 Lote A',15,30,0),(63,5,1,0,1,'Colinas Sur Fila 29 Lote B',15,30,0),(64,5,1,0,1,'Colinas Sur Fila 30 Lote 45/A',15,30,0),(65,5,1,0,1,'Colinas Sur Fila 30 Lote A',15,30,0),(66,5,1,0,1,'Colinas Sur Fila 30 Lote B',15,30,0),(67,5,1,0,1,'Colinas Sur Fila 4 Lote A',15,30,0),(68,5,1,0,1,'Colinas Sur Fila 5 Lote A',15,30,0),(69,5,1,0,1,'Colinas Sur Fila 5 Lote B',15,30,0),(70,5,1,0,1,'Colinas Sur Fila 6 Lote A',15,30,0),(71,5,1,0,1,'Colinas Sur Fila 6 Lote B',15,30,0),(72,5,1,0,1,'Colinas Sur Fila 7 Lote A',15,30,0),(73,5,1,0,1,'Colinas Sur Fila 8 Lote A',15,30,0),(74,5,1,0,1,'Colinas Sur Fila 9 Lote A',15,30,0),(75,5,1,0,1,'Colinas Sur Fila 9 Lote B',15,30,0),(76,5,1,0,1,'Colonial Fila 55 Lote A',15,30,0),(77,5,1,0,1,'Colonial Fila 55 Lote E',15,30,0),(78,5,1,0,1,'Colonial Fila 56 Lote 1',15,30,0),(79,5,1,0,1,'Colonial Fila 56 Lote 3',15,30,0),(80,5,1,0,1,'Colonial Fila 58 Lote 8',15,30,0),(81,5,1,0,1,'Colonial Fila 58 Lote 9',15,30,0),(82,5,1,0,1,'Colonial Fila 59 Lote 20',15,30,0),(83,5,1,0,1,'Colonial Fila 60 Lote 13',15,30,0),(84,5,1,0,1,'Colonial Fila 60 Lote 14',15,30,0),(85,5,1,0,1,'Colonial Fila 60 Lote 15',15,30,0),(86,5,1,0,1,'Colonial Fila 60 Lote 16',15,30,0),(87,5,1,0,1,'Colonial Fila 60 Lote 17',15,30,0),(88,5,1,0,1,'Colonial Fila 60 Lote 18',15,30,0),(89,5,1,0,1,'Colonial Fila 60 Lote 19',15,30,0),(90,5,1,0,1,'Colonial Fila 60 Lote 20',15,30,0),(91,5,1,0,1,'Colonial Fila 60 Lote 21',15,30,0),(92,5,1,0,1,'Colonial Fila 60 Lote 22',15,30,0),(93,5,1,0,1,'Colonial Fila 60 Lote 23',15,30,0),(94,5,1,0,1,'Colonial Fila 60 Lote 24',15,30,0),(95,5,1,0,1,'Colonial Fila 61 Lote 15',15,30,0),(96,5,1,0,1,'Colonial Fila 61 Lote 16',15,30,0),(97,5,1,0,1,'Colonial Fila 61 Lote 17',15,30,0),(98,5,1,0,1,'Colonial Fila 61 Lote 18',15,30,0),(99,5,1,0,1,'Colonial Fila 61 Lote 22',15,30,0),(100,5,1,0,1,'Colonial Fila 61 Lote 23',15,30,0),(101,5,1,0,1,'Colonial Fila 61 Lote 24',15,30,0),(102,5,1,0,1,'Colonial Fila 61 Lote 25',15,30,0),(103,5,1,0,1,'Colonial Fila 62 Lote 17',15,30,0),(104,5,1,0,1,'Colonial Fila 62 Lote 18',15,30,0),(105,5,1,0,1,'Colonial Fila 62 Lote 19',15,30,0),(106,5,1,0,1,'Colonial Fila 62 Lote 20',15,30,0),(107,5,1,0,1,'Colonial Fila 62 Lote 21',15,30,0),(108,5,1,0,1,'Colonial Fila 62 Lote 22',15,30,0),(109,5,1,0,1,'Colonial Fila 62 Lote 23',15,30,0),(111,5,1,0,1,'Elevadas De La Paz Fila - Lote 4/T',8,30,0),(112,5,1,0,1,'Elevadas Jardn Del Recuerdo 1 Fila - Lote D8',8,30,0),(113,5,1,0,1,'Elevadas Jardn Del Recuerdo 1 Fila - Lote T5',8,30,0),(114,5,1,0,1,'Elevadas Jardn Del Recuerdo 1 Fila 1 Lote 6',8,30,0),(115,5,1,0,1,'Estrellas Fila A OTE Lote 18',15,30,0),(116,5,1,0,1,'Estrellas Fila A OTE Lote 19',15,30,0),(117,5,1,0,1,'Estrellas Fila A OTE Lote 23',15,30,0),(118,5,1,0,1,'Estrellas Fila A OTE Lote 24',15,30,0),(119,5,1,0,1,'Estrellas Fila A OTE Lote 25',15,30,0),(120,5,1,0,1,'Estrellas Fila A OTE Lote 27',15,30,0),(121,5,1,0,1,'Estrellas Fila B OTE Lote 23',15,30,0),(122,5,1,0,1,'Estrellas Fila B OTE Lote 24',15,30,0),(123,5,1,0,1,'Estrellas Fila B OTE Lote 25',15,30,0),(124,5,1,0,1,'Estrellas Fila B OTE Lote 26',15,30,0),(125,5,1,0,1,'Estrellas Fila B OTE Lote 27',15,30,0),(126,5,1,0,1,'Estrellas Fila I OTE Lote 11',15,30,0),(127,5,1,0,1,'Estrellas Fila I OTE Lote 13',15,30,0),(128,5,1,0,1,'Estrellas Fila I OTE Lote 14',15,30,0),(129,5,1,0,1,'Estrellas Fila I OTE Lote 15',15,30,0),(130,5,1,0,1,'Estrellas Fila I OTE Lote 16',15,30,0),(131,5,1,0,1,'Estrellas Fila I OTE Lote 18',15,30,0),(132,5,1,0,1,'Estrellas Fila I OTE Lote 19',15,30,0),(133,5,1,0,1,'Estrellas Fila I OTE Lote 2',15,30,0),(134,5,1,0,1,'Estrellas Fila I OTE Lote 26',15,30,0),(135,5,1,0,1,'Estrellas Fila I OTE Lote 3',15,30,0),(136,5,1,0,1,'Estrellas Fila II OTE Lote 12',15,30,0),(137,5,1,0,1,'Estrellas Fila II OTE Lote 14',15,30,0),(138,5,1,0,1,'Estrellas Fila II OTE Lote 16',15,30,0),(139,5,1,0,1,'Estrellas Fila II OTE Lote 17',15,30,0),(140,5,1,0,1,'Estrellas Fila II OTE Lote 25',15,30,0),(141,5,1,0,1,'Estrellas Fila II OTE Lote 26',15,30,0),(142,5,1,0,1,'Europeo Fila 22 Lote 2',15,30,0),(143,5,1,0,1,'Europeo Fila H/BIS Lote 1',15,30,0),(144,5,1,0,1,'Europeo Fila H/BIS Lote 10',15,30,0),(145,5,1,0,1,'Europeo Fila H/BIS Lote 11',15,30,0),(146,5,1,0,1,'Europeo Fila H/BIS Lote 12',15,30,0),(147,5,1,0,1,'Europeo Fila H/BIS Lote 13',15,30,0),(148,5,1,0,1,'Europeo Fila H/BIS Lote 14',15,30,0),(149,5,1,0,1,'Europeo Fila H/BIS Lote 15',15,30,0),(150,5,1,0,1,'Europeo Fila H/BIS Lote 16',15,30,0),(151,5,1,0,1,'Europeo Fila H/BIS Lote 2',15,30,0),(152,5,1,0,1,'Europeo Fila H/BIS Lote 3',15,30,0),(153,5,1,0,1,'Europeo Fila H/BIS Lote 4',15,30,0),(154,5,1,0,1,'Europeo Fila H/BIS Lote 6',15,30,0),(155,5,1,0,1,'Europeo Fila H/BIS Lote 8',15,30,0),(156,5,1,0,1,'Europeo Fila H/BIS Lote 9',15,30,0),(157,5,1,0,1,'Europeo Fila VI Lote 14/A',15,30,0),(158,5,1,0,1,'Europeo Fila XXII Lote 6',15,30,0),(159,5,1,0,1,'Exclusivo Estrellas Fila - Lote A',15,30,0),(160,5,1,0,1,'Jardn de la Cruz Fila I Lote 0',15,30,0),(161,5,1,0,1,'Jardn Exclusivo Vii Fila - Lote A/7',8,30,0),(162,5,1,0,1,'Jardn I Fila 0 Lote 2',15,30,0),(163,5,1,0,1,'Jardn I Fila 0 Lote 3',15,30,0),(164,5,1,0,1,'Jardn I Fila 0 Lote 4',15,30,0),(165,5,1,0,1,'Jardn I Fila 0 Lote 5',15,30,0),(166,5,1,0,1,'Jardn I Fila 0 Lote 7',15,30,0),(167,5,1,0,1,'Jardn I Fila 0 Lote 8',15,30,0),(168,5,1,0,1,'Jardn I Fila 0 Lote 9',15,30,0),(169,5,1,0,1,'Jardn I Fila 0 Lote 10',15,30,0),(170,5,1,0,1,'Jardn I Fila 0 Lote 12',15,30,0),(171,5,1,0,1,'Jardn I Fila 0 Lote 13',15,30,0),(172,5,1,0,1,'Jardn I Fila 0 Lote 14',15,30,0),(173,5,1,0,1,'Jardn I Fila 0 Lote 15',15,30,0),(174,5,1,0,1,'Jardn I Fila 0 Lote 18',15,30,0),(175,5,1,0,1,'Jardn I Fila 0 Lote 19',15,30,0),(176,5,1,0,1,'Jardn I Fila 0 Lote 20',15,30,0),(177,5,1,0,1,'Jardn I Fila 0 Lote 21',15,30,0),(178,5,1,0,1,'Jardn I Fila 0 Lote 22',15,30,0),(179,5,1,0,1,'Jardn I Fila 0 Lote 23',15,30,0),(180,5,1,0,1,'Jardn I Fila 0 Lote 24',15,30,0),(181,5,1,0,1,'Jardn I Fila 0 Lote 25',15,30,0),(182,5,1,0,1,'Jardn I Fila 0 Lote 26',15,30,0),(183,5,1,0,1,'Jardn I Fila 0 Lote 27',15,30,0),(184,5,1,0,1,'Jardn I Fila 0 Lote 28',15,30,0),(185,5,1,0,1,'Jardn I Fila 0 Lote 29',15,30,0),(186,5,1,0,1,'Jardn I Fila 0 Lote 30',15,30,0),(187,5,1,0,1,'Jardn I Fila 0 Lote 31',15,30,0),(188,5,1,0,1,'Jardn I Fila 0 Lote 32',15,30,0),(189,5,1,0,1,'Jardn I Fila 0 Lote 33',15,30,0),(190,5,1,0,1,'Jardn I Fila 0 Lote 34',15,30,0),(191,5,1,0,1,'Jardn I Fila 0 Lote 35',15,30,0),(192,5,1,0,1,'Jardn I Fila 0 Lote 36',15,30,0),(193,5,1,0,1,'Jardn I Fila 0 Lote 37',15,30,0),(194,5,1,0,1,'Jardn I Fila 0 Lote 38',15,30,0),(195,5,1,0,1,'Jardn I Fila 0 Lote 39',15,30,0),(196,5,1,0,1,'Jardn I Fila 0 Lote 40',15,30,0),(197,5,1,0,1,'Jardn I Fila 0 Lote 41',15,30,0),(198,5,1,0,1,'Jardn I Fila 0 Lote 42',15,30,0),(199,5,1,0,1,'Jardn I Fila 0 Lote 83',15,30,0),(200,5,1,0,1,'Jardn II Fila 8 Lote 0',15,30,0),(201,5,1,0,1,'Jardn IV Fila 18 Lote 39',15,30,0),(202,5,1,0,1,'Jardn IV Fila IX Lote 54',15,30,0),(203,5,1,0,1,'Jardn IV Fila VII Lote 22',15,30,0),(204,5,1,0,1,'Jardn Privado Guadalupe Fila - Lote 11',15,30,0),(205,5,1,0,1,'Prado Fila - Lote 57A',15,30,0),(206,5,1,0,1,'Prado Fila - Lote 65C',15,30,0),(207,5,1,0,1,'Rotonda Del Recuerdo Fila A Lote 10',8,30,0),(208,5,1,0,1,'Rotonda Del Recuerdo Fila A Lote 11',8,30,0),(209,5,1,0,1,'Rotonda Del Recuerdo Fila A Lote 12',8,30,0),(210,5,1,0,1,'Rotonda Del Recuerdo Fila A Lote 8',8,30,0),(211,5,1,0,1,'Rotonda Del Recuerdo Fila A Lote 9',8,30,0),(212,5,1,0,1,'Sagitario Fila - Lote 148',15,30,0),(213,5,1,0,1,'Sagitario Fila - Lote K-9',8,30,0),(214,5,1,0,1,'Sagitario Fila 1 Lote 161/A',15,30,0),(215,5,1,0,1,'Tradicional B Fila 5 Lote 4',15,30,0),(216,5,1,0,1,'Tradicional Sur Fila B Lote 21',15,30,0),(217,5,1,0,1,'Tradicional Sur Fila H Lote 5',15,30,0),(218,5,1,0,1,'Tradicional Sur Fila H Lote 5A',15,30,0),(219,5,1,0,1,'Tradicional Sur Fila W Lote 9A',15,30,0),(220,5,1,0,1,'Vergel II Fila 0 Lote 1',15,30,0),(221,5,1,0,1,'Vergel II Fila 0 Lote 2',15,30,0),(222,5,1,0,1,'Vergel II Fila 0 Lote 10',15,30,0),(223,5,1,0,1,'Vergel II Fila 0 Lote 14A',15,30,0),(224,5,1,0,1,'Vergel II Fila 0 Lote 15A',15,30,0),(225,5,1,0,1,'Vergel II Fila 0 Lote 16',15,30,0),(226,5,1,0,1,'Vergel II Fila 0 Lote 16A',15,30,0),(227,5,1,0,1,'Vergel III Fila IX Lote 1',15,30,0),(228,5,1,0,1,'Vergel III Fila IX Lote 2',15,30,0),(229,5,1,0,1,'Vergel III Fila IX Lote 3',15,30,0),(230,5,1,0,1,'Vergel III Fila IX Lote 4',15,30,0),(231,5,1,0,1,'Vergel III Fila IX Lote 5',15,30,0),(232,5,1,0,1,'Vergel III Fila V Lote 7',15,30,0),(233,5,1,0,1,'Vergel III Fila IX Lote 10',15,30,0),(234,2,1,1,1,'Mantenimiento trimestral Bajo pasto Sencilla',0,30,1),(235,2,1,1,1,'Mantenimiento Semestral Bajo pasto Sencilla',0,30,1),(236,2,1,1,1,'Mantenimiento Anual Bajo pasto Sencilla',0,30,1),(237,2,1,1,1,'Mantenimiento trimestral Bajo Pasto Doble',0,30,1),(238,2,1,1,1,'Mantenimiento Semestral Bajo Pasto Doble',0,30,1),(239,2,1,1,1,'Mantenimiento Anual Bajo Pasto Doble',0,30,1),(240,2,1,1,1,'Mantenimiento trimestral Capilla Elevada',0,30,1),(241,2,1,1,1,'Mantenimiento Semestral Capilla Elevada',0,30,1),(242,2,1,1,1,'Mantenimiento Anual Capilla Elevada',0,30,1),(243,2,1,1,1,'Mantenimiento Semestral Tradicional Sencilla',0,30,1),(244,2,1,1,1,'Mantenimiento Anual Tradicional Sencilla',0,30,1),(245,2,1,1,1,'Mantenimiento Semestral Tradicional Triple',0,30,1),(246,2,1,1,1,'Mantenimiento Anual Tradicional Triple',0,30,1),(247,5,1,0,1,'Gaveta',12,30,1),(248,5,0,1,1,'Cargo extra gaveta emergencia',0,30,1),(261,5,1,0,1,'Gaveta de emergencia',0,0,0),(262,1,1,0,1,'Mantenimiento trimestre y gaveta',2,1,0),(263,1,1,1,1,'Prueba de producto para paquete',3,1,1),(264,4,1,1,1,'Prstamo de 12 sillas',0,0,1),(265,1,1,0,1,'combo de prueba',5,1,0),(266,1,1,0,1,'otro combo de prueba abc',1,1,0),(267,5,1,1,1,'flores para ataud',0,0,1),(268,7,1,0,1,'cubre ataud',0,1,1),(270,7,1,0,1,'Inhumacion bajo pasto 1 cuerpo',0,0,1),(272,5,1,0,1,'Colinas Sur Fila - Lote 6/757',0,0,0),(273,2,1,0,1,'Mantenimiento trimestral Bajo pasto Sextuple',0,0,0),(274,2,1,0,1,'Mantenimiento Semestral Bajo pasto Sextuple',0,0,0),(275,2,1,0,1,'Mantenimiento Anual Bajo pasto Sextuple',0,0,0),(280,4,1,0,1,'Bajo Pasto sencillo',0,0,0),(281,4,1,0,1,'Bajo Pasto Doble',0,0,0),(282,4,1,0,1,'Bajo Pasto Triple',0,0,0),(283,4,1,0,1,'Bajo Pasto Sextuple',0,0,0),(284,4,1,0,1,'Jardn Privado',0,0,0),(285,4,1,0,1,'Capilla',0,0,0),(286,4,1,0,1,'Tradicional Sencilla',0,0,0),(287,4,1,0,1,'Tradicional Doble',0,0,0),(288,4,1,0,1,'Tradicional Triple',0,0,0),(289,4,1,0,1,'Nicho Estrella',0,0,0),(290,5,1,1,1,'Memorial Opcional',12,0,1),(291,5,1,1,1,'Destape a previsin bajo pasto',0,0,1),(292,5,1,1,1,'Destape a prevision cenizas bajo pasto',0,0,1),(293,5,1,1,1,'Destape a previsin nichos estrella (Aluminio)',0,0,1),(294,5,1,1,1,'Destape a previsin nichos estrellas (mrmol)',0,0,1),(295,5,1,1,1,'Destape a prevision propiedad sin revestimiento',0,0,1),(296,5,1,1,1,'Destape a previsin propiedad con revestimiento',0,0,1),(297,5,1,1,1,'Memorial opcional a previsin bajo pasto',12,30,0),(298,5,1,1,1,'Memorial opcional a previsin cenizas bajo pasto',12,30,0),(299,5,1,1,1,'Memorial opcional  a previsin Nicho Estrella (aluminio)',12,30,0),(300,5,1,1,1,'Memorial opcional a previsin Nicho Estrella (mrmol)',12,30,0),(301,5,1,1,1,'Memorial opcional a previsin propiedad con revestimiento',12,30,0),(302,5,1,1,1,'Memorial opcional a previsin propiedad sin revestimiento',12,30,0),(303,4,1,1,1,'Cremacin directa a previsin',12,30,0),(304,4,1,1,1,'Cremacin',0,0,1),(305,4,1,1,1,'Servicio Cremacion directa',12,30,1),(306,4,1,1,1,'Paquete de cremacion y urna',12,30,0),(307,5,0,0,1,'Gavetas pkc = 1681',12,30,0),(309,5,0,0,1,'NICHO: \"\" Fila: \"A-ACERANTE\" Lote: \"B/7 ',12,30,0),(310,5,0,0,1,'NICHO: \"ESTRELLAS INTERIOR\" Fila: \"A ACERA NTE\" Lote: \"B/5 ',12,30,0),(311,5,0,0,1,'NICHO: \"ESTRELLAS INTERIOR\" Fila: \"A ACERA SUR\" Lote: \"A/7 ',12,30,0),(312,5,0,0,1,'NICHO: \"ESTRELLAS INTERIOR\" Fila: \"A-ACERA SUR \" Lote: \"A/2 ',12,30,0),(313,5,0,0,1,'NICHO: \"ESTRELLAS INTERIOR\" Fila: \"B ACERA SUR\" Lote: \"D/10 ',12,30,0),(314,5,0,0,1,'NICHO: \"ESTRELLAS INTERIOR\" Fila: \"B-ACERA NTE\" Lote: \"B/4 ',12,30,0),(315,5,0,0,1,'NICHO: \"ESTRELLAS INTERIOR\" Fila: \"B-ACERA SUR\" Lote: \"C/6 ',12,30,0),(316,5,0,0,1,'NICHO: \"NICHO CAPILLA S/U\" Fila: \"\" Lote: \" ',12,30,0),(317,5,0,0,1,'NICHO: \"NICHO CAPILLA S/U\" Fila: \"\" Lote: \" ',12,30,0),(318,5,0,0,1,'TERRENOS: \"COLINAS SUR\" Fila: \"\" Lote: \"3/EA0 ',12,30,0),(319,5,0,0,1,'TERRENOS: \"COLINAS SUR\" Fila: \"\" Lote: \"6/548/B ',12,30,0),(320,5,0,0,1,'TERRENOS: \"COLINAS SUR\" Fila: \"57A\" Lote: \"B ',12,30,0),(321,5,0,0,1,'TERRENOS: \"COLINAS SUR\" Fila: \"57A\" Lote: \"C ',12,30,0),(322,5,0,0,1,'TERRENOS: \"COLONIAL\" Fila: \"61\" Lote: \"16 ',12,30,0),(323,5,0,0,1,'TERRENOS: \"ESTRELLAS\" Fila: \"A OTE\" Lote: \"22 ',12,30,0),(324,5,0,0,1,'TERRENOS: \"ESTRELLAS\" Fila: \"A OTE\" Lote: \"23 ',12,30,0),(325,5,0,0,1,'TERRENOS: \"ESTRELLAS\" Fila: \"B OTE\" Lote: \"26 ',12,30,0),(326,5,0,0,1,'TERRENOS: \"ESTRELLAS\" Fila: \"B OTE\" Lote: \"27 ',12,30,0),(327,5,0,0,1,'TERRENOS: \"ESTRELLAS\" Fila: \"I OTE \" Lote: \"12 ',12,30,0),(328,5,0,0,1,'TERRENOS: \"ESTRELLAS\" Fila: \"I OTE\" Lote: \"11 ',12,30,0),(329,5,0,0,1,'TERRENOS: \"ESTRELLAS\" Fila: \"I OTE\" Lote: \"13 ',12,30,0),(330,5,0,0,1,'TERRENOS: \"ESTRELLAS\" Fila: \"I OTE\" Lote: \"18 ',12,30,0),(331,5,0,0,1,'TERRENOS: \"ESTRELLAS\" Fila: \"I OTE\" Lote: \"27 ',12,30,0),(332,5,0,0,1,'TERRENOS: \"ESTRELLAS\" Fila: \"II OTE\" Lote: \"16 ',12,30,0),(333,5,0,0,1,'TERRENOS: \"ESTRELLAS\" Fila: \"II OTE\" Lote: \"17 ',12,30,0),(334,5,0,0,1,'TERRENOS: \"ESTRELLAS\" Fila: \"OTE\" Lote: \"A/E ',12,30,0),(335,5,0,0,1,'TERRENOS: \"EXCLUSIVO ESTRELLAS\" Fila: \"-\" Lote: \"A ',12,30,0),(336,5,0,0,1,'TERRENOS: \"JARDIN DEL RECUERDO 2\" Fila: \"16\" Lote: \"17 ',12,30,0),(337,5,0,0,1,'TERRENOS: \"LOMAS\" Fila: \"1\" Lote: \"26 ',12,30,0),(338,5,0,0,1,'TERRENOS: \"TRADICIONAL A\" Fila: \"22\" Lote: \"11 ',12,30,0),(339,3,0,0,1,'Base de Monolito 3686',12,50,0),(340,3,1,0,1,'Base de monolito color claro',12,50,0),(341,3,1,0,1,'Base de monolito color obscuro',12,50,0),(342,3,1,0,1,'Cabecera con tacn',12,50,0),(343,3,1,1,1,'Mantenimiento de accesorios 3682',12,50,0),(344,3,0,1,1,'Mantenimiento de Capilla elevada 3692',12,50,0),(345,3,0,1,1,'Mantenimiento de Jardin privado 3606',12,50,0),(346,3,0,0,1,'Monolito 3663',12,50,0),(347,3,0,0,1,'Monolito 3681',12,50,0),(348,3,0,0,1,'Monolito 3697',12,50,0),(349,3,1,0,1,'Par de floreros',12,50,0),(350,3,0,0,1,'Floreros especiales 3690',12,50,0),(351,3,0,0,1,'Floreros especiales 3552',12,50,0),(352,3,1,0,1,'Placa 10 x 60',12,50,0),(353,3,0,0,1,'Porta placa 3627',12,50,0),(354,3,0,0,1,'Porta placa con floreros 3632',12,50,0),(355,3,0,0,1,'Recubrimiento tradicional 3598',12,50,0),(356,3,0,0,1,'Recubrimiento tradicional triple 3624',12,50,0),(357,3,0,1,1,'Restauracion 3691',12,50,0),(358,3,0,1,1,'Restauracion 3676',12,50,0),(359,3,0,1,1,'Restauracion 3694',12,50,0),(360,3,0,1,1,'Restauracion 3667',12,50,0),(361,3,0,1,1,'Restauracion 3626',12,50,0),(362,3,0,1,1,'Restauracion 3689',12,50,0),(363,3,0,1,1,'Restauracion 3647',12,50,0),(364,3,0,1,1,'Restauracion 3648',12,50,0),(365,3,1,0,1,'Placa 20 x 60',12,50,0),(367,5,1,0,1,'Estrellas Fila I PTE Lote 26A',12,30,0),(368,5,1,1,1,'Cremacin directa Promocin',12,30,1),(370,3,1,0,1,'Recubrimiento en granito tradicional sencillo 5 gavetas',12,30,0),(371,3,1,0,1,'Recubrimiento en granito tradicional doble 5 gavetas',12,30,0),(372,3,1,0,1,'Recubrimiento en granito tradicional triple 10 gavetas',12,30,0),(373,3,1,0,1,'Recubrimiento en granito jardn privado 5 gavetas 8 osarios',12,30,0),(374,3,1,0,1,'Recubrimiento en granito jardn privado 10 gavetas 8 osarios',12,30,0),(375,3,1,0,1,'Recubrimiento en granito capilla elevada 5 gavetas 4 osarios',12,30,0),(376,3,1,0,1,'Recubrimiento en granito capilla elevada 10 gavetas 8 osarios',12,30,0),(377,3,1,0,1,'Recubrimiento en cantera tradicional sencillo 5 gavetas',12,30,1),(378,3,1,0,1,'Recubrimiento en cantera tradicional doble 5 gavetas',12,30,1),(379,3,1,0,1,'Recubrimiento en cantera tradicional triple 10 gavetas',12,30,1),(380,3,1,0,1,'Recubrimiento en cantera capilla elevada exterior 5 gavetas 4 osarios',12,30,1),(381,3,1,0,1,'Recubrimiento en cantera capilla elevada exterior 10 gavetas 8 osarios',12,30,1),(382,3,1,0,1,'Monolito color claro',12,30,1),(383,3,1,0,1,'Monolito color obscuro',12,30,1),(384,3,1,0,1,'Monolito color Extico',12,30,1),(385,3,1,0,1,'Monolito color extico cafe imperial',12,30,1),(386,3,1,0,1,'Monolito doble imperial',12,30,1),(387,3,1,0,1,'Cabecera con tacn color claro',12,30,1),(388,3,1,0,1,'Cabecera con tacn color obscuro',12,30,1),(389,3,1,0,1,'cabecera con tacn color extico',12,30,1),(390,3,1,0,1,'Cabecera con tacn color extico cafe imperial',12,30,1),(391,3,1,0,1,'Base de monolito con tacn color claro',12,30,1),(392,3,1,0,1,'Base de monolito con tacn color obscuro',12,30,1),(393,3,1,0,1,'Base de monolito con tacn color extico',12,30,1),(394,3,1,0,1,'Base de monolito con tacn color extico caf imperial',12,30,1),(395,3,1,0,1,'Porta placa con floreros color claro',12,30,1),(396,3,1,0,1,'Porta placa con floreros color obscuro',12,30,1),(397,3,1,0,1,'Porta placa con floreros color extico',12,30,1),(398,3,1,0,1,'Porta placa con floreros color extico caf imperial',12,30,1),(399,3,1,0,1,'Porta placa 40 x 60 color claro',12,30,1),(400,3,1,0,1,'Porta placa 40 x 60 color obscuro',12,30,1),(401,3,1,0,1,'Porta placa 40 x 60 color extico',12,30,1),(402,3,1,0,1,'Porta placa 40 x 60 color extico caf imperial ',12,30,1),(403,3,1,0,1,'Placa 10 x 60',12,30,1),(404,3,1,0,1,'Porta placa 10 x 60 color extico',12,30,1),(405,3,1,0,1,'Porta placa 10 x 60 color extico caf imperial',12,30,1),(406,3,1,0,1,'Placa 20 x 60',12,30,1),(407,3,1,0,1,'Placa 20 x 60 color extico',12,30,1),(408,3,1,0,1,'Placa 20 x 60 color extico caf imperial',12,30,1),(409,3,1,0,1,'Par de floreros',12,30,1),(410,3,1,0,1,'Par de floreros color extico',12,30,1),(411,3,1,0,1,'Par de floreros color extico caf imperial',12,30,1),(412,3,1,0,1,'Restauracin porta placa 40 x 60',12,30,1),(413,3,1,0,1,'Restauracin porta placa con floreros',12,30,1),(414,3,1,0,1,'Restauracin cabecera con tacn',12,30,1),(415,3,1,0,1,'Restauracin monolitos',12,30,1),(416,3,1,0,1,'Restauracin placa 10 x 60',12,30,1),(417,3,1,0,1,'Grabado a cincel',12,30,1),(418,5,1,0,1,'Nicho Estrellas Interior Recinto Interior Fila A - Acera sur Columna D/9',12,30,0),(419,5,1,0,1,'Nicho Estrellas Exterior Recinto Exterior Fila - Columna B/13',12,30,0),(420,5,1,0,1,'Estrellas Fila OTE Lote 9 A/E',12,30,0),(421,5,1,0,1,'Traslado directo',12,30,1),(422,5,1,0,1,'Tradicional A Fila 12 Lote 15/A',12,30,0),(423,3,1,0,1,'Restauracin tradicional',12,30,1),(424,3,1,0,1,'Mantenimiento porta placa 40 x 60',12,30,1),(425,3,1,0,1,'Grabado Sand Blast',12,30,1),(426,3,1,0,1,'Tapa de granito',12,30,1),(427,3,1,0,1,'Restauracin de Capilla',12,30,1),(428,3,1,0,1,'Mantenimiento Capilla',12,30,1),(429,5,1,0,1,'Colinas Sur Fila - Lote 6/3/6',12,30,0),(430,5,1,0,1,'Estrellas Fila I OTE Lote 9',12,30,0),(431,3,1,0,1,'Mantenimiento de tradicional',12,30,1),(432,3,1,0,1,'Porta Placa Jumbo con floreros',12,50,1),(433,5,1,0,1,'Estrellas Fila A PTE Lote 26A',12,30,0),(434,5,1,0,1,'Colonial Tradicional Fila - Lote 16 S',12,30,0),(435,5,1,0,1,'Nicho Estrellas Exterior Recinto Exterior Fila - Columna B/2',12,30,0),(436,5,1,0,1,'Colinas Sur Fila - Lote 6/105/5,6',12,30,0),(437,5,1,0,1,'Vergel Iii Fila 9 Lote 10',12,30,0),(438,5,1,0,1,'Balcn De La Tranquilidad Fila 48 Lote 51',12,30,0),(439,3,1,0,1,'Urna de Onix',12,30,1),(440,3,1,0,1,'Porta Placa Jumbo',12,30,1),(441,5,1,0,1,'Paquete de Exhumacion con Cremacion',12,30,1),(442,5,1,0,1,'Colinas Sur Fila - Lote 3/132ed',12,30,0),(443,5,1,0,1,'Estrellas Fila I OTE Lote 8',12,30,0),(444,5,1,0,1,'Estrellas Fila B PTE Lote 26A',12,30,0),(445,3,1,0,1,'Urna',12,50,1),(446,5,1,0,1,'Destape a previsin',12,30,1),(447,5,1,0,1,'Nicho S/ubica Fila - Columna -',12,30,0),(448,5,1,0,1,'Nicho Estrellas Interior Recinto Interior Fila - Columna -',12,30,0),(449,5,1,0,1,'Jardn Exclusivo V Fila 4 Lote 25',12,30,0),(450,5,1,0,1,'Jardn Exclusivo V Fila 4 Lote 26',12,30,0),(451,5,1,0,1,'Balcn De La Tranquilidad Fila 28 Lote 16',12,30,0),(452,5,1,0,1,'Exclusivo Estrellas Fila - Lote B',12,30,0),(453,5,1,0,1,'Nicho Estrellas Interior Recinto Interior Fila A SUR Columna A/8',12,30,0),(454,5,1,1,1,'Servicio Clsico Opcional',12,30,1),(455,5,1,0,1,'Nicho colonial',12,30,1),(456,5,1,0,1,'Servicio Clsico opcional bajo pasto',12,30,1),(457,5,1,1,1,'Servicio Clsico Opcional Sin revestimiento',12,30,1),(458,5,1,1,1,'Servicio clsico opcional con revestimiento',12,30,1),(459,5,1,1,1,'Servicio clsico opcional Nicho c/tapa',12,30,1),(460,5,1,0,1,'Servicio clsico Opcional nicho c/ventana',12,30,1),(461,5,1,0,1,'Paquete 1 Nicho colonial 1 Servicio clsico Opcional',12,30,0),(462,5,1,0,1,'Paquete 1 Nicho Colonial 2 Servicios clsico opcional',12,30,0),(463,5,1,0,1,'Paquete 1 Nicho Colonial 3 Servicios clsico opcional',12,30,0),(464,5,1,0,1,'Jardn I Fila 0 Lote 16',12,30,0),(465,5,1,0,1,'Nicho Estrellas Interior Recinto Interior Fila A NTE Columna B/8',12,30,0),(466,5,1,0,1,'Lomas Fila 15 Lote 45',12,30,0),(467,5,1,1,1,'Destape a Futuro',12,30,1),(468,5,1,0,1,'Jardn Iii Fila 10 Lote 18B',12,30,0),(469,5,1,0,1,'Colinas Sur Fila - Lote 3/125ED6',12,30,0),(470,5,1,1,1,'Servicio Clsico Opcional',12,30,1),(471,5,1,0,1,'Nicho Estrellas Exterior Recinto Exterior Fila - Columna C/3',12,30,0),(472,5,1,0,1,'Balcn De La Tranquilidad Fila B Lote 6A',12,30,0),(473,5,1,0,1,'Exclusivo Estrellas Fila - Lote H',30,12,0),(474,5,1,0,1,'Nicho Colonial Recinto Unico Fila - Columna -',12,30,0),(475,3,1,0,1,'Accesorios',12,30,1),(476,5,1,0,1,'Nicho Estrellas Interior Recinto Interior Fila B SUR Columna A/7',12,30,0),(477,5,1,0,1,'Tradicional A Fila 19 Lote 9',12,30,0),(478,5,1,0,1,'Cipreses Fila 14 Lote 5',12,30,0),(479,5,1,0,1,'Colinas Norte Fila Especial Lote F/7',12,30,0),(480,5,1,0,1,'Colinas Norte Fila Eespecial Lote F/5',12,30,0),(481,1,1,0,1,'bbb',0,0,0),(482,5,1,0,1,'Estrellas Fila I OTE Lote 27',12,30,0),(483,3,1,0,1,'Terreno + 2 servicios',9,30,1),(484,5,1,0,1,'Vergel Iii Fila V Lote 11',12,30,0),(485,5,1,0,1,'Colonial Fila 63 Lote 25',12,30,0);
/*!40000 ALTER TABLE `producto` ENABLE KEYS */;
UNLOCK TABLES;

--
-- Table structure for table `producto_contruccion`
--

DROP TABLE IF EXISTS `producto_contruccion`;
/*!40101 SET @saved_cs_client     = @@character_set_client */;
/*!40101 SET character_set_client = utf8 */;
CREATE TABLE `producto_contruccion` (
  `id` int(11) NOT NULL AUTO_INCREMENT,
  `activo` tinyint(4) NOT NULL DEFAULT '1',
  `producto_id` int(11) NOT NULL,
  PRIMARY KEY (`id`),
  KEY `fk_producto_contruccion_producto1_idx` (`producto_id`),
  CONSTRAINT `fk_producto_contruccion_producto1` FOREIGN KEY (`producto_id`) REFERENCES `producto` (`id`) ON DELETE NO ACTION ON UPDATE NO ACTION
) ENGINE=InnoDB AUTO_INCREMENT=3 DEFAULT CHARSET=utf8;
/*!40101 SET character_set_client = @saved_cs_client */;

--
-- Dumping data for table `producto_contruccion`
--

LOCK TABLES `producto_contruccion` WRITE;
/*!40000 ALTER TABLE `producto_contruccion` DISABLE KEYS */;
INSERT INTO `producto_contruccion` VALUES (1,1,247),(2,1,261);
/*!40000 ALTER TABLE `producto_contruccion` ENABLE KEYS */;
UNLOCK TABLES;

--
-- Table structure for table `producto_grafica`
--

DROP TABLE IF EXISTS `producto_grafica`;
/*!40101 SET @saved_cs_client     = @@character_set_client */;
/*!40101 SET character_set_client = utf8 */;
CREATE TABLE `producto_grafica` (
  `id` int(11) NOT NULL AUTO_INCREMENT,
  `nombre` varchar(45) NOT NULL,
  `activo` tinyint(1) NOT NULL DEFAULT '1',
  PRIMARY KEY (`id`)
) ENGINE=InnoDB AUTO_INCREMENT=12 DEFAULT CHARSET=utf8;
/*!40101 SET character_set_client = @saved_cs_client */;

--
-- Dumping data for table `producto_grafica`
--

LOCK TABLES `producto_grafica` WRITE;
/*!40000 ALTER TABLE `producto_grafica` DISABLE KEYS */;
INSERT INTO `producto_grafica` VALUES (1,'Cesion de derecho',1),(2,'Inhumacion',1),(3,'Exhumacion',1),(4,'Extras',1),(5,'Nichos',1),(6,'Terrenos',1),(7,'Gavetas',1),(8,'Mantenimiento',1),(9,'Recubrimiento',1),(10,'Servicios a previsin',1),(11,'Capillas',1);
/*!40000 ALTER TABLE `producto_grafica` ENABLE KEYS */;
UNLOCK TABLES;

--
-- Table structure for table `promotor`
--

DROP TABLE IF EXISTS `promotor`;
/*!40101 SET @saved_cs_client     = @@character_set_client */;
/*!40101 SET character_set_client = utf8 */;
CREATE TABLE `promotor` (
  `id` int(11) NOT NULL AUTO_INCREMENT,
  `promotor_id` int(11) NOT NULL,
  `asesor_id` int(11) NOT NULL,
  PRIMARY KEY (`id`),
  KEY `fk_promomotor_asesor1_idx` (`promotor_id`),
  KEY `fk_promomotor_asesor2_idx` (`asesor_id`),
  CONSTRAINT `fk_promomotor_asesor1` FOREIGN KEY (`promotor_id`) REFERENCES `asesor` (`id`) ON DELETE NO ACTION ON UPDATE NO ACTION,
  CONSTRAINT `fk_promomotor_asesor2` FOREIGN KEY (`asesor_id`) REFERENCES `asesor` (`id`) ON DELETE NO ACTION ON UPDATE NO ACTION
) ENGINE=InnoDB AUTO_INCREMENT=29 DEFAULT CHARSET=utf8;
/*!40101 SET character_set_client = @saved_cs_client */;

--
-- Dumping data for table `promotor`
--

LOCK TABLES `promotor` WRITE;
/*!40000 ALTER TABLE `promotor` DISABLE KEYS */;
INSERT INTO `promotor` VALUES (1,84,84),(2,84,194),(3,84,158),(4,84,135),(5,84,133),(6,64,64),(7,64,19),(8,64,20),(10,64,66),(11,64,65),(12,64,67),(13,64,68),(14,64,69),(15,64,70),(16,64,71),(17,64,72),(18,64,73),(19,64,95),(20,64,99),(21,64,107),(22,64,138),(23,64,140),(24,64,144),(25,64,169),(26,64,181),(27,64,182),(28,84,184);
/*!40000 ALTER TABLE `promotor` ENABLE KEYS */;
UNLOCK TABLES;

--
-- Table structure for table `propiedad_plantada`
--

DROP TABLE IF EXISTS `propiedad_plantada`;
/*!40101 SET @saved_cs_client     = @@character_set_client */;
/*!40101 SET character_set_client = utf8 */;
CREATE TABLE `propiedad_plantada` (
  `id` int(11) NOT NULL AUTO_INCREMENT,
  `fecha` date NOT NULL,
  `venta_mantenimiento_id` int(11) NOT NULL,
  PRIMARY KEY (`id`),
  KEY `fk_propiedad_plantada_venta_mantenimiento1_idx` (`venta_mantenimiento_id`),
  CONSTRAINT `fk_propiedad_plantada_venta_mantenimiento1` FOREIGN KEY (`venta_mantenimiento_id`) REFERENCES `venta_mantenimiento` (`id`) ON DELETE NO ACTION ON UPDATE NO ACTION
) ENGINE=InnoDB DEFAULT CHARSET=utf8;
/*!40101 SET character_set_client = @saved_cs_client */;

--
-- Dumping data for table `propiedad_plantada`
--

LOCK TABLES `propiedad_plantada` WRITE;
/*!40000 ALTER TABLE `propiedad_plantada` DISABLE KEYS */;
/*!40000 ALTER TABLE `propiedad_plantada` ENABLE KEYS */;
UNLOCK TABLES;

--
-- Table structure for table `proveedor`
--

DROP TABLE IF EXISTS `proveedor`;
/*!40101 SET @saved_cs_client     = @@character_set_client */;
/*!40101 SET character_set_client = utf8 */;
CREATE TABLE `proveedor` (
  `id` int(11) NOT NULL AUTO_INCREMENT,
  `nombre` varchar(45) NOT NULL,
  `rfc` varchar(45) DEFAULT NULL,
  `departamento_id` int(11) NOT NULL,
  `activo` tinyint(1) NOT NULL DEFAULT '1',
  PRIMARY KEY (`id`),
  KEY `fk_proveedor_departamento1_idx` (`departamento_id`),
  CONSTRAINT `fk_proveedor_departamento1` FOREIGN KEY (`departamento_id`) REFERENCES `departamento` (`id`) ON DELETE NO ACTION ON UPDATE NO ACTION
) ENGINE=InnoDB AUTO_INCREMENT=6 DEFAULT CHARSET=utf8;
/*!40101 SET character_set_client = @saved_cs_client */;

--
-- Dumping data for table `proveedor`
--

LOCK TABLES `proveedor` WRITE;
/*!40000 ALTER TABLE `proveedor` DISABLE KEYS */;
INSERT INTO `proveedor` VALUES (1,'Piedra Santa S.A. De C.V.',NULL,3,1),(2,'Tenerife S.A. De C.V.',NULL,3,1),(3,'Margran S.A. de C.V.',NULL,3,1),(4,'Global',NULL,3,1),(5,'Marmol y Arte',NULL,3,1);
/*!40000 ALTER TABLE `proveedor` ENABLE KEYS */;
UNLOCK TABLES;

--
-- Table structure for table `puesto`
--

DROP TABLE IF EXISTS `puesto`;
/*!40101 SET @saved_cs_client     = @@character_set_client */;
/*!40101 SET character_set_client = utf8 */;
CREATE TABLE `puesto` (
  `id` int(11) NOT NULL AUTO_INCREMENT,
  `nombre` varchar(45) NOT NULL,
  `departamento_id` int(11) NOT NULL,
  PRIMARY KEY (`id`),
  KEY `fk_puesto_departamento1_idx` (`departamento_id`),
  CONSTRAINT `fk_puesto_departamento1` FOREIGN KEY (`departamento_id`) REFERENCES `departamento` (`id`) ON DELETE NO ACTION ON UPDATE NO ACTION
) ENGINE=InnoDB AUTO_INCREMENT=8 DEFAULT CHARSET=utf8;
/*!40101 SET character_set_client = @saved_cs_client */;

--
-- Dumping data for table `puesto`
--

LOCK TABLES `puesto` WRITE;
/*!40000 ALTER TABLE `puesto` DISABLE KEYS */;
INSERT INTO `puesto` VALUES (1,'Jardinero',2),(2,'Servicios',4),(3,'Marmolero',3),(4,'Limpieza General',2),(5,'Contruccion',4),(6,'Mensajero',6),(7,'Velador',6);
/*!40000 ALTER TABLE `puesto` ENABLE KEYS */;
UNLOCK TABLES;

--
-- Table structure for table `queja`
--

DROP TABLE IF EXISTS `queja`;
/*!40101 SET @saved_cs_client     = @@character_set_client */;
/*!40101 SET character_set_client = utf8 */;
CREATE TABLE `queja` (
  `id` int(11) NOT NULL AUTO_INCREMENT,
  `rubro_id` int(11) NOT NULL,
  `usuario_id` int(11) NOT NULL,
  `descripcion` text NOT NULL,
  `cerrada` tinyint(1) NOT NULL DEFAULT '0',
  `created_at` timestamp NOT NULL DEFAULT CURRENT_TIMESTAMP ON UPDATE CURRENT_TIMESTAMP,
  `updated_at` timestamp NOT NULL DEFAULT '0000-00-00 00:00:00',
  `aplica` tinyint(1) NOT NULL DEFAULT '0',
  `gravedad` tinyint(1) NOT NULL DEFAULT '0',
  `foto` varchar(100) DEFAULT NULL,
  PRIMARY KEY (`id`),
  KEY `fk_queja_usuario1_idx` (`usuario_id`),
  KEY `fk_queja_rubro1_idx` (`rubro_id`),
  CONSTRAINT `fk_queja_rubro1` FOREIGN KEY (`rubro_id`) REFERENCES `rubro` (`id`) ON DELETE NO ACTION ON UPDATE NO ACTION,
  CONSTRAINT `fk_queja_usuario1` FOREIGN KEY (`usuario_id`) REFERENCES `usuario` (`id`) ON DELETE NO ACTION ON UPDATE NO ACTION
) ENGINE=InnoDB AUTO_INCREMENT=56 DEFAULT CHARSET=utf8;
/*!40101 SET character_set_client = @saved_cs_client */;

--
-- Dumping data for table `queja`
--

LOCK TABLES `queja` WRITE;
/*!40000 ALTER TABLE `queja` DISABLE KEYS */;
INSERT INTO `queja` VALUES (1,5,10,'Acomodar placa en Jardin 2 fila 13 lote 10',1,'2015-05-21 16:28:01','2015-05-21 16:28:05',0,0,NULL),(2,6,10,'Florero despegado en Jardn IV fila 10 lote 10',1,'2015-05-21 16:26:01','2015-05-21 16:26:04',0,0,NULL),(3,7,10,'Bajar pieza para correccion Aurora fila 11 lote 12',1,'2015-09-24 15:11:12','2015-09-24 15:11:13',1,0,NULL),(4,18,10,'Checar una pieza faltante Colonial L-202',1,'2015-05-21 16:24:50','2015-05-21 16:24:54',0,0,NULL),(5,18,10,'Retoque de letras por garanta en Vergel fila 3 lote 27',1,'2015-05-21 16:24:01','2015-05-21 16:24:04',0,0,NULL),(6,7,10,'Cabecera despegada en Cipreces fila C lote 42',1,'2015-05-21 16:32:15','2015-05-21 16:32:18',0,0,NULL),(7,6,10,'Pegar Florero Jardin exclusivo VI Fila 4 lote 3',1,'2015-05-21 16:21:39','2015-05-21 16:21:42',0,0,NULL),(8,18,10,'Garanta del mantenimiento, evaluar y checar lo que hace falta en Jardn 1 fila 6 lote 12',1,'2015-05-21 16:31:28','2015-05-21 16:31:31',0,0,NULL),(9,22,10,'Nivelar bien pieza en la propiedad Aurora fila 4 lote 5',1,'2015-05-21 16:19:12','2015-05-21 16:19:15',0,0,NULL),(10,18,10,'Floreros despegados en Colinas Sur L6/660',1,'2015-05-21 16:18:14','2015-05-21 16:18:17',0,0,NULL),(11,22,10,'Poner base inclinada de concreto en Jardin Exclusivo Fila 4 lote 6',1,'2015-05-20 20:26:33','2015-05-20 18:43:18',0,0,NULL),(12,7,6,'Cabecera despegada',1,'2015-05-21 17:48:11','2015-05-21 16:34:40',0,0,NULL),(55,5,7,'La placa que me instalaron le hace falta retoque de letras ya se borro la pintura, favor de checarlo en jardin 1 fila 8 lote 7',1,'2015-09-24 15:10:28','2015-09-24 15:10:29',0,0,NULL);
/*!40000 ALTER TABLE `queja` ENABLE KEYS */;
UNLOCK TABLES;

--
-- Table structure for table `queja_seguimiento`
--

DROP TABLE IF EXISTS `queja_seguimiento`;
/*!40101 SET @saved_cs_client     = @@character_set_client */;
/*!40101 SET character_set_client = utf8 */;
CREATE TABLE `queja_seguimiento` (
  `id` int(11) NOT NULL AUTO_INCREMENT,
  `queja_id` int(11) NOT NULL,
  `usuario_id` int(11) NOT NULL,
  `observaciones` text NOT NULL,
  `created_at` timestamp NOT NULL DEFAULT CURRENT_TIMESTAMP ON UPDATE CURRENT_TIMESTAMP,
  `updated_at` timestamp NOT NULL DEFAULT '0000-00-00 00:00:00',
  `foto` varchar(100) DEFAULT NULL,
  PRIMARY KEY (`id`),
  KEY `fk_seguimiento_queja1_idx` (`queja_id`),
  KEY `fk_seguimiento_usuario1_idx` (`usuario_id`),
  CONSTRAINT `fk_seguimiento_queja1` FOREIGN KEY (`queja_id`) REFERENCES `queja` (`id`) ON DELETE NO ACTION ON UPDATE NO ACTION,
  CONSTRAINT `fk_seguimiento_usuario1` FOREIGN KEY (`usuario_id`) REFERENCES `usuario` (`id`) ON DELETE NO ACTION ON UPDATE NO ACTION
) ENGINE=InnoDB AUTO_INCREMENT=29 DEFAULT CHARSET=utf8;
/*!40101 SET character_set_client = @saved_cs_client */;

--
-- Dumping data for table `queja_seguimiento`
--

LOCK TABLES `queja_seguimiento` WRITE;
/*!40000 ALTER TABLE `queja_seguimiento` DISABLE KEYS */;
INSERT INTO `queja_seguimiento` VALUES (1,11,2,'Ntese que pueden adjuntar una fotografa como evidencia para ste tipo de queja.','2015-05-15 04:09:08','2015-05-15 04:09:08',NULL),(2,8,11,'Referir esta queja a recubrimientos y al realizar el acomodo del monolito se plantara el csped en los contornos del mismo se checo con don Too.','2015-05-16 19:47:13','2015-05-16 18:21:35',NULL),(3,8,7,'Queja movida al departamento de Recubrimientos, al realizar el acomodo del monolito por parte del personal de Recubrimientos, se cerrar la queja.','2015-05-16 19:47:13','2015-05-16 19:41:08',NULL),(6,11,6,'Ya se instal','2015-05-20 18:49:54','2015-05-20 18:43:18',NULL),(8,9,6,'YA QUEDO NIVELADA','2015-05-21 16:19:15','2015-05-21 16:19:15',NULL),(9,7,6,'VARIAS VECES SE HA QUEJADO EL CLIENTE Y FLOREROS ESTAN','2015-05-21 16:21:42','2015-05-21 16:21:42',NULL),(10,5,6,'YA QUEDO TERMINADO EL TRABAJO','2015-05-21 16:24:04','2015-05-21 16:24:04',NULL),(11,4,6,'YA QUEDO SE REPUSO PIEZA FALTANTE DE FLORERO','2015-05-21 16:24:54','2015-05-21 16:24:54',NULL),(12,2,6,'SE PEGO FLORERO ','2015-05-21 16:26:04','2015-05-21 16:26:04',NULL),(13,1,6,'YA QUEDO ESTA PIEZA SUFRE DESIVEL DEBIDO A MAL RELLENO DE CONSTRUCCION ','2015-05-21 16:28:05','2015-05-21 16:28:05',NULL),(14,8,6,'YA QUEDO SE LE DIO LIMPIEZA A MONOLITO','2015-05-21 16:31:31','2015-05-21 16:31:31',NULL),(15,6,6,'YA QUEDO SE PEGO CABECERA ','2015-05-21 16:32:18','2015-05-21 16:32:18',NULL),(16,12,6,'YA QUEDO SE PEGO CABECERA ','2015-05-21 16:35:06','2015-05-21 16:35:06',NULL),(28,55,7,'queja no vlida fue solo de prueba','2015-06-06 14:41:45','2015-06-06 14:41:45',NULL);
/*!40000 ALTER TABLE `queja_seguimiento` ENABLE KEYS */;
UNLOCK TABLES;

--
-- Table structure for table `recibo`
--

DROP TABLE IF EXISTS `recibo`;
/*!40101 SET @saved_cs_client     = @@character_set_client */;
/*!40101 SET character_set_client = utf8 */;
CREATE TABLE `recibo` (
  `id` int(11) NOT NULL AUTO_INCREMENT,
  `venta_id` int(11) NOT NULL,
  `fecha_limite` date NOT NULL,
  `monto` double NOT NULL,
  `cancelado` tinyint(1) NOT NULL DEFAULT '0',
  `pagado` tinyint(1) NOT NULL DEFAULT '0',
  `mensajero` tinyint(1) NOT NULL DEFAULT '0',
  `created_at` timestamp NOT NULL DEFAULT CURRENT_TIMESTAMP,
  `updated_at` timestamp NOT NULL DEFAULT '0000-00-00 00:00:00',
  `facturado` tinyint(1) NOT NULL DEFAULT '0',
  PRIMARY KEY (`id`),
  KEY `venta_id` (`venta_id`),
  CONSTRAINT `venta_id` FOREIGN KEY (`venta_id`) REFERENCES `venta` (`id`) ON DELETE NO ACTION ON UPDATE NO ACTION
) ENGINE=InnoDB AUTO_INCREMENT=2 DEFAULT CHARSET=utf8;
/*!40101 SET character_set_client = @saved_cs_client */;

--
-- Dumping data for table `recibo`
--

LOCK TABLES `recibo` WRITE;
/*!40000 ALTER TABLE `recibo` DISABLE KEYS */;
INSERT INTO `recibo` VALUES (1,1715,'2016-06-23',0,0,0,0,'2016-06-23 15:22:24','2016-06-23 15:22:24',0);
/*!40000 ALTER TABLE `recibo` ENABLE KEYS */;
UNLOCK TABLES;

--
-- Table structure for table `recinto`
--

DROP TABLE IF EXISTS `recinto`;
/*!40101 SET @saved_cs_client     = @@character_set_client */;
/*!40101 SET character_set_client = utf8 */;
CREATE TABLE `recinto` (
  `id` int(11) NOT NULL AUTO_INCREMENT,
  `sector_id` int(11) NOT NULL,
  `nombre` varchar(100) NOT NULL,
  PRIMARY KEY (`id`),
  KEY `fk_recinto_sector1_idx` (`sector_id`),
  CONSTRAINT `fk_recinto_sector1` FOREIGN KEY (`sector_id`) REFERENCES `sector` (`id`) ON DELETE NO ACTION ON UPDATE NO ACTION
) ENGINE=InnoDB AUTO_INCREMENT=11 DEFAULT CHARSET=utf8;
/*!40101 SET character_set_client = @saved_cs_client */;

--
-- Dumping data for table `recinto`
--

LOCK TABLES `recinto` WRITE;
/*!40000 ALTER TABLE `recinto` DISABLE KEYS */;
INSERT INTO `recinto` VALUES (1,22,'San Miguel'),(2,22,'San Juan'),(3,45,'San Pedro'),(4,45,'San Francisco'),(5,45,'San Martn'),(6,22,'San Rodrigo'),(7,22,'Interior'),(8,45,'Exterior'),(9,3,'Unico'),(10,10,'Nicho Capilla');
/*!40000 ALTER TABLE `recinto` ENABLE KEYS */;
UNLOCK TABLES;

--
-- Table structure for table `recubrimiento`
--

DROP TABLE IF EXISTS `recubrimiento`;
/*!40101 SET @saved_cs_client     = @@character_set_client */;
/*!40101 SET character_set_client = utf8 */;
CREATE TABLE `recubrimiento` (
  `id` int(11) NOT NULL AUTO_INCREMENT,
  `producto_id` int(11) NOT NULL,
  `descripcion` varchar(45) NOT NULL,
  PRIMARY KEY (`id`),
  KEY `fk_recubrimiento_producto1_idx` (`producto_id`),
  CONSTRAINT `fk_recubrimiento_producto1` FOREIGN KEY (`producto_id`) REFERENCES `producto` (`id`) ON DELETE NO ACTION ON UPDATE NO ACTION
) ENGINE=InnoDB AUTO_INCREMENT=61 DEFAULT CHARSET=utf8;
/*!40101 SET character_set_client = @saved_cs_client */;

--
-- Dumping data for table `recubrimiento`
--

LOCK TABLES `recubrimiento` WRITE;
/*!40000 ALTER TABLE `recubrimiento` DISABLE KEYS */;
INSERT INTO `recubrimiento` VALUES (1,370,''),(2,371,''),(3,372,''),(4,373,''),(5,374,''),(6,375,''),(7,376,''),(8,377,''),(9,378,''),(10,379,''),(11,380,''),(12,381,''),(13,382,''),(14,383,''),(15,384,''),(16,385,''),(17,386,''),(18,387,''),(19,388,''),(20,389,''),(21,390,''),(22,391,''),(23,392,''),(24,393,''),(25,394,''),(26,395,''),(27,396,''),(28,397,''),(29,398,''),(30,399,''),(31,400,''),(32,401,''),(33,402,''),(34,403,''),(35,404,''),(36,405,''),(37,406,''),(38,407,''),(39,408,''),(40,409,''),(41,410,''),(42,411,''),(43,412,''),(44,413,''),(45,414,''),(46,415,''),(47,416,''),(48,417,'Grabado con cincel'),(49,423,'Restauraciion'),(50,424,'Mantenimiento placa 40 x 60'),(51,425,'Grabado Sand blast'),(52,426,'Tapa de gtanito'),(53,427,'Restauracion Capilla'),(54,428,'Mantenimiento capilla'),(55,431,'Mantenimiento tradicional'),(56,432,'Porta placa Jumbo c/Floreros'),(57,439,'Urna de onix'),(58,440,'Porta placa Jumbo'),(59,475,'Accesorios'),(60,483,'terreno y 2 servicios');
/*!40000 ALTER TABLE `recubrimiento` ENABLE KEYS */;
UNLOCK TABLES;

--
-- Table structure for table `recubrimiento_material`
--

DROP TABLE IF EXISTS `recubrimiento_material`;
/*!40101 SET @saved_cs_client     = @@character_set_client */;
/*!40101 SET character_set_client = utf8 */;
CREATE TABLE `recubrimiento_material` (
  `id` int(11) NOT NULL AUTO_INCREMENT,
  `recubrimiento_id` int(11) NOT NULL,
  `material_id` int(11) NOT NULL,
  PRIMARY KEY (`id`),
  KEY `fk_recubrimiento_caracteristica_recubrimiento1_idx` (`recubrimiento_id`),
  KEY `fk_recubrimiento_material_material1_idx` (`material_id`),
  CONSTRAINT `fk_recubrimiento_caracteristica_recubrimiento1` FOREIGN KEY (`recubrimiento_id`) REFERENCES `recubrimiento` (`id`) ON DELETE NO ACTION ON UPDATE NO ACTION,
  CONSTRAINT `fk_recubrimiento_material_material1` FOREIGN KEY (`material_id`) REFERENCES `material_valor` (`id`) ON DELETE NO ACTION ON UPDATE NO ACTION
) ENGINE=InnoDB DEFAULT CHARSET=utf8;
/*!40101 SET character_set_client = @saved_cs_client */;

--
-- Dumping data for table `recubrimiento_material`
--

LOCK TABLES `recubrimiento_material` WRITE;
/*!40000 ALTER TABLE `recubrimiento_material` DISABLE KEYS */;
/*!40000 ALTER TABLE `recubrimiento_material` ENABLE KEYS */;
UNLOCK TABLES;

--
-- Table structure for table `reposicion`
--

DROP TABLE IF EXISTS `reposicion`;
/*!40101 SET @saved_cs_client     = @@character_set_client */;
/*!40101 SET character_set_client = utf8 */;
CREATE TABLE `reposicion` (
  `id` int(11) NOT NULL AUTO_INCREMENT,
  `motivos` longtext NOT NULL,
  `material_baja_id` int(11) NOT NULL,
  `autoriza_usuario_id` int(11) DEFAULT NULL,
  `created_at` datetime NOT NULL,
  `updated_at` datetime NOT NULL,
  `autorizado` varchar(45) NOT NULL DEFAULT '0',
  `captura_usuario_id` int(11) NOT NULL,
  `precio_reposicion` double NOT NULL,
  PRIMARY KEY (`id`),
  KEY `fk_reposicion_material_baja1_idx` (`material_baja_id`),
  KEY `fk_reposicion_usuario1_idx` (`autoriza_usuario_id`),
  KEY `fk_reposicion_usuario2_idx` (`captura_usuario_id`),
  CONSTRAINT `fk_reposicion_material_baja1` FOREIGN KEY (`material_baja_id`) REFERENCES `material_baja` (`id`) ON DELETE NO ACTION ON UPDATE NO ACTION,
  CONSTRAINT `fk_reposicion_usuario1` FOREIGN KEY (`autoriza_usuario_id`) REFERENCES `usuario` (`id`) ON DELETE NO ACTION ON UPDATE NO ACTION,
  CONSTRAINT `fk_reposicion_usuario2` FOREIGN KEY (`captura_usuario_id`) REFERENCES `usuario` (`id`) ON DELETE NO ACTION ON UPDATE NO ACTION
) ENGINE=InnoDB AUTO_INCREMENT=6 DEFAULT CHARSET=utf8;
/*!40101 SET character_set_client = @saved_cs_client */;

--
-- Dumping data for table `reposicion`
--

LOCK TABLES `reposicion` WRITE;
/*!40000 ALTER TABLE `reposicion` DISABLE KEYS */;
INSERT INTO `reposicion` VALUES (1,'Se quebr la lamina entera, el viento la tumb, prdida de $597',34,NULL,'2016-01-16 11:17:41','2016-01-16 11:17:41','0',7,3002),(2,'Se quebr la lamina entera, el viento la tumb, prdida de $1,409',35,NULL,'2016-01-16 11:22:18','2016-01-16 11:22:18','0',7,1882),(3,' Se quebr la lamina entera, el viento la tumb, prdida de $222',36,NULL,'2016-01-16 11:40:00','2016-01-16 11:40:00','0',7,365.55),(4,' Se quebr la lamina entera, el viento la tumb, prdida de $2669',37,NULL,'2016-01-16 11:42:30','2016-01-16 11:42:30','0',7,3698),(5,'Garanta por robo, autorizado por Moises',69,NULL,'2016-03-10 10:27:53','2016-03-10 10:27:53','0',7,521);
/*!40000 ALTER TABLE `reposicion` ENABLE KEYS */;
UNLOCK TABLES;

--
-- Table structure for table `rol`
--

DROP TABLE IF EXISTS `rol`;
/*!40101 SET @saved_cs_client     = @@character_set_client */;
/*!40101 SET character_set_client = utf8 */;
CREATE TABLE `rol` (
  `id` int(11) NOT NULL AUTO_INCREMENT,
  `nombre` varchar(15) NOT NULL,
  `plantillas` varchar(15) NOT NULL,
  PRIMARY KEY (`id`)
) ENGINE=InnoDB AUTO_INCREMENT=3 DEFAULT CHARSET=utf8;
/*!40101 SET character_set_client = @saved_cs_client */;

--
-- Dumping data for table `rol`
--

LOCK TABLES `rol` WRITE;
/*!40000 ALTER TABLE `rol` DISABLE KEYS */;
INSERT INTO `rol` VALUES (1,'Administrador','1'),(2,'Usuario','2');
/*!40000 ALTER TABLE `rol` ENABLE KEYS */;
UNLOCK TABLES;

--
-- Table structure for table `rubro`
--

DROP TABLE IF EXISTS `rubro`;
/*!40101 SET @saved_cs_client     = @@character_set_client */;
/*!40101 SET character_set_client = utf8 */;
CREATE TABLE `rubro` (
  `id` int(11) NOT NULL AUTO_INCREMENT,
  `departamento_id` int(11) NOT NULL,
  `descripcion` text NOT NULL,
  PRIMARY KEY (`id`),
  KEY `fk_rubro_departamento1_idx` (`departamento_id`),
  CONSTRAINT `fk_rubro_departamento1` FOREIGN KEY (`departamento_id`) REFERENCES `departamento` (`id`) ON DELETE NO ACTION ON UPDATE NO ACTION
) ENGINE=InnoDB AUTO_INCREMENT=24 DEFAULT CHARSET=utf8;
/*!40101 SET character_set_client = @saved_cs_client */;

--
-- Dumping data for table `rubro`
--

LOCK TABLES `rubro` WRITE;
/*!40000 ALTER TABLE `rubro` DISABLE KEYS */;
INSERT INTO `rubro` VALUES (1,2,'Csped'),(2,2,'Limpieza'),(3,2,'Atencin Jardinero'),(4,2,'Garanta'),(5,3,'Placa'),(6,3,'Florero'),(7,3,'Monolito'),(8,3,'Recubrimiento'),(9,3,'Tiempo de entrega'),(10,3,'Instalacin y limpieza'),(11,3,'Material Solicitado'),(12,5,'Atencin al cliente'),(13,5,'Vendedor'),(14,4,'Servicio de Inhumacin'),(15,4,'Servicio de Exhumacin'),(16,7,'Atencin al Cliente'),(17,4,'Personal Operativo'),(18,3,'Garanta'),(19,4,'Otros'),(20,6,'General'),(21,5,'Otros'),(22,3,'Otros'),(23,2,'Otros');
/*!40000 ALTER TABLE `rubro` ENABLE KEYS */;
UNLOCK TABLES;

--
-- Table structure for table `salario`
--

DROP TABLE IF EXISTS `salario`;
/*!40101 SET @saved_cs_client     = @@character_set_client */;
/*!40101 SET character_set_client = utf8 */;
CREATE TABLE `salario` (
  `id` int(11) NOT NULL AUTO_INCREMENT,
  `created_at` datetime DEFAULT NULL,
  `updated_at` datetime DEFAULT NULL,
  `activo` tinyint(1) NOT NULL DEFAULT '1',
  `empleado_id` int(11) NOT NULL,
  `salario_diario` double NOT NULL,
  `salario_semanal` double NOT NULL,
  PRIMARY KEY (`id`),
  KEY `fk_salario_diario_empleado1_idx` (`empleado_id`),
  CONSTRAINT `fk_salario_diario_empleado1` FOREIGN KEY (`empleado_id`) REFERENCES `empleado` (`id`) ON DELETE NO ACTION ON UPDATE NO ACTION
) ENGINE=InnoDB AUTO_INCREMENT=36 DEFAULT CHARSET=utf8;
/*!40101 SET character_set_client = @saved_cs_client */;

--
-- Dumping data for table `salario`
--

LOCK TABLES `salario` WRITE;
/*!40000 ALTER TABLE `salario` DISABLE KEYS */;
INSERT INTO `salario` VALUES (1,NULL,NULL,1,1,188.24,1318),(2,NULL,NULL,1,2,188.24,1318),(3,NULL,NULL,1,3,188.24,1318),(4,NULL,NULL,1,4,188.24,1318),(5,NULL,NULL,1,5,188.24,1318),(6,NULL,NULL,1,6,242.57,1698),(7,NULL,NULL,1,7,188.24,1318),(8,NULL,NULL,1,8,188.24,1318),(9,NULL,NULL,1,9,214.5,1502),(10,NULL,NULL,1,10,188.24,1318),(11,NULL,NULL,1,11,262.86,1840),(12,NULL,NULL,1,12,188.24,1318),(13,NULL,NULL,1,13,188.24,1318),(14,NULL,NULL,1,14,188.24,1318),(15,NULL,NULL,1,15,262.86,1840),(16,NULL,NULL,1,17,614.29,4300),(17,NULL,NULL,1,18,273.57,1915),(18,NULL,NULL,1,19,219,1533),(19,NULL,NULL,1,21,255,1785),(20,NULL,NULL,1,24,215.14,1506),(21,NULL,NULL,1,25,188.24,1318),(22,NULL,NULL,1,26,188.24,1318),(23,NULL,NULL,1,27,188.24,1318),(24,NULL,NULL,1,28,188.24,1318),(25,NULL,NULL,1,29,255,1785),(26,NULL,NULL,1,30,188.24,1318),(27,NULL,NULL,1,31,188.24,1318),(28,NULL,NULL,1,32,188.24,1318),(29,NULL,NULL,1,33,188.24,1318),(30,NULL,NULL,1,34,274,1918),(31,NULL,NULL,1,35,428.57,3000),(32,NULL,NULL,1,36,188.24,1318),(33,NULL,NULL,1,37,188.24,1318),(34,NULL,NULL,1,38,207.14,1450),(35,NULL,NULL,1,39,214.29,1500);
/*!40000 ALTER TABLE `salario` ENABLE KEYS */;
UNLOCK TABLES;

--
-- Table structure for table `sector`
--

DROP TABLE IF EXISTS `sector`;
/*!40101 SET @saved_cs_client     = @@character_set_client */;
/*!40101 SET character_set_client = utf8 */;
CREATE TABLE `sector` (
  `id` int(11) NOT NULL AUTO_INCREMENT,
  `nombre` varchar(100) NOT NULL,
  PRIMARY KEY (`id`)
) ENGINE=InnoDB AUTO_INCREMENT=74 DEFAULT CHARSET=utf8;
/*!40101 SET character_set_client = @saved_cs_client */;

--
-- Dumping data for table `sector`
--

LOCK TABLES `sector` WRITE;
/*!40000 ALTER TABLE `sector` DISABLE KEYS */;
INSERT INTO `sector` VALUES (1,'Aurora'),(2,'Balcn de la Tranquilidad'),(3,'Colonial'),(4,'Colonial Elevadas'),(5,'Colinas Sur'),(6,'Colonial Tradicional'),(7,'Colinas Norte'),(8,'Colinas Norte Elevadas'),(9,'Cipreses'),(10,'Capilla'),(11,'Colinas Sur Talud 2'),(12,'Colinas Sur Elevadas'),(13,'Colinas Sur Tradicional Talud'),(14,'Eternidad'),(15,'Eternidad Bajo Pasto'),(16,'Elevadas De La Paz'),(17,'Encino'),(18,'Elevadas Jardn Del Recuerdo 1'),(19,'Estrellas'),(20,'Eternidad Sur 2'),(22,'Estrellas Interior'),(23,'Eternidad Sur'),(24,'Europeo'),(25,'Exclusivo Estrellas'),(26,'Exclusivo Estrellas A'),(27,'Exclusivo Estrellas B'),(28,'Galeras Lomas'),(29,'Gavetas De La Paz 1'),(30,'Gavetas De La Paz 2'),(31,'Jardn Privado Guadalupe'),(32,'Jardn I'),(33,'Jardn II'),(34,'Jardn III'),(35,'Jardn IV'),(36,'Jardn V'),(37,'Jardn VI'),(38,'Jardn VII'),(39,'Jardn VIII'),(40,'Jardn De La Cruz'),(41,'Jardn Ftima'),(42,'Jardn De La Paz'),(43,'Jardn Del Recuerdo S/U'),(44,'Lomas'),(45,'Estrellas Exterior'),(46,'Nichos'),(47,'Nicho Capilla S/U'),(48,'Prado'),(49,'Prado Tradicional'),(50,'Jardn Del Recuerdo 1 Ampliacin'),(51,'Jardn Del Recuerdo 1'),(52,'Jardn Del Recuerdo 2'),(53,'Jardn Del Recuerdo 3'),(54,'Jardn Del Recuerdo 4'),(55,'Rotonda Guadalupe'),(56,'Rotonda Del Recuerdo'),(57,'Sagitario'),(58,'Elevadas De Sagitario'),(59,'Tradicional A'),(60,'Tradicional B'),(61,'Tradicional Sur'),(62,'Vergel I'),(63,'Vergel II'),(64,'Vergel III'),(65,'Jardn Exclusivo I'),(66,'Jardn Exclusivo II'),(67,'Jardn Exclusivo III'),(68,'Jardn Exclusivo IV'),(69,'Jardn Exclusivo V'),(70,'Jardn Exclusivo VI'),(71,'Jardn Exclusivo VII'),(72,'Exclusivo Elevadas'),(73,'Jardn Exclusivo Privado');
/*!40000 ALTER TABLE `sector` ENABLE KEYS */;
UNLOCK TABLES;

--
-- Table structure for table `seguimiento_venta`
--

DROP TABLE IF EXISTS `seguimiento_venta`;
/*!40101 SET @saved_cs_client     = @@character_set_client */;
/*!40101 SET character_set_client = utf8 */;
CREATE TABLE `seguimiento_venta` (
  `id` int(11) NOT NULL AUTO_INCREMENT,
  `venta_id` int(11) NOT NULL,
  `medio_comunicacion_id` int(11) NOT NULL,
  `observaciones` text NOT NULL,
  `cita` timestamp NOT NULL DEFAULT CURRENT_TIMESTAMP ON UPDATE CURRENT_TIMESTAMP,
  `created_at` timestamp NOT NULL DEFAULT '0000-00-00 00:00:00',
  `updated_at` timestamp NOT NULL DEFAULT '0000-00-00 00:00:00',
  PRIMARY KEY (`id`),
  KEY `fk_seguimiento_venta1_idx` (`venta_id`),
  KEY `fk_seguimiento_medio_de_cominicacion1_idx` (`medio_comunicacion_id`),
  CONSTRAINT `fk_seguimiento_medio_de_cominicacion1` FOREIGN KEY (`medio_comunicacion_id`) REFERENCES `medio_comunicacion` (`id`) ON DELETE NO ACTION ON UPDATE NO ACTION,
  CONSTRAINT `fk_seguimiento_venta1` FOREIGN KEY (`venta_id`) REFERENCES `venta` (`id`) ON DELETE NO ACTION ON UPDATE NO ACTION
) ENGINE=InnoDB DEFAULT CHARSET=utf8;
/*!40101 SET character_set_client = @saved_cs_client */;

--
-- Dumping data for table `seguimiento_venta`
--

LOCK TABLES `seguimiento_venta` WRITE;
/*!40000 ALTER TABLE `seguimiento_venta` DISABLE KEYS */;
/*!40000 ALTER TABLE `seguimiento_venta` ENABLE KEYS */;
UNLOCK TABLES;

--
-- Table structure for table `servicio_funeral`
--

DROP TABLE IF EXISTS `servicio_funeral`;
/*!40101 SET @saved_cs_client     = @@character_set_client */;
/*!40101 SET character_set_client = utf8 */;
CREATE TABLE `servicio_funeral` (
  `id` int(11) NOT NULL AUTO_INCREMENT,
  `producto_id` int(11) NOT NULL,
  `monto_comisionable` double NOT NULL,
  PRIMARY KEY (`id`),
  KEY `fk_servicio_funeral_producto1_idx` (`producto_id`),
  CONSTRAINT `fk_servicio_funeral_producto1` FOREIGN KEY (`producto_id`) REFERENCES `producto` (`id`) ON DELETE NO ACTION ON UPDATE NO ACTION
) ENGINE=InnoDB AUTO_INCREMENT=23 DEFAULT CHARSET=utf8;
/*!40101 SET character_set_client = @saved_cs_client */;

--
-- Dumping data for table `servicio_funeral`
--

LOCK TABLES `servicio_funeral` WRITE;
/*!40000 ALTER TABLE `servicio_funeral` DISABLE KEYS */;
INSERT INTO `servicio_funeral` VALUES (1,290,32650.86206896552),(2,297,32650.86206896552),(3,298,32650.86206896552),(4,299,32650.86206896552),(5,300,32650.86206896552),(6,301,32650.86206896552),(7,302,32650.86206896552),(8,303,15443.10344827586),(9,306,8663.793103448275),(10,368,16616.38),(11,441,8663.793103448275),(12,446,24765.51724137931),(13,454,18965.51724137931),(14,456,18965.51724137931),(15,457,18965.51724137931),(16,458,18965.51724137931),(17,459,18965.51724137931),(18,460,18965.51724137931),(19,461,31896.55172413793),(20,462,46551.72413793103),(21,467,8663.793103448275),(22,470,23275.86206896552);
/*!40000 ALTER TABLE `servicio_funeral` ENABLE KEYS */;
UNLOCK TABLES;

--
-- Table structure for table `stock`
--

DROP TABLE IF EXISTS `stock`;
/*!40101 SET @saved_cs_client     = @@character_set_client */;
/*!40101 SET character_set_client = utf8 */;
CREATE TABLE `stock` (
  `id` int(11) NOT NULL AUTO_INCREMENT,
  `precio_venta` double NOT NULL,
  `activo` tinyint(4) NOT NULL DEFAULT '1',
  `created_at` datetime NOT NULL,
  `updated_at` datetime NOT NULL,
  `material_baja_id` int(11) NOT NULL,
  PRIMARY KEY (`id`),
  KEY `fk_stock_material_baja1_idx` (`material_baja_id`),
  CONSTRAINT `fk_stock_material_baja1` FOREIGN KEY (`material_baja_id`) REFERENCES `material_baja` (`id`) ON DELETE NO ACTION ON UPDATE NO ACTION
) ENGINE=InnoDB DEFAULT CHARSET=utf8;
/*!40101 SET character_set_client = @saved_cs_client */;

--
-- Dumping data for table `stock`
--

LOCK TABLES `stock` WRITE;
/*!40000 ALTER TABLE `stock` DISABLE KEYS */;
/*!40000 ALTER TABLE `stock` ENABLE KEYS */;
UNLOCK TABLES;

--
-- Table structure for table `telefono`
--

DROP TABLE IF EXISTS `telefono`;
/*!40101 SET @saved_cs_client     = @@character_set_client */;
/*!40101 SET character_set_client = utf8 */;
CREATE TABLE `telefono` (
  `id` int(11) NOT NULL AUTO_INCREMENT,
  `cliente_id` int(11) NOT NULL,
  `tipo_telefono_id` int(11) NOT NULL,
  `telefono` varchar(15) NOT NULL,
  `codigo_pais` char(2) NOT NULL DEFAULT '52',
  PRIMARY KEY (`id`),
  KEY `fk_telefono_tipo_telefono1_idx` (`tipo_telefono_id`),
  KEY `cliente_id` (`cliente_id`),
  CONSTRAINT `cliente_id` FOREIGN KEY (`cliente_id`) REFERENCES `cliente` (`id`) ON DELETE NO ACTION ON UPDATE NO ACTION,
  CONSTRAINT `tipo_telefono_id` FOREIGN KEY (`tipo_telefono_id`) REFERENCES `tipo_telefono` (`id`) ON DELETE NO ACTION ON UPDATE NO ACTION
) ENGINE=InnoDB DEFAULT CHARSET=utf8;
/*!40101 SET character_set_client = @saved_cs_client */;

--
-- Dumping data for table `telefono`
--

LOCK TABLES `telefono` WRITE;
/*!40000 ALTER TABLE `telefono` DISABLE KEYS */;
/*!40000 ALTER TABLE `telefono` ENABLE KEYS */;
UNLOCK TABLES;

--
-- Table structure for table `telefono_asesor`
--

DROP TABLE IF EXISTS `telefono_asesor`;
/*!40101 SET @saved_cs_client     = @@character_set_client */;
/*!40101 SET character_set_client = utf8 */;
CREATE TABLE `telefono_asesor` (
  `id` int(11) NOT NULL AUTO_INCREMENT,
  `telefono` varchar(10) NOT NULL,
  `codigo_pais` varchar(2) NOT NULL DEFAULT '52',
  `asesor_id` int(11) NOT NULL,
  `tipo_telefono_id` int(11) NOT NULL,
  PRIMARY KEY (`id`),
  KEY `fk_telefono_asesor_asesor1_idx` (`asesor_id`),
  KEY `fk_telefono_asesor_tipo_telefono1_idx` (`tipo_telefono_id`),
  CONSTRAINT `fk_telefono_asesor_asesor1` FOREIGN KEY (`asesor_id`) REFERENCES `asesor` (`id`) ON DELETE NO ACTION ON UPDATE NO ACTION,
  CONSTRAINT `fk_telefono_asesor_tipo_telefono1` FOREIGN KEY (`tipo_telefono_id`) REFERENCES `tipo_telefono` (`id`) ON DELETE NO ACTION ON UPDATE NO ACTION
) ENGINE=InnoDB AUTO_INCREMENT=3 DEFAULT CHARSET=utf8;
/*!40101 SET character_set_client = @saved_cs_client */;

--
-- Dumping data for table `telefono_asesor`
--

LOCK TABLES `telefono_asesor` WRITE;
/*!40000 ALTER TABLE `telefono_asesor` DISABLE KEYS */;
INSERT INTO `telefono_asesor` VALUES (1,'(811) 563-','52',196,1),(2,'(811) 050-','52',198,1);
/*!40000 ALTER TABLE `telefono_asesor` ENABLE KEYS */;
UNLOCK TABLES;

--
-- Table structure for table `terreno`
--

DROP TABLE IF EXISTS `terreno`;
/*!40101 SET @saved_cs_client     = @@character_set_client */;
/*!40101 SET character_set_client = utf8 */;
CREATE TABLE `terreno` (
  `id` int(11) NOT NULL AUTO_INCREMENT,
  `lote_id` int(11) NOT NULL,
  `sector_id` int(11) NOT NULL,
  `construccion_id` int(11) NOT NULL,
  `largo` double NOT NULL,
  `ancho` double NOT NULL,
  `fila` varchar(8) NOT NULL,
  `lote` varchar(8) NOT NULL,
  PRIMARY KEY (`id`),
  KEY `fk_terereno_lote1_idx` (`lote_id`),
  KEY `fk_terreno_sector1_idx` (`sector_id`),
  KEY `fk_terreno_construccion1_idx` (`construccion_id`),
  CONSTRAINT `fk_terereno_lote1` FOREIGN KEY (`lote_id`) REFERENCES `lote` (`id`) ON DELETE NO ACTION ON UPDATE NO ACTION,
  CONSTRAINT `fk_terreno_construccion1` FOREIGN KEY (`construccion_id`) REFERENCES `construccion` (`id`) ON DELETE NO ACTION ON UPDATE NO ACTION,
  CONSTRAINT `fk_terreno_sector1` FOREIGN KEY (`sector_id`) REFERENCES `sector` (`id`) ON DELETE NO ACTION ON UPDATE NO ACTION
) ENGINE=InnoDB AUTO_INCREMENT=266 DEFAULT CHARSET=utf8;
/*!40101 SET character_set_client = @saved_cs_client */;

--
-- Dumping data for table `terreno`
--

LOCK TABLES `terreno` WRITE;
/*!40000 ALTER TABLE `terreno` DISABLE KEYS */;
INSERT INTO `terreno` VALUES (1,1,9,1,2.5,1,'16','8'),(2,2,9,2,2.5,1,'K','34'),(3,3,8,3,2.5,1,'-','Q/17'),(4,4,5,4,2.5,3,'-','3/502EC'),(5,5,5,5,2.5,3,'-','3/563EB'),(6,6,5,6,2.5,1.75,'-','6/548'),(7,7,5,7,2.5,1.75,'-','6/548/A'),(8,8,5,8,2.5,1.75,'-','6/548/B'),(9,9,5,9,2.5,1.75,'-','6/550'),(10,10,5,10,2.5,1.75,'-','6/550/A'),(11,11,5,11,2.5,1.75,'-','6/550/B'),(12,12,5,12,2.5,1.75,'-','6/556'),(13,13,5,13,2.5,1.75,'-','6/556/A'),(14,14,5,14,2.5,1.75,'-','6/556/B'),(15,15,5,15,2.5,1,'-','6/693'),(16,16,5,16,2.5,1,'-','6/693A'),(17,17,5,17,2.5,1,'-','6/826/C'),(18,18,5,18,2.5,1.75,'-','6/827/CD'),(19,19,5,19,2.5,1.75,'-','6/869'),(20,20,5,20,2.5,1,'-','6/869/A'),(21,21,5,21,2.5,1,'-','6/875/A'),(22,22,5,22,2.5,1,'-','6/875/B'),(23,23,5,23,2.5,1,'-','6/8C/E1'),(24,24,5,24,2.5,1,'-','6/8C/E2'),(25,25,5,25,2.5,1,'-','6/921A'),(26,26,5,26,2.5,1,'1','B'),(27,27,5,27,2.5,1,'11','A'),(28,28,5,28,2.5,1,'11','B'),(29,29,5,29,2.5,1,'12','A'),(30,30,5,30,2.5,1,'12','B'),(31,31,5,31,2.5,1,'13','A'),(32,32,5,32,2.5,1,'13','B'),(33,33,5,33,2.5,1,'14','A'),(34,34,5,34,2.5,1,'14','B'),(35,35,5,35,2.5,1,'15','B'),(36,36,5,36,2.5,1,'16','A'),(37,37,5,37,2.5,1,'16','B'),(38,38,5,38,2.5,1,'17','A'),(39,39,5,39,2.5,1,'17','B'),(40,40,5,40,2.5,1,'18','A'),(41,41,5,41,2.5,1,'18','B'),(42,42,5,42,2.5,1,'2','B'),(43,43,5,43,2.5,1,'20','A'),(44,44,5,44,2.5,1,'20','B'),(45,45,5,45,2.5,1,'21','A'),(46,46,5,46,2.5,1,'21','B'),(47,47,5,47,2.5,1,'22','A'),(48,48,5,48,2.5,1,'22','B'),(49,49,5,49,2.5,1,'23','A'),(50,50,5,50,2.5,1,'23','B'),(51,51,5,51,2.5,1,'24','A'),(52,52,5,52,2.5,1,'24','B'),(53,53,5,53,2.5,1,'25','A'),(54,54,5,54,2.5,1,'25','B'),(55,55,5,55,2.5,1,'26','A'),(56,56,5,56,2.5,1,'26','B'),(57,57,5,57,2.5,1,'27','A'),(58,58,5,58,2.5,1,'27','B'),(59,59,5,59,2.5,1,'28','68A'),(60,60,5,60,2.5,1,'28','A'),(61,61,5,61,2.5,1,'28','B'),(62,62,5,62,2.5,1,'29','A'),(63,63,5,63,2.5,1,'29','B'),(64,64,5,64,2.5,1,'30','45/A'),(65,65,5,65,2.5,1,'30','A'),(66,66,5,66,2.5,1,'30','B'),(67,67,5,67,2.5,1,'4','A'),(68,68,5,68,2.5,1,'5','A'),(69,69,5,69,2.5,1,'5','B'),(70,70,5,70,2.5,1,'6','A'),(71,71,5,71,2.5,1,'6','B'),(72,72,5,72,2.5,1,'7','A'),(73,73,5,73,2.5,1,'8','A'),(74,74,5,74,2.5,1,'9','A'),(75,75,5,75,2.5,1,'9','B'),(76,76,3,76,2.5,1,'55','A'),(77,77,3,77,2.5,1,'55','E'),(78,78,3,78,2.5,1,'56','1'),(79,79,3,79,2.5,1,'56','3'),(80,80,3,80,2.5,1,'58','8'),(81,81,3,81,2.5,1,'58','9'),(82,82,3,82,2.5,1,'59','20'),(83,83,3,83,2.5,1,'60','13'),(84,84,3,84,2.5,1,'60','14'),(85,85,3,85,2.5,1,'60','15'),(86,86,3,86,2.5,1,'60','16'),(87,87,3,87,2.5,1,'60','17'),(88,88,3,88,2.5,1,'60','18'),(89,89,3,89,2.5,1,'60','19'),(90,90,3,90,2.5,1,'60','20'),(91,91,3,91,2.5,1,'60','21'),(92,92,3,92,2.5,1,'60','22'),(93,93,3,93,2.5,1,'60','23'),(94,94,3,94,2.5,1,'60','24'),(95,95,3,95,2.5,1,'61','15'),(96,96,3,96,2.5,1,'61','16'),(97,97,3,97,2.5,1,'61','17'),(98,98,3,98,2.5,1,'61','18'),(99,99,3,99,2.5,1,'61','22'),(100,100,3,100,2.5,1,'61','23'),(101,101,3,101,2.5,1,'61','24'),(102,102,3,102,2.5,1,'61','25'),(103,103,3,103,2.5,1,'62','17'),(104,104,3,104,2.5,1,'62','18'),(105,105,3,105,2.5,1,'62','19'),(106,106,3,106,2.5,1,'62','20'),(107,107,3,107,2.5,1,'62','21'),(108,108,3,108,2.5,1,'62','22'),(109,109,3,109,2.5,1,'62','23'),(111,111,16,110,0,0,'-','4/T'),(112,112,18,111,0,0,'-','D8'),(113,113,18,112,0,0,'-','T5'),(114,114,18,113,0,0,'1','6'),(115,115,19,114,2.5,1,'A OTE','18'),(116,116,19,115,2.5,1,'A OTE','19'),(117,117,19,116,2.5,1,'A OTE','23'),(118,118,19,117,2.5,1,'A OTE','24'),(119,119,19,118,2.5,1,'A OTE','25'),(120,120,19,119,2.5,1,'A OTE','27'),(121,121,19,120,2.5,1,'B OTE','23'),(122,122,19,121,2.5,1,'B OTE','24'),(123,123,19,122,2.5,1,'B OTE','25'),(124,124,19,123,2.5,1,'B OTE','26'),(125,125,19,124,2.5,1,'B OTE','27'),(126,126,19,125,2.5,1,'I OTE','11'),(127,127,19,126,2.5,1,'I OTE','13'),(128,128,19,127,2.5,1,'I OTE','14'),(129,129,19,128,2.5,1,'I OTE','15'),(130,130,19,129,2.5,1,'I OTE','16'),(131,131,19,130,2.5,1,'I OTE','18'),(132,132,19,131,2.5,1,'I OTE','19'),(133,133,19,132,2.5,1,'I OTE','2'),(134,134,19,133,2.5,1,'I OTE','26'),(135,135,19,134,2.5,1,'I OTE','3'),(136,136,19,135,2.5,1,'II OTE','12'),(137,137,19,136,2.5,1,'II OTE','14'),(138,138,19,137,2.5,1,'II OTE','16'),(139,139,19,138,2.5,1,'II OTE','17'),(140,140,19,139,2.5,1,'II OTE','25'),(141,141,19,140,2.5,1,'II OTE','26'),(142,142,24,141,2.5,1,'22','2'),(143,143,24,142,2.5,1,'H/BIS','1'),(144,144,24,143,2.5,1,'H/BIS','10'),(145,145,24,144,2.5,1,'H/BIS','11'),(146,146,24,145,2.5,1,'H/BIS','12'),(147,147,24,146,2.5,1,'H/BIS','13'),(148,148,24,147,2.5,1,'H/BIS','14'),(149,149,24,148,2.5,1,'H/BIS','15'),(150,150,24,149,2.5,1,'H/BIS','16'),(151,151,24,150,2.5,1,'H/BIS','2'),(152,152,24,151,2.5,1,'H/BIS','3'),(153,153,24,152,2.5,1,'H/BIS','4'),(154,154,24,153,2.5,1,'H/BIS','6'),(155,155,24,154,2.5,1,'H/BIS','8'),(156,156,24,155,2.5,1,'H/BIS','9'),(157,157,24,156,2.5,1,'VI','14/A'),(158,158,24,157,2.5,1,'XXII','6'),(159,159,25,158,2.75,2,'-','A'),(160,160,40,159,2.5,1,'I','0'),(161,161,71,160,0,0,'-','A/7'),(162,162,32,161,2.5,1,'0','2'),(163,163,32,162,2.5,1,'0','3'),(164,164,32,163,2.5,1,'0','4'),(165,165,32,164,2.5,1,'0','5'),(166,166,32,165,2.5,1,'0','7'),(167,167,32,166,2.5,1,'0','8'),(168,168,32,167,2.5,1,'0','9'),(169,169,32,168,2.5,1,'0','10'),(170,170,32,169,2.5,1,'0','12'),(171,171,32,170,2.5,1,'0','13'),(172,172,32,171,2.5,1,'0','14'),(173,173,32,172,2.5,1,'0','15'),(174,174,32,173,2.5,1,'0','18'),(175,175,32,174,2.5,1,'0','19'),(176,176,32,175,2.5,1,'0','20'),(177,177,32,176,2.5,1,'0','21'),(178,178,32,177,2.5,1,'0','22'),(179,179,32,178,2.5,1,'0','23'),(180,180,32,179,2.5,1,'0','24'),(181,181,32,180,2.5,1,'0','25'),(182,182,32,181,2.5,1,'0','26'),(183,183,32,182,2.5,1,'0','27'),(184,184,32,183,2.5,1,'0','28'),(185,185,32,184,2.5,1,'0','29'),(186,186,32,185,2.5,1,'0','30'),(187,187,32,186,2.5,1,'0','31'),(188,188,32,187,2.5,1,'0','32'),(189,189,32,188,2.5,2,'0','33'),(190,190,32,189,2.5,1,'0','34'),(191,191,32,190,2.5,1,'0','35'),(192,192,32,191,2.5,1,'0','36'),(193,193,32,192,2.5,1,'0','37'),(194,194,32,193,2.5,1,'0','38'),(195,195,32,194,2.5,1,'0','39'),(196,196,32,195,2.5,1,'0','40'),(197,197,32,196,2.5,1,'0','41'),(198,198,32,197,2.5,1,'0','42'),(199,199,32,198,2.5,1,'0','83'),(200,200,33,199,2.5,1,'8','0'),(201,201,35,200,2.5,1,'18','39'),(202,202,35,201,2.5,1,'IX','54'),(203,203,35,202,2.5,1,'VII','22'),(204,204,31,203,2.5,1.75,'-','11'),(205,205,48,204,2.5,1,'-','57/A'),(206,206,48,205,2.5,1,'-','65C'),(207,207,56,206,0,0,'A','10'),(208,208,56,207,0,0,'A','11'),(209,209,56,208,0,0,'A','12'),(210,210,56,209,0,0,'A','8'),(211,211,56,210,0,0,'A','9'),(212,212,57,211,2.5,1,'-','148'),(213,213,57,212,0,0,'-','K-9'),(214,214,57,213,2.5,1,'1','161/A'),(215,215,60,214,2.5,3,'5','4'),(216,216,61,215,2.5,1,'B','21'),(217,217,61,216,2.5,1,'H','5'),(218,218,61,217,2.5,1,'H','5A'),(219,219,61,218,2.5,1,'W','9A'),(220,220,35,219,2.5,1,'0','1'),(221,221,35,220,2.5,1,'0','2'),(222,222,35,221,2.5,1,'0','10'),(223,223,35,222,2.5,1,'0','14A'),(224,224,35,223,2.5,1,'0','15A'),(225,225,63,224,2.5,1,'0','16'),(226,226,63,225,2.5,1,'0','16A'),(227,227,35,226,2.5,1,'IX','1'),(228,228,35,227,2.5,1,'IX','2'),(229,229,35,228,2.5,1,'IX','3'),(230,230,35,229,2.5,1,'IX','4'),(231,231,35,230,2.5,1,'IX','5'),(232,232,35,231,2.5,1,'V','7'),(233,233,35,232,2.5,1,'IX','10'),(235,235,5,234,5,3,'-','6/263'),(236,237,19,235,2.5,1,'I PTE','26A'),(237,240,19,236,2.5,1.75,'OTE','9 A/E'),(238,241,59,237,2.5,1.75,'12','15/A'),(239,242,5,238,2.5,1,'-','6/3/6'),(240,243,19,239,2.5,1,'I OTE','9'),(241,244,19,240,2.5,1,'A PTE','26A'),(242,245,6,241,2.5,1,'-','16 S'),(243,247,5,242,2.5,1.75,'-','6/105/5,'),(244,248,64,243,2.5,1,'9','10'),(245,249,2,244,2.5,1,'48','51'),(246,250,5,245,2.5,1,'-','3/132ed'),(247,251,19,246,2.5,1,'I OTE','8'),(248,252,19,247,2.5,1,'B PTE','26A'),(249,255,69,248,2.5,1,'4','25'),(250,256,69,249,2.5,1,'4','26'),(251,257,2,250,2.5,1,'28','16'),(252,258,25,251,2.5,1,'-','B'),(253,260,32,252,2.5,1,'0','16'),(254,262,44,253,2.5,1,'15','45'),(255,263,34,254,2.5,1,'10','18B'),(256,264,5,255,2.5,1,'-','3/125ED6'),(257,266,2,256,2.5,1,'B','6A'),(258,267,25,257,2.5,1,'-','H'),(259,271,59,258,2.5,1,'19','9'),(260,272,9,259,2.5,1,'14','5'),(261,273,7,260,2.5,1,'Especial','F/7'),(262,274,7,261,2.5,1,'Eespecia','F/5'),(263,275,19,262,2.5,1,'I OTE','27'),(264,276,64,263,2.5,1,'V','11'),(265,277,3,264,2.5,1,'63','25');
/*!40000 ALTER TABLE `terreno` ENABLE KEYS */;
UNLOCK TABLES;

--
-- Table structure for table `tipo_telefono`
--

DROP TABLE IF EXISTS `tipo_telefono`;
/*!40101 SET @saved_cs_client     = @@character_set_client */;
/*!40101 SET character_set_client = utf8 */;
CREATE TABLE `tipo_telefono` (
  `id` int(11) NOT NULL AUTO_INCREMENT,
  `descripcion` varchar(20) NOT NULL,
  PRIMARY KEY (`id`)
) ENGINE=InnoDB AUTO_INCREMENT=5 DEFAULT CHARSET=utf8;
/*!40101 SET character_set_client = @saved_cs_client */;

--
-- Dumping data for table `tipo_telefono`
--

LOCK TABLES `tipo_telefono` WRITE;
/*!40000 ALTER TABLE `tipo_telefono` DISABLE KEYS */;
INSERT INTO `tipo_telefono` VALUES (1,'Celular'),(2,'Casa'),(3,'Trabajo'),(4,'Recados');
/*!40000 ALTER TABLE `tipo_telefono` ENABLE KEYS */;
UNLOCK TABLES;

--
-- Table structure for table `titular`
--

DROP TABLE IF EXISTS `titular`;
/*!40101 SET @saved_cs_client     = @@character_set_client */;
/*!40101 SET character_set_client = utf8 */;
CREATE TABLE `titular` (
  `id` int(11) NOT NULL AUTO_INCREMENT,
  `persona_id` int(11) NOT NULL,
  `venta_lote_id` int(11) NOT NULL,
  `actual` int(11) NOT NULL DEFAULT '1',
  PRIMARY KEY (`id`,`persona_id`),
  KEY `fk_titular_persona1_idx` (`persona_id`),
  KEY `fk_titular_venta_lote1_idx` (`venta_lote_id`),
  CONSTRAINT `fk_titular_persona1` FOREIGN KEY (`persona_id`) REFERENCES `persona` (`id`) ON DELETE NO ACTION ON UPDATE NO ACTION,
  CONSTRAINT `fk_titular_venta_lote1` FOREIGN KEY (`venta_lote_id`) REFERENCES `venta_lote` (`id`) ON DELETE NO ACTION ON UPDATE NO ACTION
) ENGINE=InnoDB DEFAULT CHARSET=utf8;
/*!40101 SET character_set_client = @saved_cs_client */;

--
-- Dumping data for table `titular`
--

LOCK TABLES `titular` WRITE;
/*!40000 ALTER TABLE `titular` DISABLE KEYS */;
/*!40000 ALTER TABLE `titular` ENABLE KEYS */;
UNLOCK TABLES;

--
-- Table structure for table `tramite`
--

DROP TABLE IF EXISTS `tramite`;
/*!40101 SET @saved_cs_client     = @@character_set_client */;
/*!40101 SET character_set_client = utf8 */;
CREATE TABLE `tramite` (
  `id` int(11) NOT NULL AUTO_INCREMENT,
  `producto_id` int(11) NOT NULL,
  `construccion_id` int(11) NOT NULL,
  `sector_id` int(11) NOT NULL,
  PRIMARY KEY (`id`),
  KEY `fk_tramite_producto1_idx` (`producto_id`),
  KEY `fk_tramite_construccion1_idx` (`construccion_id`),
  KEY `fk_tramite_sector1_idx` (`sector_id`),
  CONSTRAINT `fk_tramite_construccion1` FOREIGN KEY (`construccion_id`) REFERENCES `construccion` (`id`) ON DELETE NO ACTION ON UPDATE NO ACTION,
  CONSTRAINT `fk_tramite_producto1` FOREIGN KEY (`producto_id`) REFERENCES `producto` (`id`) ON DELETE NO ACTION ON UPDATE NO ACTION,
  CONSTRAINT `fk_tramite_sector1` FOREIGN KEY (`sector_id`) REFERENCES `sector` (`id`) ON DELETE NO ACTION ON UPDATE NO ACTION
) ENGINE=InnoDB DEFAULT CHARSET=utf8;
/*!40101 SET character_set_client = @saved_cs_client */;

--
-- Dumping data for table `tramite`
--

LOCK TABLES `tramite` WRITE;
/*!40000 ALTER TABLE `tramite` DISABLE KEYS */;
/*!40000 ALTER TABLE `tramite` ENABLE KEYS */;
UNLOCK TABLES;

--
-- Table structure for table `unidad_medida`
--

DROP TABLE IF EXISTS `unidad_medida`;
/*!40101 SET @saved_cs_client     = @@character_set_client */;
/*!40101 SET character_set_client = utf8 */;
CREATE TABLE `unidad_medida` (
  `id` int(11) NOT NULL AUTO_INCREMENT,
  `nombre` varchar(30) NOT NULL,
  `nombre_corto` varchar(5) NOT NULL,
  PRIMARY KEY (`id`)
) ENGINE=InnoDB DEFAULT CHARSET=utf8;
/*!40101 SET character_set_client = @saved_cs_client */;

--
-- Dumping data for table `unidad_medida`
--

LOCK TABLES `unidad_medida` WRITE;
/*!40000 ALTER TABLE `unidad_medida` DISABLE KEYS */;
/*!40000 ALTER TABLE `unidad_medida` ENABLE KEYS */;
UNLOCK TABLES;

--
-- Table structure for table `usuario`
--

DROP TABLE IF EXISTS `usuario`;
/*!40101 SET @saved_cs_client     = @@character_set_client */;
/*!40101 SET character_set_client = utf8 */;
CREATE TABLE `usuario` (
  `id` int(11) NOT NULL AUTO_INCREMENT,
  `persona_id` int(11) NOT NULL,
  `rol_id` int(11) NOT NULL,
  `departamento_id` int(11) NOT NULL,
  `nombre` varchar(12) NOT NULL,
  `contrasenia` varchar(256) NOT NULL,
  `activo` tinyint(1) NOT NULL DEFAULT '1',
  `jefe` tinyint(1) NOT NULL DEFAULT '0',
  `remember_token` varchar(100) DEFAULT NULL,
  `avatar` varchar(100) DEFAULT NULL,
  PRIMARY KEY (`id`,`persona_id`),
  KEY `fk_usuario_rol1_idx` (`rol_id`),
  KEY `fk_usuario_persona1_idx` (`persona_id`),
  KEY `fk_usuario_departamento1_idx` (`departamento_id`),
  CONSTRAINT `fk_usuario_departamento1` FOREIGN KEY (`departamento_id`) REFERENCES `departamento` (`id`) ON DELETE NO ACTION ON UPDATE NO ACTION,
  CONSTRAINT `fk_usuario_persona1` FOREIGN KEY (`persona_id`) REFERENCES `persona` (`id`) ON DELETE NO ACTION ON UPDATE NO ACTION,
  CONSTRAINT `fk_usuario_rol1` FOREIGN KEY (`rol_id`) REFERENCES `rol` (`id`) ON DELETE NO ACTION ON UPDATE NO ACTION
) ENGINE=InnoDB AUTO_INCREMENT=15 DEFAULT CHARSET=utf8;
/*!40101 SET character_set_client = @saved_cs_client */;

--
-- Dumping data for table `usuario`
--

LOCK TABLES `usuario` WRITE;
/*!40000 ALTER TABLE `usuario` DISABLE KEYS */;
INSERT INTO `usuario` VALUES (1,1,2,2,'Cecilia','$2y$10$85nYJGs9bBAAgcVOxQbsfuJzYBW7GxWgDLTMcGkhodjR78rKXL9Tq',1,0,'d346ptGzEjKSWkBBSQV8h2KZ2loS7bzsiLjdpzQeUANzvsdiEmHwdgBzVwKF','cecy.jpg'),(2,2,1,1,'Felipe V','$2y$10$85nYJGs9bBAAgcVOxQbsfuJzYBW7GxWgDLTMcGkhodjR78rKXL9Tq',1,1,'869IU6pro5JbWZjnEMraCH5HTkpMNmMLKlarNImgGEBMgxzZtJ886MpQDahQ','felipe5.jpg'),(3,3,1,1,'Daniel','$2y$10$85nYJGs9bBAAgcVOxQbsfuJzYBW7GxWgDLTMcGkhodjR78rKXL9Tq',1,0,'8oQh2RV5hKi2uTx0sQvsXh5VEpHcNq7ug9jxsLs7igLBqP9Z1vx4P6N8VNDG','px.png'),(4,4,1,3,'Felipe','$2y$10$85nYJGs9bBAAgcVOxQbsfuJzYBW7GxWgDLTMcGkhodjR78rKXL9Tq',1,1,'npgkJiLlPR8v4PCVaENEfx2MyMMMnOKsI65uvnfPNWjhAiDgZ7iHN9KDzS9W','felipe.jpg'),(5,5,1,4,'Julio','$2y$10$85nYJGs9bBAAgcVOxQbsfuJzYBW7GxWgDLTMcGkhodjR78rKXL9Tq',1,1,'FZ8b6sdsyX1kQZdGuhnms2YMEv2qxWBC2g1PkxQXCuYzKvk4bbltCR8XrFVB','julio.jpg'),(6,6,2,3,'Moiss','$2y$10$85nYJGs9bBAAgcVOxQbsfuJzYBW7GxWgDLTMcGkhodjR78rKXL9Tq',1,1,'em2LmoyXloESGbYcVYH7Yvy2VGUnbqwnXVVNdSKRj8fQdLfmcXNZjCnlpRwT','p.png'),(7,7,1,1,'Nazaret','$2y$10$a9nxqM/Lg0ZiU.P6.AOro.XDTDhJr5b3WiewixBojMZ3ZAUIDLO3y',1,1,'GxnGK7AIKWGoGA6nEPDT21GzXl24WetYl6JgEBCJprgQgTDvaw30uIIFNuWH','naza.jpg'),(8,8,1,7,'Ofelia','$2y$10$85nYJGs9bBAAgcVOxQbsfuJzYBW7GxWgDLTMcGkhodjR78rKXL9Tq',1,1,'ah3LQkljvlgvyApgEYzZKJPqFfTuDC6YVZTgO4AbkXrI9Je7sNs9r8L42RyO','ofe.jpg'),(9,9,2,5,'Patricia','$2y$10$85nYJGs9bBAAgcVOxQbsfuJzYBW7GxWgDLTMcGkhodjR78rKXL9Tq',1,1,'2p1IkuwTD7Jc6KsNK5rTrOxK4CR8lVCVIeaQ3XwWOTCGPXHz33JZuxrLA76a','tisha.png'),(10,10,1,6,'Rosalinda','$2y$10$85nYJGs9bBAAgcVOxQbsfuJzYBW7GxWgDLTMcGkhodjR78rKXL9Tq',1,1,'YGtKFH6ICC6ivdIggit7RObVGsRShL1u3KDXiJ3gg3LCR0hRDwq2rl8fPVWv','female2.png'),(11,11,1,2,'Sofa','$2y$10$85nYJGs9bBAAgcVOxQbsfuJzYBW7GxWgDLTMcGkhodjR78rKXL9Tq',1,1,'1vISGgDRIN4EcI2CRtVdlFQjVpbLue6WKTx253JtD4CuikUEl1iRRA60Icv5','sofia.jpg'),(12,206,2,6,'Joel','$2y$10$85nYJGs9bBAAgcVOxQbsfuJzYBW7GxWgDLTMcGkhodjR78rKXL9Tq',1,0,'lalFXXCJ8l1PctxYSsvreHXGHSJlmjVz53C0b3AqGQQ7pl6AS7NQ0Wl3A56X',NULL),(13,207,2,6,'Jorge','$2y$10$85nYJGs9bBAAgcVOxQbsfuJzYBW7GxWgDLTMcGkhodjR78rKXL9Tq',1,1,'rPYYtJeZw1gswYTMv6WaEtYYnMyF2fM6LfFTJoOyktn2K0uKj9n9erk0SPnK',NULL),(14,210,2,6,'Armando','$2y$10$85nYJGs9bBAAgcVOxQbsfuJzYBW7GxWgDLTMcGkhodjR78rKXL9Tq',1,1,'6pFooLmV8HejOoW1L1pweSmsxILmaUGL7mtvtfcTjHrG4cNzTbOB4bN1XlFj',NULL);
/*!40000 ALTER TABLE `usuario` ENABLE KEYS */;
UNLOCK TABLES;

--
-- Table structure for table `valor`
--

DROP TABLE IF EXISTS `valor`;
/*!40101 SET @saved_cs_client     = @@character_set_client */;
/*!40101 SET character_set_client = utf8 */;
CREATE TABLE `valor` (
  `id` int(11) NOT NULL AUTO_INCREMENT,
  `descripcion` varchar(45) NOT NULL,
  PRIMARY KEY (`id`)
) ENGINE=InnoDB DEFAULT CHARSET=utf8;
/*!40101 SET character_set_client = @saved_cs_client */;

--
-- Dumping data for table `valor`
--

LOCK TABLES `valor` WRITE;
/*!40000 ALTER TABLE `valor` DISABLE KEYS */;
/*!40000 ALTER TABLE `valor` ENABLE KEYS */;
UNLOCK TABLES;

--
-- Table structure for table `venta`
--

DROP TABLE IF EXISTS `venta`;
/*!40101 SET @saved_cs_client     = @@character_set_client */;
/*!40101 SET character_set_client = utf8 */;
CREATE TABLE `venta` (
  `id` int(11) NOT NULL AUTO_INCREMENT,
  `cliente_id` int(11) NOT NULL,
  `folio_solicitud` varchar(10) DEFAULT NULL,
  `descuento` double NOT NULL DEFAULT '0',
  `total` double NOT NULL,
  `fecha` timestamp NOT NULL DEFAULT CURRENT_TIMESTAMP ON UPDATE CURRENT_TIMESTAMP,
  `comentarios` text,
  `pagada` tinyint(1) NOT NULL DEFAULT '0',
  `cancelada` tinyint(1) NOT NULL DEFAULT '0',
  `cotizacion` tinyint(1) NOT NULL DEFAULT '0',
  `autorizado` tinyint(1) DEFAULT '1',
  `created_at` timestamp NULL DEFAULT NULL,
  `updated_at` timestamp NULL DEFAULT NULL,
  `asesor_id` int(11) NOT NULL,
  PRIMARY KEY (`id`),
  KEY `fk_venta_cliente1_idx` (`cliente_id`),
  KEY `fk_venta_asesor1_idx` (`asesor_id`),
  CONSTRAINT `fk_venta_asesor1` FOREIGN KEY (`asesor_id`) REFERENCES `asesor` (`id`) ON DELETE NO ACTION ON UPDATE NO ACTION,
  CONSTRAINT `fk_venta_cliente1` FOREIGN KEY (`cliente_id`) REFERENCES `cliente` (`id`) ON DELETE NO ACTION ON UPDATE NO ACTION
) ENGINE=InnoDB AUTO_INCREMENT=4488 DEFAULT CHARSET=utf8;
/*!40101 SET character_set_client = @saved_cs_client */;

--
-- Dumping data for table `venta`
--

LOCK TABLES `venta` WRITE;
/*!40000 ALTER TABLE `venta` DISABLE KEYS */;
INSERT INTO `venta` VALUES (111,346,'2892',100,2800,'2016-10-20 16:12:44',' ',0,0,0,1,'2016-10-20 16:12:44','2016-10-20 16:12:44',84),(1000,29,'2242',0,15000,'2016-05-20 15:27:29',NULL,0,0,0,1,NULL,NULL,84),(1001,29,'1692',0,17523,'2016-04-30 15:10:49',NULL,0,0,0,1,NULL,NULL,84),(1002,29,'1676',0,17523,'2016-04-30 15:10:49',NULL,0,0,0,1,NULL,NULL,84),(1003,29,'1751',0,17523,'2016-04-30 15:10:49',NULL,0,0,0,1,NULL,NULL,84),(1004,29,'1691',0,17523,'2016-04-30 15:10:49',NULL,0,0,0,1,NULL,NULL,84),(1010,89,'1619',0,33784,'2016-04-30 15:10:49',NULL,0,0,0,1,NULL,NULL,84),(1072,90,'1698',0,33784,'2016-04-30 15:10:49',NULL,0,0,0,1,NULL,NULL,12),(1080,90,'1699',0,33784,'2016-04-30 15:10:50',NULL,0,0,0,1,NULL,NULL,12),(1148,108,'1620',0,33784,'2016-04-30 15:10:50',NULL,0,0,0,1,NULL,NULL,72),(1151,81,'1855',0,33784,'2016-04-30 15:10:50',NULL,0,0,0,1,NULL,NULL,158),(1179,3,'1695',0,33784,'2016-04-30 15:10:50',NULL,0,0,0,1,NULL,NULL,64),(1195,75,'1368A',0,191216,'2016-04-30 15:10:50',NULL,0,0,0,1,NULL,NULL,67),(1246,105,'1974',0,33784,'2016-04-30 15:10:50',NULL,0,0,0,1,NULL,NULL,72),(1249,84,'2296',0,88750,'2016-04-30 15:10:50',NULL,0,0,0,1,NULL,NULL,72),(1283,106,'1909',0,33784,'2016-04-30 15:10:50',NULL,0,0,0,1,NULL,NULL,148),(1284,76,'1824',0,33784,'2016-04-30 15:10:50',NULL,0,0,0,1,NULL,NULL,72),(1301,4,'2042',0,33784,'2016-04-30 15:10:50',NULL,0,0,0,1,NULL,NULL,12),(1306,39,'1932',0,33784,'2016-04-30 15:10:50',NULL,0,0,0,1,NULL,NULL,43),(1329,80,'1874',0,33784,'2016-04-30 15:10:50',NULL,0,0,0,1,NULL,NULL,69),(1336,47,'1968',0,33784,'2016-04-30 15:10:50',NULL,0,0,0,1,NULL,NULL,188),(1358,53,'1945',0,33784,'2016-07-21 20:01:03',NULL,0,0,0,1,NULL,NULL,173),(1362,94,'2005',0,110938,'2016-04-30 15:10:50',NULL,0,0,0,1,NULL,NULL,64),(1363,94,'2005',0,33784,'2016-04-30 15:10:50',NULL,0,0,0,1,NULL,NULL,64),(1366,38,'2474',0,110938,'2016-04-30 15:10:50',NULL,0,0,0,1,NULL,NULL,72),(1373,20,'2106',0,33784,'2016-04-30 15:10:50',NULL,0,0,0,1,NULL,NULL,134),(1374,52,'2089',0,33784,'2016-04-30 15:10:50',NULL,0,0,0,1,NULL,NULL,12),(1382,1,'2129',0,33784,'2016-04-30 15:10:51',NULL,0,0,0,1,NULL,NULL,12),(1383,9,'2130',0,33784,'2016-04-30 15:10:51',NULL,0,0,0,1,NULL,NULL,138),(1385,71,'1663',0,33784,'2016-04-30 15:10:51',NULL,0,0,0,1,NULL,NULL,64),(1386,8,'1440',0,46050,'2016-04-30 15:10:51',NULL,0,0,0,1,NULL,NULL,78),(1387,38,'2131',0,33784,'2016-04-30 15:10:51',NULL,0,0,0,1,NULL,NULL,72),(1391,83,'2386',0,10000,'2016-04-30 15:10:51',NULL,0,0,0,1,NULL,NULL,83),(1409,91,'2388',0,46056,'2016-04-30 15:10:51',NULL,0,0,0,1,NULL,NULL,78),(1420,117,'2127',0,33784,'2016-04-30 15:10:51',NULL,0,0,0,1,NULL,NULL,158),(1428,58,'2101',0,33784,'2016-04-30 15:10:51',NULL,0,0,0,1,NULL,NULL,18),(1432,42,'2497',0,88750,'2016-04-30 15:10:51',NULL,0,0,0,1,NULL,NULL,172),(1436,2,'2148',0,33784,'2016-04-30 15:10:51',NULL,0,0,0,1,NULL,NULL,72),(1439,61,'2191',0,33784,'2016-04-30 15:10:51',NULL,0,0,0,1,NULL,NULL,84),(1449,6,'2291',0,75075,'2016-04-30 15:10:51',NULL,0,0,0,1,NULL,NULL,84),(1462,70,'1928',0,33784,'2016-04-30 15:10:51',NULL,0,0,0,1,NULL,NULL,12),(1465,24,'2128',0,33784,'2016-04-30 15:10:51',NULL,0,0,0,1,NULL,NULL,84),(1471,33,'1823',0,33784,'2016-04-30 15:10:51',NULL,0,0,0,1,NULL,NULL,72),(1477,66,'2094',0,33784,'2016-04-30 15:10:51',NULL,0,0,0,1,NULL,NULL,43),(1478,115,'2251',0,33784,'2016-07-21 20:01:03',NULL,0,0,0,1,NULL,NULL,173),(1479,115,'2250',0,33784,'2016-07-21 20:01:03',NULL,0,0,0,1,NULL,NULL,173),(1480,60,'2248',0,33784,'2016-07-21 20:01:03',NULL,0,0,0,1,NULL,NULL,173),(1481,60,'2249',0,33784,'2016-07-21 20:01:03',NULL,0,0,0,1,NULL,NULL,173),(1482,177,'2252',0,33784,'2016-06-17 22:08:55',' ',0,0,0,1,'2016-06-17 22:08:55','2016-06-17 22:08:55',43),(1483,177,'2098',0,33784,'2016-06-17 22:21:10',' ',0,0,0,1,'2016-06-17 22:21:10','2016-06-17 22:21:10',43),(1490,31,'1363',0,33784,'2016-04-30 15:10:52',NULL,0,0,0,1,NULL,NULL,67),(1491,27,'1365',0,33784,'2016-04-30 15:10:52',NULL,0,0,0,1,NULL,NULL,67),(1500,102,'2256',0,33784,'2016-04-30 15:10:52',NULL,0,0,0,1,NULL,NULL,43),(1503,57,'2482',0,33784,'2016-04-30 15:10:52',NULL,0,0,0,1,NULL,NULL,12),(1504,57,'2482',0,60060,'2016-04-30 15:10:52',NULL,0,0,0,1,NULL,NULL,12),(1505,12,'2481',0,60060,'2016-04-30 15:10:52',NULL,0,0,0,1,NULL,NULL,12),(1507,62,'2304',0,33784,'2016-04-30 15:10:52',NULL,0,0,0,1,NULL,NULL,83),(1509,78,'2303',0,33784,'2016-04-30 15:10:52',NULL,0,0,0,1,NULL,NULL,172),(1510,95,'2531',0,88750,'2016-04-30 15:10:52',NULL,0,0,0,1,NULL,NULL,172),(1511,95,'2301',0,33784,'2016-04-30 15:10:52',NULL,0,0,0,1,NULL,NULL,172),(1513,7,'2004',0,33784,'2016-04-30 15:10:52',NULL,0,0,0,1,NULL,NULL,107),(1514,50,'2156',0,33784,'2016-04-30 15:10:52',NULL,0,0,0,1,NULL,NULL,64),(1515,85,'2469',0,110938,'2016-04-30 15:10:52',NULL,0,0,0,1,NULL,NULL,12),(1516,77,'2534',0,88758,'2016-04-30 15:10:52',NULL,0,0,0,1,NULL,NULL,78),(1517,77,'2305',0,33784,'2016-04-30 15:10:52',NULL,0,0,0,1,NULL,NULL,78),(1518,114,'2012',0,33784,'2016-04-30 15:10:52',NULL,0,0,0,1,NULL,NULL,75),(1519,37,'2316',0,33784,'2016-04-30 15:10:52',NULL,0,0,0,1,NULL,NULL,12),(1521,63,'2264',0,33784,'2016-04-30 15:10:52',NULL,0,0,0,1,NULL,NULL,138),(1522,92,'1621',0,33784,'2016-04-30 15:10:53',NULL,0,0,0,1,NULL,NULL,69),(1529,99,'2269',0,33784,'2016-04-30 15:10:53',NULL,0,0,0,1,NULL,NULL,18),(1535,110,'2195',0,33784,'2016-04-30 15:10:53',NULL,0,0,0,1,NULL,NULL,84),(1538,100,'2196',0,33784,'2016-04-30 15:10:53',NULL,0,0,0,1,NULL,NULL,84),(1540,88,'1635',0,33784,'2016-04-30 15:10:53',NULL,0,0,0,1,NULL,NULL,179),(1541,88,'1637',0,33784,'2016-04-30 15:10:53',NULL,0,0,0,1,NULL,NULL,179),(1542,88,'1636',0,33784,'2016-04-30 15:10:53',NULL,0,0,0,1,NULL,NULL,179),(1546,25,'2532',0,80278,'2016-07-21 20:01:03',NULL,0,0,0,1,NULL,NULL,173),(1547,18,'2357',0,88758,'2016-04-30 15:10:53',NULL,0,0,0,1,NULL,NULL,184),(1556,56,'1788',0,33784,'2016-04-30 15:10:53',NULL,0,0,0,1,NULL,NULL,184),(1563,54,'2203',0,33784,'2016-04-30 15:10:53',NULL,0,0,0,1,NULL,NULL,138),(1566,51,'2218',0,33784,'2016-04-30 15:10:53',NULL,0,0,0,1,NULL,NULL,84),(1567,96,'2211',0,33784,'2016-04-30 15:10:53',NULL,0,0,0,1,NULL,NULL,158),(1574,104,'2008',0,33784,'2016-04-30 15:10:53',NULL,0,0,0,1,NULL,NULL,138),(1581,97,'2204',0,33784,'2016-04-30 15:10:53',NULL,0,0,0,1,NULL,NULL,138),(1582,16,'2153',0,33784,'2016-04-30 15:10:53',NULL,0,0,0,1,NULL,NULL,182),(1585,73,'2271',0,33784,'2016-04-30 15:10:53',NULL,0,0,0,1,NULL,NULL,180),(1586,73,'2272',0,33784,'2016-04-30 15:10:53',NULL,0,0,0,1,NULL,NULL,180),(1587,79,'2527',0,66321,'2016-04-30 15:10:53',NULL,0,0,0,1,NULL,NULL,158),(1588,79,'2296',0,33784,'2016-04-30 15:10:53',NULL,0,0,0,1,NULL,NULL,158),(1591,28,'2160',0,33784,'2016-04-30 15:10:54',NULL,0,0,0,1,NULL,NULL,72),(1592,28,'2160A',0,33784,'2016-04-30 15:10:54',NULL,0,0,0,1,NULL,NULL,72),(1593,28,'2160B',0,20657,'2016-04-30 15:10:54',NULL,0,0,0,1,NULL,NULL,72),(1594,93,'2317',0,33784,'2016-04-30 15:10:54',NULL,0,0,0,1,NULL,NULL,179),(1595,93,'2315',0,33784,'2016-04-30 15:10:54',NULL,0,0,0,1,NULL,NULL,179),(1596,41,'2311',0,33784,'2016-04-30 15:10:54',NULL,0,0,0,1,NULL,NULL,79),(1600,64,'2357',0,33784,'2016-04-30 15:10:54',NULL,0,0,0,1,NULL,NULL,172),(1601,109,'2356',0,33784,'2016-07-21 20:01:03',NULL,0,0,0,1,NULL,NULL,173),(1605,32,'2284',0,33784,'2016-04-30 15:10:54',NULL,0,0,0,1,NULL,NULL,67),(1606,35,'2283',0,33784,'2016-04-30 15:10:54',NULL,0,0,0,1,NULL,NULL,67),(1607,14,'2013',0,33784,'2016-04-30 15:10:54',NULL,0,0,0,1,NULL,NULL,75),(1608,77,'2313',0,33784,'2016-04-30 15:10:54',NULL,0,0,0,1,NULL,NULL,78),(1609,77,'2312',0,33784,'2016-04-30 15:10:54',NULL,0,0,0,1,NULL,NULL,78),(1610,111,'2358',0,33784,'2016-04-30 15:10:54',NULL,0,0,0,1,NULL,NULL,18),(1611,45,'2359',0,33784,'2016-04-30 15:10:54',NULL,0,0,0,1,NULL,NULL,18),(1613,40,'2302',0,33784,'2016-07-21 20:01:03',NULL,0,0,0,1,NULL,NULL,173),(1619,87,'2363',0,33784,'2016-04-30 15:10:54',NULL,0,0,0,1,NULL,NULL,99),(1620,82,'2364',0,33784,'2016-04-30 15:10:54',NULL,0,0,0,1,NULL,NULL,99),(1624,22,'2197',0,33784,'2016-04-30 15:10:54',NULL,0,0,0,1,NULL,NULL,148),(1625,22,'2574',0,86867,'2016-04-30 15:10:54',NULL,0,0,0,1,NULL,NULL,148),(1629,46,'2365',0,33784,'2016-04-30 15:10:54',NULL,0,0,0,1,NULL,NULL,148),(1630,101,'2136',0,33784,'2016-04-30 15:10:55',NULL,0,0,0,1,NULL,NULL,12),(1631,30,'1454',0,33784,'2016-04-30 15:10:55',NULL,0,0,0,1,NULL,NULL,83),(1634,55,'2314',0,33784,'2016-04-30 15:10:55',NULL,0,0,0,1,NULL,NULL,79),(1637,113,'2258',0,33784,'2016-04-30 15:10:55',NULL,0,0,0,1,NULL,NULL,148),(1638,113,'2366',0,33784,'2016-04-30 15:10:55',NULL,0,0,0,1,NULL,NULL,148),(1639,65,'1719',0,33784,'2016-04-30 15:10:55',NULL,0,0,0,1,NULL,NULL,153),(1643,43,'2024',0,33784,'2016-04-30 15:10:55',NULL,0,0,0,1,NULL,NULL,180),(1644,107,'2528',0,65450,'2016-04-30 15:10:55',NULL,0,0,0,1,NULL,NULL,158),(1650,49,'2287',0,33784,'2016-04-30 15:10:55',NULL,0,0,0,1,NULL,NULL,172),(1651,49,'2563',0,88750,'2016-04-30 15:10:55',NULL,0,0,0,1,NULL,NULL,172),(1662,13,'2216',0,33784,'2016-04-30 15:10:55',NULL,0,0,0,1,NULL,NULL,148),(1663,13,'2213',0,33784,'2016-04-30 15:10:55',NULL,0,0,0,1,NULL,NULL,148),(1664,13,'2391',0,33784,'2016-04-30 15:10:55',NULL,0,0,0,1,NULL,NULL,148),(1665,13,'2215',0,33784,'2016-04-30 15:10:55',NULL,0,0,0,1,NULL,NULL,148),(1666,86,'2392',0,33784,'2016-04-30 15:10:55',NULL,0,0,0,1,NULL,NULL,148),(1667,116,'2217',0,33784,'2016-04-30 15:10:55',NULL,0,0,0,1,NULL,NULL,148),(1669,36,'2285',0,33784,'2016-04-30 15:10:56',NULL,0,0,0,1,NULL,NULL,67),(1670,36,'2491',0,88750,'2016-04-30 15:10:56',NULL,0,0,0,1,NULL,NULL,67),(1676,26,'2616',0,242650,'2016-04-30 17:18:26',NULL,0,0,0,1,NULL,NULL,84),(1677,59,'2577',0,92534.5,'2016-04-30 17:18:26',NULL,0,0,0,1,NULL,NULL,158),(1679,103,'2159',0,33784,'2016-04-30 15:10:56',NULL,0,0,0,1,NULL,NULL,67),(1681,68,'2608',0,27192,'2016-04-30 15:10:56',NULL,0,0,0,1,NULL,NULL,67),(1682,68,'2401',0,33784,'2016-04-30 15:10:56',NULL,0,0,0,1,NULL,NULL,67),(1685,21,'2412',0,33784,'2016-04-30 15:10:56',NULL,0,0,0,1,NULL,NULL,72),(1686,74,'2413',0,33784,'2016-04-30 15:10:56',NULL,0,0,0,1,NULL,NULL,167),(1687,74,'2627',0,25000,'2016-04-30 15:10:56',NULL,0,0,0,1,NULL,NULL,167),(1688,15,'2370',0,33784,'2016-04-30 15:10:56',NULL,0,0,0,1,NULL,NULL,158),(1689,98,'2369',0,33784,'2016-04-30 15:10:56',NULL,0,0,0,1,NULL,NULL,158),(1690,112,'R2371',0,33784,'2016-04-30 15:10:56',NULL,0,0,0,1,NULL,NULL,84),(1691,23,'2417',0,33784,'2016-04-30 15:10:56',NULL,0,0,0,1,NULL,NULL,84),(1692,11,'2416',0,33784,'2016-04-30 15:10:56',NULL,0,0,0,1,NULL,NULL,84),(1694,5,'2418',0,33784,'2016-04-30 15:10:56',NULL,0,0,0,1,NULL,NULL,67),(1695,10,'2617',0,60000,'2016-04-30 15:10:56',NULL,0,0,0,1,NULL,NULL,84),(1696,19,'2235',0,33784,'2016-04-30 15:10:56',NULL,0,0,0,1,NULL,NULL,158),(1697,44,'2509',0,685250,'2016-04-30 15:10:56',NULL,0,0,0,1,NULL,NULL,13),(1698,44,'2224',0,33784,'2016-04-30 15:10:56',NULL,0,0,0,1,NULL,NULL,13),(1699,72,'2225',0,33784,'2016-04-30 15:10:56',NULL,0,0,0,1,NULL,NULL,13),(1700,17,'PQ003',0,10050,'2016-04-30 15:10:56',NULL,0,0,0,1,NULL,NULL,13),(1701,34,'2403',0,33784,'2016-04-30 15:10:56',NULL,0,0,0,1,NULL,NULL,67),(1702,67,'2372',0,33784,'2016-04-30 15:10:57',NULL,0,0,0,1,NULL,NULL,148),(1703,67,'2613',0,15000,'2016-04-30 15:10:57',NULL,0,0,0,1,NULL,NULL,148),(1704,48,'2614',0,60000,'2017-01-05 16:18:31',NULL,0,0,1,1,NULL,NULL,148),(1705,48,'2368',0,33784,'2016-04-30 15:10:57',NULL,0,0,0,1,NULL,NULL,148),(1706,69,'2233',0,33784,'2016-04-30 15:10:57',NULL,0,0,0,1,NULL,NULL,148),(1707,121,'1575',0,42358,'2016-06-23 15:22:35',' ',0,0,1,1,'2016-05-20 17:24:57','2016-06-23 15:22:38',78),(1711,167,'2542',0,128640.6,'2016-05-28 15:00:39',' ',0,0,0,1,'2016-05-28 15:00:39','2016-05-28 15:00:39',18),(1712,168,'2162',0,42358,'2016-05-28 19:07:54',' ',0,0,0,1,'2016-05-28 19:07:54','2016-05-28 19:07:54',107),(1713,169,'2236',0,42358,'2016-05-28 19:37:26',' ',0,0,0,1,'2016-05-28 19:37:26','2016-05-28 19:37:26',107),(1715,170,'2609',22180,88758,'2016-06-23 15:22:20',' ',0,0,0,1,'2016-05-31 18:28:49','2016-06-23 15:22:24',67),(1716,170,'2381',0,33784,'2016-05-31 19:55:26',' ',0,0,0,1,'2016-05-31 19:55:26','2016-05-31 19:55:26',67),(1717,170,'2404',0,33784,'2016-05-31 20:37:33',' ',0,0,0,1,'2016-05-31 20:37:33','2016-05-31 20:37:33',67),(1718,167,'2543',28587,114347,'2016-08-12 18:19:52',' ',0,0,0,1,'2016-05-31 21:07:44','2016-05-31 21:07:44',18),(1719,171,'2598',0,88750.44,'2016-05-31 22:25:54',' ',0,0,0,1,'2016-05-31 22:25:54','2016-05-31 22:25:54',13),(1721,172,'2427',0,35509.000004,'2016-06-01 19:47:13',' ',0,0,0,1,'2016-06-01 19:47:13','2016-06-01 19:47:13',13),(1722,173,'2122',0,35509.000004,'2016-06-01 19:56:36',' ',0,0,0,1,'2016-06-01 19:56:36','2016-06-01 19:56:36',13),(1723,174,'2222',0,35509.000004,'2016-06-01 20:12:59',' ',0,0,0,1,'2016-06-01 20:12:59','2016-06-01 20:12:59',13),(1726,175,'2619',21980,87921,'2016-06-01 20:25:25',' ',0,0,0,1,'2016-06-01 20:25:25','2016-06-01 20:25:25',158),(1727,175,'2288',0,46448.25,'2016-06-01 20:52:43',' ',0,0,0,1,'2016-06-01 20:52:43','2016-06-01 20:52:43',158),(1728,176,'2428',0,33784,'2016-06-01 20:33:04',' ',0,0,0,1,'2016-06-01 20:33:04','2016-06-01 20:33:04',13),(1735,178,'2666',0,39275,'2016-07-21 18:07:04',' ',0,0,0,1,'2016-07-21 18:07:04','2016-07-21 18:07:04',158),(1736,180,'2473',0,65450,'2016-07-18 21:59:09',' ',0,0,0,1,'2016-07-18 21:59:09','2016-07-18 21:59:09',72),(1737,181,'2273',-4625,42500,'2016-07-18 22:46:59',' ',0,0,0,1,'2016-07-18 22:46:59','2016-07-18 22:46:59',180),(1738,182,'2488',0,20000,'2016-07-19 14:57:43',' ',0,0,0,1,'2016-07-19 14:57:43','2016-07-19 14:57:43',69),(1739,182,'2471',0,19275.0008,'2016-07-19 15:05:18',' ',0,0,0,1,'2016-07-19 15:05:18','2016-07-19 15:05:18',69),(1741,183,'2667',0,565612.5,'2016-07-19 15:33:35',' ',0,0,0,1,'2016-07-19 15:33:35','2016-07-19 15:33:35',188),(1742,183,'2472',0,37875,'2016-07-19 16:10:53',' ',0,0,0,1,'2016-07-19 16:10:53','2016-07-19 16:10:53',188),(1743,184,'2443',0,15590,'2016-07-19 17:06:36',' ',0,0,0,1,'2016-07-19 17:06:36','2016-07-19 17:06:36',95),(1745,185,'2393',0,46448.25,'2016-07-19 17:16:48',' ',0,0,0,1,'2016-07-19 17:16:48','2016-07-19 17:16:48',148),(1746,186,'2382',0,37875,'2016-07-19 17:23:04',' ',0,0,0,1,'2016-07-19 17:23:04','2016-07-19 17:23:04',99),(1747,187,'2642',0,232850,'2016-07-19 18:12:18',' ',0,0,0,1,'2016-07-19 18:12:18','2016-07-19 18:12:18',72),(1748,187,'2433',0,37875,'2016-07-19 20:04:44',' ',0,0,0,1,'2016-07-19 20:04:44','2016-07-19 20:04:44',72),(1749,187,'2438',0,19275.0008,'2017-01-23 18:31:24',' ',0,0,0,1,'2017-01-23 18:31:24','2017-01-23 18:31:24',72),(1750,188,'2451',0,37875,'2016-07-19 20:17:37',' ',0,0,0,1,'2016-07-19 20:17:37','2016-07-19 20:17:37',13),(1751,189,'2452',3,42161.5036,'2016-07-19 21:15:39',' ',0,0,0,1,'2016-07-19 21:15:39','2016-07-19 21:15:39',13),(1752,190,'2453',3,42161.5036,'2016-07-19 21:25:09',' ',0,0,0,1,'2016-07-19 21:25:09','2016-07-19 21:25:09',13),(1755,191,'2672',2719,24471,'2016-07-21 20:01:03',' ',0,0,0,1,'2016-07-19 22:02:00','2016-07-19 22:02:00',173),(1756,192,'2379',0,37875,'2016-07-19 22:09:18',' ',0,0,0,1,'2016-07-19 22:09:18','2016-07-19 22:09:18',95),(1757,193,'2444',0,46448.25,'2016-07-19 22:13:01',' ',0,0,0,1,'2016-07-19 22:13:01','2016-07-19 22:13:01',95),(1760,227,'2373',0,51881.9976,'2016-07-25 17:48:20',' ',0,0,0,1,'2016-07-25 17:48:20','2016-07-25 17:48:20',195),(1761,228,'2424',0,37875,'2016-07-25 17:57:01',' ',0,0,0,1,'2016-07-25 17:57:01','2016-07-25 17:57:01',158),(1762,229,'2635',-42150,275000,'2016-07-25 18:09:19',' ',0,0,0,1,'2016-07-25 18:09:19','2016-07-25 18:09:19',158),(1763,231,'2652',0,58905,'2016-07-27 14:53:51',' ',0,0,0,1,'2016-07-27 14:53:51','2016-07-27 14:53:51',84),(1764,232,'2651',0,13595,'2016-08-09 17:35:14',' ',0,0,0,1,'2016-08-01 19:05:51','2016-08-01 19:05:51',158),(1765,261,'2434',0,180918.68999999,'2016-08-22 18:19:30',' ',0,0,0,1,'2016-08-22 18:19:30','2016-08-22 18:19:30',67),(1766,233,'2462',0,37875,'2016-08-01 21:23:39',' ',0,0,0,1,'2016-08-01 21:23:39','2016-08-01 21:23:39',84),(1767,233,'2655',0,88750,'2016-08-01 22:17:51',' ',0,0,0,1,'2016-08-01 22:17:51','2016-08-01 22:17:51',84),(1768,231,'2464',-103,37978,'2016-08-01 22:59:43',' ',0,0,0,1,'2016-08-01 22:59:43','2016-08-01 22:59:43',84),(1769,234,'2658',0,54380,'2016-08-02 16:46:07',' ',0,0,0,1,'2016-08-02 16:46:07','2016-08-02 16:46:07',84),(1770,248,'1373',-5527,51975.25,'2016-08-15 15:48:07',' ',0,0,0,1,'2016-08-15 15:48:07','2016-08-15 15:48:07',78),(1771,249,'2457',28980,115923,'2016-08-15 16:44:26',' ',0,0,0,1,'2016-08-15 16:44:26','2016-08-15 16:44:26',194),(1772,249,'2457',0,46448.25,'2016-08-15 16:46:26',' ',0,0,0,1,'2016-08-15 16:46:26','2016-08-15 16:46:26',194),(1773,253,'2755',14294,128640,'2016-08-22 15:07:13',' ',0,0,0,1,'2016-08-22 15:07:13','2016-08-22 15:07:13',173),(1774,254,'2644',0,88751,'2016-08-22 15:35:51',' ',0,0,0,1,'2016-08-22 15:35:51','2016-08-22 15:35:51',107),(1775,254,'2484',0,37875,'2016-08-22 15:39:06',' ',0,0,0,1,'2016-08-22 15:39:06','2016-08-22 15:39:06',107),(1776,186,'2419',0,46448.25,'2016-08-22 15:53:35',' ',0,0,0,1,'2016-08-22 15:53:35','2016-08-22 15:53:35',99),(1778,263,'2463',0,37875,'2016-08-29 15:16:12',' ',0,0,0,1,'2016-08-29 15:16:12','2016-08-29 15:16:12',84),(1780,263,'2656',0,34999.999999999,'2016-08-29 15:28:03',' ',0,0,0,1,'2016-08-29 15:28:03','2016-08-29 15:28:03',84),(1781,264,'2502',0,37875,'2016-08-29 15:39:08',' ',0,0,0,1,'2016-08-29 15:39:08','2016-08-29 15:39:08',173),(1782,264,'2501',0,37875,'2016-08-29 15:40:19',' ',0,0,0,1,'2016-08-29 15:40:19','2016-08-29 15:40:19',173),(1783,265,'2504',3,42161.5036,'2016-08-29 15:55:21',' ',0,0,0,1,'2016-08-29 15:55:21','2016-08-29 15:55:21',194),(1784,266,'2649',0,131000,'2016-08-29 16:50:15',' ',0,0,0,1,'2016-08-29 16:50:15','2016-08-29 16:50:15',13),(1785,267,'2681',0,114348,'2016-08-29 17:03:56',' ',0,0,0,1,'2016-08-29 17:03:56','2016-08-29 17:03:56',84),(1786,267,'2486',0,46448.25,'2016-08-29 17:05:11',' ',0,0,0,1,'2016-08-29 17:05:11','2016-08-29 17:05:11',84),(1787,273,'2506',0,37875,'2016-09-05 14:50:24',' ',0,0,0,1,'2016-09-05 14:50:24','2016-09-05 14:50:24',173),(1788,273,'2507',0,37875,'2016-09-05 14:51:40',' ',0,0,0,1,'2016-09-05 14:51:40','2016-09-05 14:51:40',173),(1789,273,'2508',0,37875,'2016-09-05 14:52:28',' ',0,0,0,1,'2016-09-05 14:52:28','2016-09-05 14:52:28',173),(1790,273,'2509',0,37875,'2016-09-05 14:53:11',' ',0,0,0,1,'2016-09-05 14:53:11','2016-09-05 14:53:11',173),(1791,225,'2509',0,37875,'2016-09-05 14:56:42',' ',0,0,0,1,'2016-09-05 14:56:42','2016-09-05 14:56:42',173),(1792,225,'2510',0,37875,'2016-09-05 15:01:24',' ',0,0,0,1,'2016-09-05 15:01:24','2016-09-05 15:01:24',173),(1793,225,'2509',0,37875,'2016-09-05 15:02:10',' ',0,0,0,1,'2016-09-05 15:02:10','2016-09-05 15:02:10',173),(1795,274,'2458',0,19275.0008,'2016-09-05 15:06:47',' ',0,0,0,1,'2016-09-05 15:06:47','2016-09-05 15:06:47',148),(1796,281,'2123',0,40749.9996,'2016-09-12 15:36:12',' ',0,0,0,1,'2016-09-12 15:36:12','2016-09-12 15:36:12',13),(1799,282,'2756',14293,128641,'2016-09-12 15:53:05',' ',0,0,0,1,'2016-09-12 15:53:05','2016-09-12 15:53:05',13),(1800,283,'2459',0,37875,'2016-09-12 15:55:36',' ',0,0,0,1,'2016-09-12 15:55:36','2016-09-12 15:55:36',148),(1801,283,'2459',0,37875,'2016-09-12 15:57:00',' ',0,0,0,1,'2016-09-12 15:57:00','2016-09-12 15:57:00',148),(1802,284,'2556',0,37875,'2016-09-19 20:38:52',' ',0,0,0,1,'2016-09-19 20:38:52','2016-09-19 20:38:52',173),(1803,285,'2425',0,37875,'2016-09-12 16:03:28',' ',0,0,0,1,'2016-09-12 16:03:28','2016-09-12 16:03:28',158),(1804,286,'2682',0,72125,'2016-09-12 16:08:12',' ',0,0,0,1,'2016-09-12 16:08:12','2016-09-12 16:08:12',158),(1806,297,'2467',0,46448.25,'2016-09-19 14:30:21',' ',0,0,0,1,'2016-09-19 14:30:21','2016-09-19 14:30:21',148),(1807,309,'PAQCREM22',0,36660,'2016-09-26 19:22:54',' ',0,0,0,1,'2016-09-26 19:22:54','2016-09-26 19:22:54',148),(1809,310,'2675',0,86900,'2016-09-26 19:29:34',' ',0,0,0,1,'2016-09-26 19:29:34','2016-09-26 19:29:34',95),(1811,278,'2557',0,37875,'2016-10-03 15:32:22',' ',0,0,0,1,'2016-10-03 15:32:22','2016-10-03 15:32:22',148),(1814,318,'2426',0,37875,'2016-10-03 15:34:03',' ',0,0,0,1,'2016-10-03 15:34:03','2016-10-03 15:34:03',158),(1815,319,'2498',0,37875,'2016-10-03 15:36:38',' ',0,0,0,1,'2016-10-03 15:36:38','2016-10-03 15:36:38',158),(1816,320,'2497',0,37875,'2016-10-03 15:38:40',' ',0,0,0,1,'2016-10-03 15:38:40','2016-10-03 15:38:40',158),(1818,321,'2495',0,19275.0008,'2016-10-03 15:44:55',' ',0,0,0,1,'2016-10-03 15:44:55','2016-10-03 15:44:55',158),(1819,324,'2624',-8430,90000,'2016-10-10 16:02:04',' ',0,0,0,1,'2016-10-10 16:02:05','2016-10-10 16:02:05',67),(1820,331,'2455',0,46448.25,'2016-10-08 16:03:39',' ',0,0,0,1,'2016-10-08 16:03:39','2016-10-08 16:03:39',13),(1821,332,'2551',0,46448.25,'2016-10-08 16:10:06',' ',0,0,0,1,'2016-10-08 16:10:06','2016-10-08 16:10:06',13),(1822,345,'PQ71016',-12350,49010,'2016-10-19 22:30:49',' ',0,0,0,1,'2016-10-19 22:30:49','2016-10-19 22:30:49',148),(1823,334,'2758',0,37875,'2016-10-12 16:57:34',' ',0,0,0,1,'2016-10-12 16:57:34','2016-10-12 16:57:34',13),(1824,334,'2758',0,88751,'2016-10-12 17:15:39',' ',0,0,0,1,'2016-10-12 17:15:40','2016-10-12 17:15:40',13),(1825,338,'2637',0,88751,'2016-10-18 14:49:14',' ',0,0,0,1,'2016-10-18 14:49:14','2016-10-18 14:49:14',182),(1826,338,'2562A',0,37875,'2016-10-18 15:56:39',' ',0,0,0,1,'2016-10-18 15:56:39','2016-10-18 15:56:39',182),(1827,347,'2763',0,80278,'2016-10-24 15:38:47',' ',0,0,0,1,'2016-10-24 15:38:47','2016-10-24 15:38:47',74),(1828,348,'2420',0,28728,'2016-10-24 16:13:48',' ',0,0,0,1,'2016-10-24 16:13:49','2016-10-24 16:13:49',79),(1829,349,'2475',0,17914,'2016-10-24 16:19:50',' ',0,0,0,1,'2016-10-24 16:19:50','2016-10-24 16:19:50',107),(1830,350,'2628',2719,24471,'2016-10-24 16:28:18',' ',0,0,0,1,'2016-10-24 16:28:18','2016-10-24 16:28:18',79),(1831,360,'2687',11050,35000,'2016-10-31 15:58:20',' ',0,0,0,1,'2016-10-31 15:58:20','2016-10-31 15:58:20',84),(1832,360,'2485',0,37875,'2016-10-30 22:01:57',' ',0,0,0,1,'2016-10-30 22:01:57','2016-10-30 22:01:57',84),(1833,361,'2688',21050,25000,'2016-10-31 16:03:37',' ',0,0,0,1,'2016-10-31 16:03:37','2016-10-31 16:03:37',84),(1834,361,'2491',0,37875,'2016-10-30 22:08:39',' ',0,0,0,1,'2016-10-30 22:08:39','2016-10-30 22:08:39',84),(1835,361,'2492',0,37875,'2016-10-30 22:11:24',' ',0,0,0,1,'2016-10-30 22:11:24','2016-10-30 22:11:24',84),(1836,360,'2690',0,46050,'2016-10-31 15:59:51',' ',0,0,0,1,'2016-10-31 15:59:51','2016-10-31 15:59:51',84),(1837,373,'2689',0,46050,'2016-10-31 16:19:04',' ',0,0,0,1,'2016-10-31 16:19:04','2016-10-31 16:19:04',84),(1838,374,'2801',22187,88751,'2016-11-05 16:36:01',' ',0,0,0,1,'2016-11-05 16:36:01','2016-11-05 16:36:01',172),(1839,374,'2801A',0,37875,'2016-11-05 16:40:35',' ',0,0,0,1,'2016-11-05 16:40:35','2016-11-05 16:40:35',172),(1840,375,'2652',3,42161.5036,'2016-11-05 17:06:31',' ',0,0,0,1,'2016-11-05 17:06:31','2016-11-05 17:06:31',172),(1841,89,'2651',3,42161.5036,'2016-11-05 17:11:36',' ',0,0,0,1,'2016-11-05 17:11:36','2016-11-05 17:11:36',172),(1843,326,'2760',0,90000,'2016-11-05 17:22:45',' ',0,0,0,1,'2016-11-05 17:22:45','2016-11-05 17:22:45',74),(1844,326,'2459',0,90000,'2016-11-05 17:29:20',' ',0,0,0,1,'2016-11-05 17:29:20','2016-11-05 17:29:20',74),(1845,326,'2564',0,46448.25,'2016-11-05 17:34:30',' ',0,0,0,1,'2016-11-05 17:34:31','2016-11-05 17:34:31',74),(1846,326,'2565',0,46448.25,'2016-11-05 17:36:11',' ',0,0,0,1,'2016-11-05 17:36:11','2016-11-05 17:36:11',74),(1847,410,'2655',0,27000,'2016-11-11 17:56:11',' ',0,0,0,1,'2016-11-11 17:51:58','2016-11-11 17:51:58',107),(1848,411,'2656',0,27000,'2016-11-11 17:56:11',' ',0,0,0,1,'2016-11-11 17:53:29','2016-11-11 17:53:29',107),(1849,376,'2654',0,46448.25,'2016-11-05 18:03:12',' ',0,0,0,1,'2016-11-05 18:03:12','2016-11-05 18:03:12',72),(1850,377,'2691',-2,27192,'2016-11-05 18:07:04',' ',0,0,0,1,'2016-11-05 18:07:04','2016-11-05 18:07:04',84),(1851,366,'2454',0,37875,'2016-11-05 18:28:52',' ',0,0,0,1,'2016-11-05 18:28:52','2016-11-05 18:28:52',13),(1852,412,'2573',0,37875,'2016-11-12 20:19:35',' ',0,0,0,1,'2016-11-12 20:19:35','2016-11-12 20:19:35',74),(1853,378,'PQ0211',0,36660,'2016-11-05 18:31:58',' ',0,0,0,1,'2016-11-05 18:31:58','2016-11-05 18:31:58',158),(1854,379,'2477',0,37875,'2016-11-05 18:36:24',' ',0,0,0,1,'2016-11-05 18:36:24','2016-11-05 18:36:24',72),(1855,379,'2477A',0,37875,'2016-11-05 18:38:10',' ',0,0,0,1,'2016-11-05 18:38:10','2016-11-05 18:38:10',72),(1856,380,'2985',0,89900,'2016-11-05 18:43:54',' ',0,0,0,1,'2016-11-05 18:43:54','2016-11-05 18:43:54',69),(1857,380,'2985A',-13574,35574,'2017-01-16 22:50:15',' ',0,0,0,1,'2017-01-16 22:50:15','2017-01-16 22:50:15',69),(1858,381,'2810',0,46050,'2016-11-05 18:48:41',' ',0,0,0,1,'2016-11-05 18:48:41','2016-11-05 18:48:41',84),(1859,382,'2818',0,225225,'2016-11-05 18:53:08',' ',0,0,0,1,'2016-11-05 18:53:09','2016-11-05 18:53:09',64),(1860,273,'2507',0,37875,'2016-11-05 18:56:42',' ',0,0,0,1,'2016-11-05 18:56:42','2016-11-05 18:56:42',173),(1861,273,'2670',0,37875,'2016-11-05 18:57:52',' ',0,0,0,1,'2016-11-05 18:57:52','2016-11-05 18:57:52',173),(1862,273,'2506',0,37875,'2016-11-05 18:58:47',' ',0,0,0,1,'2016-11-05 18:58:47','2016-11-05 18:58:47',173),(1863,273,'2508',0,37875,'2016-11-05 18:59:59',' ',0,0,0,1,'2016-11-05 18:59:59','2016-11-05 18:59:59',173),(1864,383,'2815',0,33556.000000001,'2016-11-05 19:05:49',' ',0,0,0,1,'2016-11-05 19:05:49','2016-11-05 19:05:49',64),(1866,435,'2809',33281,77657,'2016-11-22 17:37:42',' ',0,0,0,1,'2016-11-22 17:37:42','2016-11-22 17:37:42',158),(1869,413,'2764',0,95073,'2016-11-14 16:11:40',' ',0,0,0,1,'2016-11-14 16:11:40','2016-11-14 16:11:40',74),(1871,413,'2568',0,67250,'2016-11-14 18:41:11',' ',0,0,0,1,'2016-11-14 16:26:43','2016-11-14 16:26:43',74),(1873,414,'2669',0,114348,'2016-11-14 16:33:39',' ',0,0,0,1,'2016-11-14 16:33:39','2016-11-14 16:33:39',188),(1874,414,'2662',0,37875,'2016-11-14 16:31:35',' ',0,0,0,1,'2016-11-14 16:31:35','2016-11-14 16:31:35',188),(1875,420,'2468',0,46448.25,'2016-11-22 15:43:14',' ',0,0,0,1,'2016-11-22 15:43:14','2016-11-22 15:43:14',188),(1876,421,'PAQCRE1711',0,74940,'2016-11-22 15:54:34',' ',0,0,0,1,'2016-11-22 15:48:26','2016-11-22 15:48:26',95),(1877,493,'2822',88758,238742,'2017-01-05 18:32:34',' ',0,0,0,1,'2017-01-05 18:32:34','2017-01-05 18:32:34',173),(1878,394,'2559',0,22000,'2016-11-22 16:09:58',' ',0,0,0,1,'2016-11-22 16:09:58','2016-11-22 16:09:58',148),(1879,422,'2558',0,22000,'2016-11-22 16:17:48',' ',0,0,0,1,'2016-11-22 16:17:48','2016-11-22 16:17:48',148),(1880,394,'2621',0,40000,'2016-11-22 16:24:02',' ',0,0,0,1,'2016-11-22 16:24:02','2016-11-22 16:24:02',148),(1881,436,'2802',0,69500,'2016-11-28 20:34:27',' ',0,0,0,1,'2016-11-28 20:34:27','2016-11-28 20:34:27',95),(1882,437,'2669',0,37875,'2016-11-28 22:08:44',' ',0,0,0,1,'2016-11-28 22:08:44','2016-11-28 22:08:44',72),(1884,438,'2493',0,19275.0008,'2016-11-28 22:12:02',' ',0,0,0,1,'2016-11-28 22:12:02','2016-11-28 22:12:02',84),(1888,439,'2823',0,27190,'2016-11-28 22:14:37',' ',0,0,0,1,'2016-11-28 22:14:37','2016-11-28 22:14:37',64),(1889,447,'2509D',0,10050,'2016-12-05 23:13:01',' ',0,0,0,1,'2016-12-05 23:13:01','2016-12-05 23:13:01',95),(1890,448,'2761',0,75000,'2016-12-05 23:24:45',' ',0,0,0,1,'2016-12-05 23:24:45','2016-12-05 23:24:45',13),(1891,449,'2676',0,90000,'2016-12-05 23:33:40',' ',0,0,0,1,'2016-12-05 23:33:40','2016-12-05 23:33:40',64),(1892,435,'2499',0,46448.25,'2016-12-05 23:36:42',' ',0,0,0,1,'2016-12-05 23:36:42','2016-12-05 23:36:42',158),(1895,456,'2658',5414,12500,'2016-12-10 17:43:39',' ',0,0,0,1,'2016-12-10 17:43:39','2016-12-10 17:43:39',72),(1896,457,'2435',0,37875,'2016-12-10 18:24:32',' ',0,0,0,1,'2016-12-10 18:24:32','2016-12-10 18:24:32',72),(1898,458,'PAQCRE0812',0,17500,'2016-12-10 18:38:37',' ',0,0,0,1,'2016-12-10 18:38:37','2016-12-10 18:38:37',72),(1899,459,'2668',0,46875,'2016-12-10 18:45:24',' ',0,0,0,1,'2016-12-10 18:42:13','2016-12-10 18:42:13',69),(1900,466,'2824',0,15000,'2016-12-19 19:45:28',' ',0,0,0,1,'2016-12-19 19:45:28','2016-12-19 19:45:28',64),(1901,467,'2511',0,27000.000000001,'2016-12-19 19:29:13',' ',0,0,0,1,'2016-12-19 19:29:13','2016-12-19 19:29:13',64),(1902,466,'2671',0,27000,'2016-12-19 19:24:20',' ',0,0,0,1,'2016-12-19 19:23:25','2016-12-19 19:23:25',64),(1903,468,'2496',0,46448.25,'2016-12-19 19:57:56',' ',0,0,0,1,'2016-12-19 19:57:56','2016-12-19 19:57:56',158),(1904,469,'2807',0,91675,'2016-12-19 20:02:40',' ',0,0,0,1,'2016-12-19 20:02:40','2016-12-19 20:02:40',148),(1905,469,'2560',0,46448.25,'2016-12-19 20:04:20',' ',0,0,0,1,'2016-12-19 20:04:20','2016-12-19 20:04:20',148),(1906,472,'2825',0,225225,'2016-12-26 17:36:30',' ',0,0,0,1,'2016-12-26 17:36:30','2016-12-26 17:36:30',149),(1907,473,'2676',0,46448.25,'2016-12-26 17:44:00',' ',0,0,0,1,'2016-12-26 17:44:00','2016-12-26 17:44:00',149),(1908,474,'2676',0,46448.25,'2016-12-26 17:50:55',' ',0,0,0,1,'2016-12-26 17:50:55','2016-12-26 17:50:55',149),(1909,475,'2500',0,37875,'2016-12-26 17:56:44',' ',0,0,0,1,'2016-12-26 17:56:44','2016-12-26 17:56:44',158),(1910,475,'2567',35075,40000,'2017-01-06 19:57:57',' ',0,0,0,1,'2017-01-06 19:57:57','2017-01-06 19:57:57',158),(1911,476,'2653',-166,10216,'2016-12-26 18:04:49',' ',0,0,0,1,'2016-12-26 18:04:49','2016-12-26 18:04:49',79),(1912,479,'2833',0,180000,'2016-12-26 18:22:34',' ',0,0,0,1,'2016-12-26 18:22:34','2016-12-26 18:22:34',158),(1913,480,'2826',0,15000,'2016-12-26 18:30:33',' ',0,0,0,1,'2016-12-26 18:30:33','2016-12-26 18:30:33',184),(1914,484,'2552',-4646,23921.0008,'2017-01-04 22:40:42',' ',0,0,0,1,'2017-01-04 22:40:42','2017-01-04 22:40:42',13),(1916,485,'2771',0,34999.999999999,'2017-01-05 15:35:03',' ',0,0,0,1,'2017-01-05 15:35:03','2017-01-05 15:35:03',148),(1917,486,'2566',3787,34088,'2017-01-05 15:46:13',' ',0,0,0,1,'2017-01-05 15:46:13','2017-01-05 15:46:13',79),(1918,487,'2567',3788,34087,'2017-01-05 15:50:53',' ',0,0,0,1,'2017-01-05 15:50:53','2017-01-05 15:50:53',79),(1919,488,'2762',0,59999.9999988,'2017-01-05 16:22:13',' ',0,0,0,1,'2017-01-05 16:22:13','2017-01-05 16:22:13',13),(1920,489,'2579',0,22000,'2017-01-05 16:26:55',' ',0,0,0,1,'2017-01-05 16:26:55','2017-01-05 16:26:55',13),(1921,490,'2665',5414,12500,'2017-01-05 16:42:36',' ',0,0,0,1,'2017-01-05 16:42:36','2017-01-05 16:42:36',72),(1922,500,'CREM20117',0,36660,'2017-01-07 20:10:08',' ',0,0,0,1,'2017-01-07 20:05:00','2017-01-07 20:05:00',188),(1924,501,'001',2050,2950,'2017-01-07 20:28:21',' ',0,0,0,1,'2017-01-07 20:28:22','2017-01-07 20:28:22',173),(1925,502,'CREM030117',-1250,18750,'2017-01-07 20:30:58',' ',0,0,0,1,'2017-01-07 20:30:58','2017-01-07 20:30:58',173),(1926,483,'PAQCREM',0,19250,'2017-01-04 22:01:31',' ',0,0,0,1,'2017-01-04 22:01:31','2017-01-04 22:01:31',79),(1928,506,'2685',632,51249.9976,'2017-01-07 20:55:01',' ',0,0,0,1,'2017-01-07 20:55:01','2017-01-07 20:55:01',79),(1929,511,'2692',0,46448.25,'2017-01-16 16:18:45',' ',0,0,0,1,'2017-01-16 16:18:45','2017-01-16 16:18:45',148),(1930,509,'2273',-2,40787,'2017-01-13 22:54:27',' ',0,0,0,1,'2017-01-13 22:54:27','2017-01-13 22:54:27',13),(1931,510,'PAQCRE1/13',0,36660,'2017-01-14 20:59:50',' ',0,0,0,1,'2017-01-14 20:58:20','2017-01-14 20:58:20',188),(1932,515,'2693',0,46448.25,'2017-01-23 16:37:53',' ',0,0,0,1,'2017-01-23 16:37:53','2017-01-23 16:37:53',148),(1933,522,'PAQCRE2301',-1750,19250,'2017-01-30 15:36:28',' ',0,0,0,1,'2017-01-30 15:36:28','2017-01-30 15:36:28',158),(1935,551,'2819',0,88638,'2017-02-13 21:41:27',' ',0,0,0,1,'2017-02-13 21:41:27','2017-02-13 21:41:27',67),(1936,552,'2436',0,37875,'2017-02-13 21:43:32',' ',0,0,0,1,'2017-02-13 21:43:32','2017-02-13 21:43:32',67),(1938,523,'2675',0,37875,'2017-01-30 15:40:10',' ',0,0,0,1,'2017-01-30 15:40:10','2017-01-30 15:40:10',84),(1939,523,'2828',0,131754,'2017-01-30 15:46:17',' ',0,0,0,1,'2017-01-30 15:46:17','2017-01-30 15:46:17',84),(1940,378,'PAQCRE3101',-3000,41500,'2017-02-10 22:42:14',' ',0,0,0,1,'2017-02-10 22:42:14','2017-02-10 22:42:14',158),(1941,529,'2845',1360,12235,'2017-02-08 17:19:40',' ',0,0,0,1,'2017-02-08 17:19:40','2017-02-08 17:19:40',13),(1942,530,'2834',1037,109901,'2017-02-08 17:42:42',' ',0,0,0,1,'2017-02-08 17:42:42','2017-02-08 17:42:42',173),(1943,531,'2772',0,92000,'2017-02-08 17:51:45',' ',0,0,0,1,'2017-02-08 17:51:45','2017-02-08 17:51:45',13),(1944,531,'2774',0,92000,'2017-02-08 17:53:48',' ',0,0,0,1,'2017-02-08 17:53:48','2017-02-08 17:53:48',13),(1945,532,'PAQCRE0102',0,19250,'2017-02-08 18:41:48',' ',0,0,0,1,'2017-02-08 18:41:48','2017-02-08 18:41:48',198),(1946,533,'2539',0,110938,'2017-02-08 18:47:11',' ',0,0,0,1,'2017-02-08 18:47:11','2017-02-08 18:47:11',12),(1948,541,'2699',0,46448.25,'2017-02-11 20:18:21',' ',0,0,0,1,'2017-02-11 20:18:21','2017-02-11 20:18:21',148),(1949,548,'2831',0,15000,'2017-02-13 17:51:45',' ',0,0,0,1,'2017-02-13 17:51:45','2017-02-13 17:51:45',84),(1950,549,'2695',0,37875,'2017-02-13 17:54:44',' ',0,0,0,1,'2017-02-13 17:54:44','2017-02-13 17:54:44',148),(1951,550,'2694',0,37875,'2017-02-13 17:57:24',' ',0,0,0,1,'2017-02-13 17:57:24','2017-02-13 17:57:24',148),(1952,553,'2852',0,1100000,'2017-02-18 19:34:43',' ',0,0,0,1,'2017-02-18 19:34:43','2017-02-18 19:34:43',199),(1956,556,'2666',0,46448.25,'2017-02-20 17:16:46',' ',0,0,0,1,'2017-02-20 17:16:46','2017-02-20 17:16:46',72),(1957,558,'PAQCRE2102',0,19250,'2017-02-25 20:15:57',' ',0,0,0,1,'2017-02-25 20:15:57','2017-02-25 20:15:57',79),(1958,559,'2811',0,128640,'2017-02-27 17:57:21',' ',0,0,0,1,'2017-02-27 17:57:21','2017-02-27 17:57:21',184),(1959,560,'2839',0,80278,'2017-02-27 18:05:50',' ',0,0,0,1,'2017-02-27 18:05:50','2017-02-27 18:05:50',148),(1960,577,'2292',0,37875,'2017-03-06 18:53:53',' ',0,0,0,1,'2017-03-06 18:53:53','2017-03-06 18:53:53',79),(1961,567,'PAQCRE2702',0,19250,'2017-03-06 16:34:55',' ',0,0,0,1,'2017-03-06 16:34:55','2017-03-06 16:34:55',13),(1962,566,'paqcre2702',0,19250,'2017-03-06 18:30:48',' ',0,0,0,1,'2017-02-28 23:16:01','2017-02-28 23:16:01',85),(1963,565,'2591',0,46448.25,'2017-02-28 23:11:18',' ',0,0,0,1,'2017-02-28 23:11:18','2017-02-28 23:11:18',13),(1965,568,'2863',22156,88782,'2017-03-06 16:55:52',' ',0,0,0,1,'2017-03-06 16:55:52','2017-03-06 16:55:52',184),(1966,569,'2295',0,37875,'2017-03-06 17:00:13',' ',0,0,0,1,'2017-03-06 17:00:13','2017-03-06 17:00:13',79),(3552,123,'R2567',0,16000,'2016-05-27 18:41:27',NULL,0,0,0,1,NULL,NULL,78),(3560,124,'R2739',0,14000,'2016-05-27 18:41:27',NULL,0,0,0,1,NULL,NULL,20),(3577,125,'R02270',0,14000,'2016-05-27 18:41:27',NULL,0,0,0,1,NULL,NULL,148),(3579,126,'R02240',0,14000,'2016-05-27 18:41:27',NULL,0,0,0,1,NULL,NULL,72),(3582,127,'R2307',0,14000,'2016-05-27 18:41:28',NULL,0,0,0,1,NULL,NULL,83),(3588,128,'R02313',0,3410,'2016-05-27 18:41:28',NULL,0,0,0,1,NULL,NULL,167),(3598,129,'R02277',0,40000,'2016-05-27 18:41:28',NULL,0,0,0,1,NULL,NULL,84),(3599,130,'R02279',0,14000,'2016-05-27 18:41:28',NULL,0,0,0,1,NULL,NULL,158),(3601,131,'R02304',0,5445,'2016-05-27 18:41:28',NULL,0,0,0,1,NULL,NULL,158),(3606,132,'R2327',0,2000,'2016-05-27 18:41:28',NULL,0,0,0,1,NULL,NULL,167),(3611,133,'R2325',0,14000,'2016-05-27 18:41:28',NULL,0,0,0,1,NULL,NULL,158),(3621,134,'R2336',0,1705,'2016-05-27 18:41:28',NULL,0,0,0,1,NULL,NULL,158),(3624,135,'R- 2668 ',0,87120,'2016-05-27 18:41:28',NULL,0,0,0,1,NULL,NULL,72),(3626,136,'R2355',0,4000,'2016-05-27 18:41:28',NULL,0,0,0,1,NULL,NULL,67),(3627,137,'RJUANY NAJ',0,16000,'2016-05-27 18:41:28',NULL,0,0,0,1,NULL,NULL,18),(3630,138,'R02339',0,14000,'2016-05-27 18:41:28',NULL,0,0,0,1,NULL,NULL,84),(3632,139,'R02354',0,18410,'2016-05-27 18:41:28',NULL,0,0,0,1,NULL,NULL,72),(3635,140,'R2357',0,3410,'2016-05-27 18:41:28',NULL,0,0,0,1,NULL,NULL,67),(3638,141,'R2367',0,10835,'2016-05-27 18:41:28',NULL,0,0,0,1,NULL,NULL,167),(3642,142,'R02372',0,13620,'2016-05-27 18:41:28',NULL,0,0,0,1,NULL,NULL,84),(3647,143,'R2378',0,6000,'2016-05-27 18:41:28',NULL,0,0,0,1,NULL,NULL,180),(3648,144,'R2375',0,8000,'2016-05-27 18:41:28',NULL,0,0,0,1,NULL,NULL,84),(3656,145,'R2397',0,10835,'2016-05-27 18:41:28',NULL,0,0,0,1,NULL,NULL,64),(3662,146,'R2396',0,10835,'2016-05-27 18:41:28',NULL,0,0,0,1,NULL,NULL,79),(3663,147,'R2330',0,25000,'2016-05-27 18:41:28',NULL,0,0,0,1,NULL,NULL,84),(3667,148,'R2411',0,2800,'2016-05-27 18:41:28',NULL,0,0,0,1,NULL,NULL,158),(3668,149,'R2359',0,10835,'2016-05-27 18:41:28',NULL,0,0,0,1,NULL,NULL,67),(3674,150,'R02421',0,14000,'2016-05-27 18:41:28',NULL,0,0,0,1,NULL,NULL,84),(3676,151,'R2358',0,1500,'2016-05-27 19:05:31',NULL,0,0,0,1,NULL,NULL,181),(3680,152,'R02402',0,14000,'2016-05-27 18:41:28',NULL,0,0,0,1,NULL,NULL,72),(3681,153,'R2403',0,27225,'2016-05-27 18:41:29',NULL,0,0,0,1,NULL,NULL,72),(3682,154,'R2399',0,2000,'2016-05-27 18:41:29',NULL,0,0,0,1,NULL,NULL,72),(3683,155,'R2400',0,5445,'2016-05-27 18:41:29',NULL,0,0,0,1,NULL,NULL,72),(3686,156,'R2426',0,14000,'2016-05-27 18:41:29',NULL,0,0,0,1,NULL,NULL,13),(3688,157,'R2417',0,3410,'2016-05-27 18:41:29',NULL,0,0,0,1,NULL,NULL,158),(3689,158,'R2382',0,4910,'2016-05-27 18:41:29',NULL,0,0,0,1,NULL,NULL,167),(3690,159,'R2157',0,3410,'2016-05-27 18:41:29',NULL,0,0,0,1,NULL,NULL,107),(3691,160,'R2434',0,1200,'2016-05-27 18:41:29',NULL,0,0,0,1,NULL,NULL,95),(3692,161,'R2393',0,8000,'2016-05-27 18:41:29',NULL,0,0,0,1,NULL,NULL,158),(3693,162,'R2413',0,5445,'2016-05-27 18:41:29',NULL,0,0,0,1,NULL,NULL,158),(3694,163,'R2416',0,1500,'2016-05-27 18:41:29',NULL,0,0,0,1,NULL,NULL,148),(3695,164,'R2423',0,14000,'2016-05-27 18:41:29',NULL,0,0,0,1,NULL,NULL,158),(3696,165,'R2439',0,5445,'2016-05-27 18:41:29',NULL,0,0,0,1,NULL,NULL,158),(3697,166,'R02418',0,42075,'2016-05-27 18:41:29',NULL,0,0,0,1,NULL,NULL,158),(3702,179,'2380',410,3000,'2016-07-16 17:40:18',' ',0,0,0,1,'2016-07-16 17:40:18','2016-07-16 17:40:18',72),(3703,179,'2406',0,5200,'2016-07-16 18:10:11',' ',0,0,0,1,'2016-07-16 18:10:11','2016-07-16 18:10:11',72),(3704,194,'R2442',880,10000,'2016-07-19 22:22:38',' ',0,0,0,1,'2016-07-19 22:22:38','2016-07-19 22:22:38',158),(3706,195,'R2401',0,5500,'2016-07-19 22:29:40',' ',0,0,0,1,'2016-07-19 22:29:40','2016-07-19 22:29:40',181),(3709,196,'R2452',-100,2600,'2016-07-19 22:44:55',' ',0,0,0,1,'2016-07-19 22:44:55','2016-07-19 22:44:55',167),(3711,197,'R2431',0,3410,'2016-07-21 20:01:03',' ',0,0,0,1,'2016-07-19 22:50:17','2016-07-19 22:50:17',173),(3731,198,'R2379',0,14000,'2016-07-20 14:41:08',' ',0,0,0,1,'2016-07-20 14:41:08','2016-07-20 14:41:08',180),(3733,199,'R2467',0,3410,'2016-07-20 14:45:51',' ',0,0,0,1,'2016-07-20 14:45:51','2016-07-20 14:45:51',148),(3734,200,'R2468',0,10475,'2016-07-20 17:37:10',' ',0,0,0,1,'2016-07-20 17:37:10','2016-07-20 17:37:10',84),(3736,201,'R2443',0,5445,'2016-07-20 17:42:18',' ',0,0,0,1,'2016-07-20 17:42:18','2016-07-20 17:42:18',158),(3738,202,'111',0,3410,'2016-07-20 17:49:15',' ',0,0,0,1,'2016-07-20 17:49:15','2016-07-20 17:49:15',78),(3739,203,'R02481',0,10880,'2016-07-20 20:16:25',' ',0,0,0,1,'2016-07-20 20:16:25','2016-07-20 20:16:25',72),(3743,204,'R02228',0,14000,'2016-07-20 20:27:18',' ',0,0,0,1,'2016-07-20 20:27:18','2016-07-20 20:27:18',188),(3744,205,'R2801',0,4160,'2016-07-20 20:39:42',' ',0,0,0,1,'2016-07-20 20:39:42','2016-07-20 20:39:42',13),(3745,206,'R2469',0,14000,'2016-07-20 20:47:12',' ',0,0,0,1,'2016-07-20 20:47:12','2016-07-20 20:47:12',158),(3748,207,'R2460',0,3410,'2016-07-20 20:50:53',' ',0,0,0,1,'2016-07-20 20:50:53','2016-07-20 20:50:53',18),(3749,208,'R2882',100,1400,'2016-07-20 20:55:42',' ',0,0,0,1,'2016-07-20 20:55:42','2016-07-20 20:55:42',13),(3753,209,'R2473',0,3410,'2016-07-20 21:03:50',' ',0,0,0,1,'2016-07-20 21:03:50','2016-07-20 21:03:50',148),(3754,210,'R2807',0,3150.0000000001,'2016-07-20 21:11:22',' ',0,0,0,1,'2016-07-20 21:11:22','2016-07-20 21:11:22',158),(3755,211,'R2447',0,1500,'2016-07-20 21:19:45',' ',0,0,0,1,'2016-07-20 21:19:45','2016-07-20 21:19:45',148),(3757,212,'R2484',0,1575.0000000001,'2016-07-20 21:27:35',' ',0,0,0,1,'2016-07-20 21:27:35','2016-07-20 21:27:35',99),(3759,213,'R2455',0,1500,'2016-07-20 21:32:06',' ',0,0,0,1,'2016-07-20 21:32:06','2016-07-20 21:32:06',167),(3760,214,'R2484',0,4725.0000000002,'2016-07-20 21:41:24',' ',0,0,0,1,'2016-07-20 21:41:24','2016-07-20 21:41:24',167),(3761,215,'R2310',1945,3500,'2016-07-20 21:48:19',' ',0,0,0,1,'2016-07-20 21:48:19','2016-07-20 21:48:19',79),(3762,216,'R2819',75,3075.0000000001,'2016-07-21 20:01:03',' ',0,0,0,1,'2016-07-20 21:54:45','2016-07-20 21:54:45',173),(3763,217,'R2360',-12000,65350,'2016-07-20 21:59:33',' ',0,0,0,1,'2016-07-20 21:59:33','2016-07-20 21:59:33',67),(3764,218,'R2311',0,25000,'2016-07-20 22:15:31',' ',0,0,0,1,'2016-07-20 22:15:31','2016-07-20 22:15:31',79),(3765,219,'R02457',0,29410,'2016-07-20 22:34:43',' ',0,0,0,1,'2016-07-20 22:34:43','2016-07-20 22:34:43',167),(3766,220,'Gerencia',0,1575.0000000001,'2016-07-20 22:38:27',' ',0,0,0,1,'2016-07-20 22:38:27','2016-07-20 22:38:27',167),(3767,221,'R2485',-1575,2775,'2016-07-20 22:43:35',' ',0,0,0,1,'2016-07-20 22:43:35','2016-07-20 22:43:35',72),(3768,222,'R2472',0,45000,'2016-07-20 22:52:54',' ',0,0,0,1,'2016-07-20 22:52:54','2016-07-20 22:52:54',148),(3769,223,'R2808',0,1575.0000000001,'2016-07-20 22:57:59',' ',0,0,0,1,'2016-07-20 22:57:59','2016-07-20 22:57:59',194),(3772,224,'R02494',0,179620,'2016-07-20 23:02:30',' ',0,0,0,1,'2016-07-20 23:02:30','2016-07-20 23:02:30',84),(3773,225,'R01000',40000,5000.0000000002,'2016-07-20 23:10:45',' ',0,0,0,1,'2016-07-20 23:10:45','2016-07-20 23:10:45',72),(3774,226,'R02805',0,3410,'2016-07-20 23:13:33',' ',0,0,0,1,'2016-07-20 23:13:33','2016-07-20 23:13:33',13),(3775,230,'2828',1691,6669,'2016-07-25 18:30:44',' ',0,0,0,1,'2016-07-25 18:30:44','2016-07-25 18:30:44',148),(3777,235,'2829',0,8000,'2016-08-02 17:18:25',' ',0,0,0,1,'2016-08-02 17:18:25','2016-08-02 17:18:25',173),(3778,236,'2812',20,380,'2016-08-02 17:32:58',' ',0,0,0,1,'2016-08-02 17:32:58','2016-08-02 17:32:58',13),(3780,237,'2809',0,27225,'2016-08-02 17:48:08',' ',0,0,0,1,'2016-08-02 17:48:08','2016-08-02 17:48:08',158),(3781,238,'R02497',0,14000,'2016-08-02 17:51:16',' ',0,0,0,1,'2016-08-02 17:51:16','2016-08-02 17:51:16',194),(3782,239,'2475',0,8360,'2016-08-09 19:17:29',' ',0,0,0,1,'2016-08-09 19:17:29','2016-08-09 19:17:29',158),(3783,240,'R2476',-4350,7760,'2016-08-10 18:02:05',' ',0,0,0,1,'2016-08-10 18:02:05','2016-08-10 18:02:05',158),(3784,241,'R2488',0,53350,'2016-08-10 18:06:40',' ',0,0,0,1,'2016-08-10 18:06:40','2016-08-10 18:06:40',69),(3785,242,'R2822',0,1575,'2016-08-10 19:30:40',' ',0,0,0,1,'2016-08-10 18:10:32','2016-08-10 18:10:32',72),(3786,243,'R2823',0,45000,'2016-08-13 19:06:59',' ',0,0,0,1,'2016-08-13 19:06:59','2016-08-13 19:06:59',72),(3787,244,'R2835',0,14000,'2016-08-13 19:13:51',' ',0,0,0,1,'2016-08-13 19:13:51','2016-08-13 19:13:51',67),(3788,245,'R2477',0,21410,'2016-08-13 19:20:20',' ',0,0,0,1,'2016-08-13 19:20:20','2016-08-13 19:20:20',194),(3789,222,'GERENCIA',110,29300,'2016-08-13 19:24:38',' ',0,0,0,1,'2016-08-13 19:24:38','2016-08-13 19:24:38',148),(3790,246,'R2836',24,2476,'2016-08-13 19:47:01',' ',0,0,0,1,'2016-08-13 19:47:01','2016-08-13 19:47:01',148),(3791,247,'R2838',200,1000,'2016-08-13 19:52:53',' ',0,0,0,1,'2016-08-13 19:52:53','2016-08-13 19:52:53',148),(3792,250,'R02837',-582,8942,'2016-08-15 16:51:28',' ',0,0,0,1,'2016-08-15 16:51:28','2016-08-15 16:51:28',148),(3793,251,'R2824',1910,19500,'2016-08-15 16:54:49',' ',0,0,0,1,'2016-08-15 16:54:49','2016-08-15 16:54:49',67),(3794,252,'R2830',-2000,3575.0000000001,'2016-08-15 17:00:28',' Manternimiento a monolito',0,0,0,1,'2016-08-15 17:00:28','2016-08-15 17:00:28',13),(3795,316,'2830',440,760.00000000001,'2016-09-28 15:40:53',' ',0,0,0,1,'2016-09-28 15:40:53','2016-09-28 15:40:53',13),(3796,255,'R2465',0,3410,'2016-08-22 15:57:34',' ',0,0,0,1,'2016-08-22 15:57:34','2016-08-22 15:57:34',173),(3797,256,'R2842',-1000,9000,'2016-08-22 16:00:15',' ',0,0,0,1,'2016-08-22 16:00:15','2016-08-22 16:00:15',173),(3799,257,'R2845',1410,2000,'2016-08-22 16:05:10',' ',0,0,0,1,'2016-08-22 16:05:10','2016-08-22 16:05:10',13),(3800,258,'R2846',0,3410,'2016-08-22 16:09:28',' ',0,0,0,1,'2016-08-22 16:09:28','2016-08-22 16:09:28',13),(3801,259,'R2570',0,5445,'2016-08-22 16:11:56',' ',0,0,0,1,'2016-08-22 16:11:56','2016-08-22 16:11:56',78),(3803,260,'R2851',0,1200,'2016-08-22 16:17:56',' ',0,0,0,1,'2016-08-22 16:17:56','2016-08-22 16:17:56',196),(3805,268,'R2857',0,2500,'2016-08-29 17:08:56',' ',0,0,0,1,'2016-08-29 17:08:56','2016-08-29 17:08:56',194),(3806,269,'R2495',0,10880,'2016-09-24 19:30:11',' ',0,0,0,1,'2016-08-29 17:11:14','2016-08-29 17:11:14',158),(3809,270,'R2478',-1850,4350,'2016-08-29 17:17:50',' ',0,0,0,1,'2016-08-29 17:17:51','2016-08-29 17:17:51',194),(3810,271,'R2480',0,3000.0000000001,'2016-08-29 17:23:29',' ',0,0,0,1,'2016-08-29 17:23:29','2016-08-29 17:23:29',158),(3811,272,'R2858',0,14000,'2016-08-29 17:27:01',' ',0,0,0,1,'2016-08-29 17:27:01','2016-08-29 17:27:01',148),(3812,223,'R2500',100,1400,'2016-08-29 17:30:15',' ',0,0,0,1,'2016-08-29 17:30:15','2016-08-29 17:30:15',84),(3813,275,'2827',970,9910,'2016-09-05 15:11:06',' ',0,0,0,1,'2016-09-05 15:11:06','2016-09-05 15:11:06',67),(3815,276,'2498',0,27225,'2016-09-05 15:15:26',' ',0,0,0,1,'2016-09-05 15:15:26','2016-09-05 15:15:26',158),(3816,277,'2854',0,1575.0000000001,'2016-09-05 15:20:40',' ',0,0,0,1,'2016-09-05 15:20:40','2016-09-05 15:20:40',13),(3818,278,'2859',836,7524,'2016-09-05 15:24:18',' ',0,0,0,1,'2016-09-05 15:24:18','2016-09-05 15:24:18',148),(3819,279,'2860',0,3410,'2016-09-05 15:26:35',' ',0,0,0,1,'2016-09-05 15:26:35','2016-09-05 15:26:35',148),(3820,280,'2901',0,14000,'2016-09-05 15:28:28',' ',0,0,0,1,'2016-09-05 15:28:28','2016-09-05 15:28:28',148),(3821,287,'2847',0,10880,'2016-09-12 16:11:08',' ',0,0,0,1,'2016-09-12 16:11:08','2016-09-12 16:11:08',13),(3822,288,'2902',0,2900,'2016-09-12 16:18:04',' ',0,0,0,1,'2016-09-12 16:18:04','2016-09-12 16:18:04',148),(3823,289,'2872',0,14000,'2016-09-12 16:20:53',' ',0,0,0,1,'2016-09-12 16:20:53','2016-09-12 16:20:53',13),(3824,290,'2855',-196,18000,'2016-09-12 16:23:52',' ',0,0,0,1,'2016-09-12 16:23:52','2016-09-12 16:23:52',13),(3825,307,'2853',200,1000,'2016-09-19 16:53:24',' ',0,0,0,1,'2016-09-19 16:53:24','2016-09-19 16:53:24',13),(3826,291,'2883',-650,5650,'2016-09-12 16:32:49',' ',0,0,0,1,'2016-09-12 16:32:49','2016-09-12 16:32:49',173),(3827,292,'2856',0,2500,'2016-09-12 16:36:19',' ',0,0,0,1,'2016-09-12 16:36:19','2016-09-12 16:36:19',13),(3829,293,'2878',-380,3790,'2016-09-12 16:39:27',' ',0,0,0,1,'2016-09-12 16:39:27','2016-09-12 16:39:27',79),(3830,282,'2873',0,27225,'2016-09-12 16:58:19',' ',0,0,0,1,'2016-09-12 16:58:19','2016-09-12 16:58:19',13),(3831,294,'2879',0,1575.0000000001,'2016-09-12 16:59:44',' ',0,0,0,1,'2016-09-12 16:59:44','2016-09-12 16:59:44',79),(3832,295,'2874',17730,200000,'2016-09-12 17:03:01',' ',0,0,0,1,'2016-09-12 17:03:01','2016-09-12 17:03:01',13),(3833,296,'2861',0,14000,'2016-09-12 17:04:58',' ',0,0,0,1,'2016-09-12 17:04:58','2016-09-12 17:04:58',194),(3834,298,'2868',1495,20265,'2016-09-19 14:38:53',' ',0,0,0,1,'2016-09-19 14:38:53','2016-09-19 14:38:53',84),(3835,298,'2867',-1180,8000,'2016-09-19 14:49:05',' ',0,0,0,1,'2016-09-19 14:49:05','2016-09-19 14:49:05',84),(3836,298,'2869',-1180,8000,'2016-09-19 14:58:12',' ',0,0,0,1,'2016-09-19 14:58:12','2016-09-19 14:58:12',84),(3837,299,'2880',0,14000,'2016-09-19 15:09:53',' ',0,0,0,1,'2016-09-19 15:09:53','2016-09-19 15:09:53',79),(3838,300,'2870',0,1200,'2016-09-19 15:11:51',' ',0,0,0,1,'2016-09-19 15:11:51','2016-09-19 15:11:51',158),(3839,301,'2893',0,18150,'2016-09-19 15:17:11',' ',0,0,0,1,'2016-09-19 15:17:11','2016-09-19 15:17:11',84),(3841,335,'2826',1000,2150.0000000001,'2016-10-12 17:39:34',' ',0,0,0,1,'2016-10-12 17:39:34','2016-10-12 17:39:34',99),(3842,302,'2907',-3000,11000,'2016-09-19 15:20:07',' ',0,0,0,1,'2016-09-19 15:20:07','2016-09-19 15:20:07',173),(3843,303,'2436',-380,3790,'2016-09-19 15:24:15',' ',0,0,0,1,'2016-09-19 15:24:15','2016-09-19 15:24:15',95),(3844,304,'0235',0,1200,'2016-09-19 15:26:34',' ',0,0,0,1,'2016-09-19 15:26:34','2016-09-19 15:26:34',107),(3845,305,'2723',0,14000,'2016-09-19 15:28:25',' ',0,0,0,1,'2016-09-19 15:28:25','2016-09-19 15:28:25',20),(3846,306,'2904',100,1400,'2016-09-19 15:30:39',' ',0,0,0,1,'2016-09-19 15:30:39','2016-09-19 15:30:39',148),(3848,311,'2881',200,1000,'2016-09-26 19:37:31',' ',0,0,0,1,'2016-09-26 19:37:31','2016-09-26 19:37:31',79),(3849,312,'2877',-360,760,'2016-09-26 19:40:52',' ',0,0,0,1,'2016-09-26 19:40:52','2016-09-26 19:40:52',13),(3850,313,'2862',-1075,28300,'2016-09-26 19:44:20',' ',0,0,0,1,'2016-09-26 19:44:20','2016-09-26 19:44:20',194),(3851,314,'2252',0,1575.0000000001,'2016-09-26 19:50:54',' ',0,0,0,1,'2016-09-26 19:50:54','2016-09-26 19:50:54',43),(3853,315,'2499',1675,8800,'2016-09-26 19:52:49',' ',0,0,0,1,'2016-09-26 19:52:49','2016-09-26 19:52:49',158),(3854,317,'2876',0,3410,'2016-09-28 15:47:14',' ',0,0,0,1,'2016-09-28 15:47:14','2016-09-28 15:47:14',13),(3855,322,'2890',0,1500,'2016-10-03 15:54:50',' ',0,0,0,1,'2016-10-03 15:54:50','2016-10-03 15:54:50',194),(3857,323,'R2864',0,5445,'2016-10-03 15:59:38',' ',0,0,0,1,'2016-10-03 15:59:38','2016-10-03 15:59:38',158),(3859,325,'R2913',0,14000,'2016-10-10 16:06:27',' ',0,0,0,1,'2016-10-10 16:06:27','2016-10-10 16:06:27',99),(3860,310,'2284',-1575,28800,'2016-10-10 16:11:16',' ',0,0,0,1,'2016-10-10 16:11:16','2016-10-10 16:11:16',64),(3861,326,'2914',59620,120000,'2016-10-10 16:25:32',' ',0,0,0,1,'2016-10-10 16:25:32','2016-10-10 16:25:32',76),(3862,327,'2437',-1000,4410,'2016-10-10 16:28:32',' ',0,0,0,1,'2016-10-10 16:28:32','2016-10-10 16:28:32',72),(3863,328,'2882',0,10880,'2016-10-10 16:30:28',' ',0,0,0,1,'2016-10-10 16:30:28','2016-10-10 16:30:28',79),(3864,329,'2920',6000,8000,'2016-10-07 16:38:33',' ',0,0,0,1,'2016-10-10 16:33:08','2016-10-10 16:33:08',13),(3865,330,'2865',-2500,5650.0000000001,'2016-10-10 16:44:14',' ',0,0,0,1,'2016-10-10 16:44:14','2016-10-10 16:44:14',158),(3866,336,'2898',0,5445,'2016-10-12 17:47:16',' ',0,0,0,1,'2016-10-12 17:47:16','2016-10-12 17:47:16',148),(3867,337,'2899',-90,3500,'2016-10-12 17:54:31',' ',0,0,0,1,'2016-10-12 17:54:31','2016-10-12 17:54:31',148),(3868,339,'R2926',1400,12600,'2016-10-18 16:12:29',' ',0,0,0,1,'2016-10-18 16:12:29','2016-10-18 16:12:29',79),(3869,340,'R229',0,15675,'2016-10-19 14:17:45',' ',0,0,0,1,'2016-10-18 16:19:58','2016-10-18 16:19:58',188),(3870,341,'R2921',0,1500,'2016-10-19 14:39:22',' ',0,0,0,1,'2016-10-19 14:39:22','2016-10-19 14:39:22',13),(3872,342,'R2928',-425,5150.0000000002,'2016-10-19 14:44:59',' ',0,0,0,1,'2016-10-19 14:44:59','2016-10-19 14:44:59',79),(3873,343,'R02253',360,8000,'2016-10-19 14:48:17',' ',0,0,0,1,'2016-10-19 14:48:17','2016-10-19 14:48:17',43),(3874,344,'R02908',845,10035,'2016-10-19 14:51:31',' ',0,0,0,1,'2016-10-19 14:51:31','2016-10-19 14:51:31',173),(3875,351,'R2922',-380,3790,'2016-10-24 16:42:00',' ',0,0,0,1,'2016-10-24 16:42:00','2016-10-24 16:42:00',13),(3877,352,'R2909',10000,80000,'2016-10-24 16:46:53',' ',0,0,0,1,'2016-10-24 16:46:53','2016-10-24 16:46:53',173),(3878,347,'R2931',0,18200,'2016-10-24 16:50:24',' ',0,0,0,1,'2016-10-24 16:50:24','2016-10-24 16:50:24',74),(3879,353,'R2900',0,2500,'2016-10-24 16:54:16',' ',0,0,0,1,'2016-10-24 16:54:16','2016-10-24 16:54:16',148),(3880,354,'R2956',0,14000,'2016-10-24 16:57:34',' ',0,0,0,1,'2016-10-24 16:57:34','2016-10-24 16:57:34',72),(3881,355,'R2915',0,3410,'2016-10-24 17:00:53',' ',0,0,0,1,'2016-10-24 17:00:53','2016-10-24 17:00:53',64),(3882,356,'R2951',1400,12600,'2016-10-24 17:03:54',' ',0,0,0,1,'2016-10-24 17:03:54','2016-10-24 17:03:54',148),(3883,357,'R2937',-200,2700,'2016-10-24 17:07:13',' ',0,0,0,1,'2016-10-24 17:07:13','2016-10-24 17:07:13',72),(3884,358,'R2927',0,8360,'2016-10-24 17:10:55',' ',0,0,0,1,'2016-10-24 17:10:55','2016-10-24 17:10:55',79),(3885,350,'R2930',-955,11835,'2016-10-24 17:16:01',' ',0,0,0,1,'2016-10-24 17:16:01','2016-10-24 17:16:01',79),(3886,359,'R2895',500,2000,'2016-10-24 17:20:07',' ',0,0,0,1,'2016-10-24 17:20:07','2016-10-24 17:20:07',84),(3887,362,'R2896',0,14000,'2016-10-30 22:14:14',' ',0,0,0,1,'2016-10-30 22:14:14','2016-10-30 22:14:14',194),(3888,363,'R2957',0,1575.0000000001,'2016-10-30 22:34:40',' ',0,0,0,1,'2016-10-30 22:34:40','2016-10-30 22:34:40',194),(3889,364,'R2965',0,4150,'2016-10-31 16:40:17',' ',0,0,0,1,'2016-10-30 22:18:07','2016-10-30 22:18:07',84),(3890,365,'R02966',341,3069,'2016-10-30 22:20:31',' ',0,0,0,1,'2016-10-30 22:20:31','2016-10-30 22:20:31',84),(3891,366,'R2924',-1575,15575,'2016-10-30 22:23:53',' ',0,0,0,1,'2016-10-30 22:23:53','2016-10-30 22:23:53',13),(3892,367,'2941',1400,12600,'2016-10-30 22:25:54',' ',0,0,0,1,'2016-10-30 22:25:54','2016-10-30 22:25:54',13),(3894,368,'R2942',15590,28410,'2016-10-30 22:37:57',' ',0,0,0,1,'2016-10-30 22:37:57','2016-10-30 22:37:57',64),(3895,369,'R2953',0,1575.0000000001,'2016-10-30 22:39:34',' ',0,0,0,1,'2016-10-30 22:39:34','2016-10-30 22:39:34',148),(3896,370,'R2938',0,14000,'2016-10-30 22:41:03',' ',0,0,0,1,'2016-10-30 22:41:03','2016-10-30 22:41:03',72),(3897,371,'R2976',0,3150.0000000001,'2016-10-31 15:33:50',' ',0,0,0,1,'2016-10-31 15:33:50','2016-10-31 15:33:50',188),(3898,372,'R02832',4000,9999.9999999996,'2016-10-31 15:36:12',' ',0,0,0,1,'2016-10-31 15:36:12','2016-10-31 15:36:12',188),(3899,384,'R2911',0,1500,'2016-11-05 19:19:40',' ',0,0,0,1,'2016-11-05 19:19:40','2016-11-05 19:19:40',173),(3900,385,'R2489',1400,12600,'2016-11-05 19:22:07',' ',0,0,0,1,'2016-11-05 19:22:07','2016-11-05 19:22:07',67),(3901,386,'R2978',100,2400,'2016-11-05 19:26:45',' ',0,0,0,1,'2016-11-05 19:26:45','2016-11-05 19:26:45',148),(3902,324,'R2490',9900,180000,'2016-11-05 19:32:59',' ',0,0,0,1,'2016-11-05 19:32:59','2016-11-05 19:32:59',67),(3904,387,'R2813',0,3000.0000000001,'2016-11-05 19:35:07',' ',0,0,0,1,'2016-11-05 19:35:07','2016-11-05 19:35:07',188),(3906,388,'R2910',0,14000,'2016-11-05 19:36:48',' ',0,0,0,1,'2016-11-05 19:36:48','2016-11-05 19:36:48',173),(3907,389,'R2967',170,3240,'2016-11-05 19:40:00',' ',0,0,0,1,'2016-11-05 19:40:00','2016-11-05 19:40:00',13),(3908,412,'2980',-266,4426,'2016-11-12 20:12:32',' ',0,0,0,1,'2016-11-12 20:12:32','2016-11-12 20:12:32',74),(3909,390,'R2939',0,6820,'2016-11-05 20:02:42',' ',0,0,0,1,'2016-11-05 20:02:42','2016-11-05 20:02:42',72),(3910,391,'R2940',500,13500,'2016-11-05 20:05:28',' ',0,0,0,1,'2016-11-05 20:05:28','2016-11-05 20:05:28',99),(3911,392,'R2955',0,14000,'2016-11-05 20:22:31',' ',0,0,0,1,'2016-11-05 20:22:31','2016-11-05 20:22:31',148),(3912,393,'R2673',0,14000,'2016-11-05 20:29:49',' ',0,0,0,1,'2016-11-05 20:29:49','2016-11-05 20:29:49',72),(3913,394,'R2954',2668,50682,'2016-11-05 20:32:23',' ',0,0,0,1,'2016-11-05 20:32:23','2016-11-05 20:32:23',148),(3914,395,'R2972',0,3410,'2016-11-05 20:36:51',' ',0,0,0,1,'2016-11-05 20:36:51','2016-11-05 20:36:51',197),(3915,396,'R2305',0,14000,'2016-11-05 20:45:07',' ',0,0,0,1,'2016-11-05 20:45:07','2016-11-05 20:45:07',184),(3916,397,'R2968',0,5445,'2016-11-05 20:51:02',' ',0,0,0,1,'2016-11-05 20:51:02','2016-11-05 20:51:02',13),(3917,398,'Rr2969',0,1575.0000000001,'2016-11-05 20:58:38',' ',0,0,0,1,'2016-11-05 20:58:38','2016-11-05 20:58:38',13),(3918,399,'R2970',-300,2800,'2016-11-05 21:00:13',' ',0,0,0,1,'2016-11-05 21:00:13','2016-11-05 21:00:13',13),(3919,400,'R2971',820,6000,'2016-11-05 21:01:59',' ',0,0,0,1,'2016-11-05 21:01:59','2016-11-05 21:01:59',148),(3920,401,'R2988',335,3075,'2016-11-05 21:03:53',' ',0,0,0,1,'2016-11-05 21:03:53','2016-11-05 21:03:53',148),(3921,402,'R2989',-1575,9935,'2016-11-05 21:05:37',' ',0,0,0,1,'2016-11-05 21:05:37','2016-11-05 21:05:37',13),(3922,403,'R2977',-2380,16380,'2016-11-07 22:31:53',' ',0,0,0,1,'2016-11-07 22:31:53','2016-11-07 22:31:53',188),(3923,404,'R2091',0,3410,'2016-11-07 22:38:07',' ',0,0,0,1,'2016-11-07 22:38:07','2016-11-07 22:38:07',148),(3924,405,'R02661',0,3410,'2016-11-07 22:41:19',' ',0,0,0,1,'2016-11-07 22:41:19','2016-11-07 22:41:19',188),(3925,406,'R2888',-864,15008,'2016-11-07 22:44:01',' ',0,0,0,1,'2016-11-07 22:44:01','2016-11-07 22:44:01',158),(3926,407,'R3960',945,9935,'2016-11-07 22:46:05',' ',0,0,0,1,'2016-11-07 22:46:05','2016-11-07 22:46:05',84),(3927,408,'R2993',0,14000,'2016-11-07 22:48:06',' ',0,0,0,1,'2016-11-07 22:48:06','2016-11-07 22:48:06',158),(3928,415,'R2992',0,1575.0000000001,'2016-11-14 16:36:01',' ',0,0,0,1,'2016-11-14 16:36:01','2016-11-14 16:36:01',158),(3929,416,'R2887',20,380,'2016-11-14 16:37:50',' ',0,0,0,1,'2016-11-14 16:37:50','2016-11-14 16:37:50',158),(3930,417,'R2994',5000,8999.9999999996,'2016-11-14 16:42:10',' ',0,0,0,1,'2016-11-14 16:42:10','2016-11-14 16:42:10',84),(3932,419,'R2996',7600,6399.9999999996,'2016-11-14 16:48:22',' ',0,0,0,1,'2016-11-14 16:48:22','2016-11-14 16:48:22',173),(3933,423,'R2998',1660,1750,'2016-11-22 16:32:36',' ',0,0,0,1,'2016-11-22 16:32:36','2016-11-22 16:32:36',13),(3934,424,'R2999',0,2500,'2016-11-22 16:34:53',' ',0,0,0,1,'2016-11-22 16:34:53','2016-11-22 16:34:53',13),(3935,424,'R3000',410,3000,'2016-11-22 16:36:34',' ',0,0,0,1,'2016-11-22 16:36:34','2016-11-22 16:36:34',13),(3936,425,'R2814',-3500,17500,'2016-11-22 16:39:10',' ',0,0,0,1,'2016-11-22 16:39:10','2016-11-22 16:39:10',188),(3937,418,'R2247',0,14000,'2016-11-14 16:45:48',' ',0,0,0,1,'2016-11-14 16:45:48','2016-11-14 16:45:48',84),(3938,426,'R3010',100,1400,'2016-11-22 16:41:13',' ',0,0,0,1,'2016-11-22 16:41:13','2016-11-22 16:41:13',158),(3939,427,'R2958',0,3410,'2016-11-22 16:43:07',' ',0,0,0,1,'2016-11-22 16:43:07','2016-11-22 16:43:07',84),(3940,428,'R3012',0,3410,'2016-11-22 16:45:15',' ',0,0,0,1,'2016-11-22 16:45:15','2016-11-22 16:45:15',84),(3941,429,'R3023',60,1140,'2016-11-22 16:47:16',' ',0,0,0,1,'2016-11-22 16:47:16','2016-11-22 16:47:16',148),(3942,430,'R2979',2000,12000,'2016-11-22 16:48:50',' ',0,0,0,1,'2016-11-22 16:48:50','2016-11-22 16:48:50',188),(3943,431,'R2990',0,14000,'2016-11-22 16:50:35',' ',0,0,0,1,'2016-11-22 16:50:35','2016-11-22 16:50:35',188),(3944,432,'R3024',-9120,20000,'2016-11-22 16:53:29',' ',0,0,0,1,'2016-11-22 16:53:29','2016-11-22 16:53:29',148),(3945,421,'R2919',59620,120000,'2016-11-29 19:29:50',' ',0,0,0,1,'2016-11-29 19:29:50','2016-11-29 19:29:50',95),(3946,433,'R3001',0,10880,'2016-11-22 16:56:05',' ',0,0,0,1,'2016-11-22 16:56:05','2016-11-22 16:56:05',173),(3947,434,'R2820',0,3410,'2016-11-22 16:57:38',' ',0,0,0,1,'2016-11-22 16:57:38','2016-11-22 16:57:38',173),(3949,440,'R3003',0,3410,'2016-11-29 15:20:12',' ',0,0,0,1,'2016-11-29 15:20:12','2016-11-29 15:20:12',84),(3950,441,'R2491',2935,11209,'2016-11-29 15:25:01',' ',0,0,0,1,'2016-11-29 15:25:01','2016-11-29 15:25:01',67),(3951,442,'R2981',1400,12600,'2016-11-29 15:29:40',' ',0,0,0,1,'2016-11-29 15:29:40','2016-11-29 15:29:40',72),(3952,443,'R2946',-1575,15575,'2016-11-29 15:37:52',' ',0,0,0,1,'2016-11-29 15:37:52','2016-11-29 15:37:52',95),(3953,455,'R2936',0,14000,'2016-12-06 16:16:58',' ',0,0,0,1,'2016-12-06 16:16:58','2016-12-06 16:16:58',79),(3954,444,'R2077',0,14000,'2016-11-29 15:43:01',' ',0,0,0,1,'2016-11-29 15:43:01','2016-11-29 15:43:01',79),(3957,445,'R2076DD',-455,11335,'2016-11-29 16:07:52',' ',0,0,0,1,'2016-11-29 16:07:52','2016-11-29 16:07:52',173),(3958,446,'R2917',1400,12600,'2016-11-29 16:25:30',' ',0,0,0,1,'2016-11-29 16:25:30','2016-11-29 16:25:30',72),(3959,450,'R3025',0,1200,'2016-12-05 23:38:51',' ',0,0,0,1,'2016-12-05 23:38:51','2016-12-05 23:38:51',148),(3960,2,'R3006',20,2480,'2016-12-05 23:41:00',' ',0,0,0,1,'2016-12-05 23:41:00','2016-12-05 23:41:00',13),(3962,451,'R3002',0,14000,'2016-12-05 23:43:06',' ',0,0,0,1,'2016-12-05 23:43:06','2016-12-05 23:43:06',173),(3963,421,'R2948',4410,25000,'2016-12-05 23:46:40',' ',0,0,0,1,'2016-12-05 23:46:40','2016-12-05 23:46:40',95),(3964,452,'R3007',0,14000,'2016-12-05 23:48:34',' ',0,0,0,1,'2016-12-05 23:48:34','2016-12-05 23:48:34',13),(3965,453,'R3013',1400,12600,'2016-12-05 23:52:24',' ',0,0,0,1,'2016-12-05 23:52:24','2016-12-05 23:52:24',84),(3966,454,'R2943',-1500,15500,'2016-12-06 19:12:05',' ',0,0,0,1,'2016-12-06 19:12:05','2016-12-06 19:12:05',107),(3967,460,'R2944',-2475,29700,'2016-12-10 18:52:05',' ',0,0,0,1,'2016-12-10 18:52:05','2016-12-10 18:52:05',182),(3968,461,'R2950',-1077,28302,'2016-12-10 18:55:39',' ',0,0,0,1,'2016-12-10 18:55:39','2016-12-10 18:55:39',99),(3969,462,'R2949',-90,3500,'2016-12-10 19:00:00',' ',0,0,0,1,'2016-12-10 19:00:00','2016-12-10 19:00:00',95),(3970,463,'R3008',3000,11000,'2016-12-10 19:02:07',' ',0,0,0,1,'2016-12-10 19:02:07','2016-12-10 19:02:07',13),(3971,464,'R2918',0,2500,'2016-12-10 19:04:38',' ',0,0,0,1,'2016-12-10 19:04:38','2016-12-10 19:04:38',72),(3972,465,'R3042',1400,12600,'2016-12-10 19:06:26',' ',0,0,0,1,'2016-12-10 19:06:26','2016-12-10 19:06:26',173),(3974,482,'R3043',1500,13500,'2017-01-04 21:54:32',' ',0,0,0,1,'2017-01-04 21:54:32','2017-01-04 21:54:32',79),(3975,470,'R3040',0,1575.0000000001,'2016-12-19 20:06:02',' ',0,0,0,1,'2016-12-19 20:06:02','2016-12-19 20:06:02',13),(3977,471,'R3044',895,4550,'2016-12-19 20:08:55',' ',0,0,0,1,'2016-12-19 20:08:55','2016-12-19 20:08:55',107),(3978,481,'R3014',0,5000,'2016-12-26 18:36:46',' ',0,0,0,1,'2016-12-26 18:36:46','2016-12-26 18:36:46',158),(3979,491,'R3046',0,3410,'2017-01-05 18:02:30',' ',0,0,0,1,'2017-01-05 18:02:30','2017-01-05 18:02:30',173),(3980,492,'R2991',0,14000,'2017-01-05 18:25:49',' ',0,0,0,1,'2017-01-05 18:25:49','2017-01-05 18:25:49',188),(3981,494,'R3045',100,1400,'2017-01-05 18:52:47',' ',0,0,0,1,'2017-01-05 18:52:47','2017-01-05 18:52:47',158),(3982,495,'R3031',1000,14000,'2017-01-05 18:57:12',' ',0,0,0,1,'2017-01-05 18:57:12','2017-01-05 18:57:12',79),(3983,496,'R3029',0,1575.0000000001,'2017-01-05 19:02:14',' ',0,0,0,1,'2017-01-05 19:02:14','2017-01-05 19:02:14',79),(3984,497,'R2982',-4000,48000,'2017-01-05 19:05:01',' ',0,0,0,1,'2017-01-05 19:05:01','2017-01-05 19:05:01',72),(3985,498,'R2254',0,14000,'2017-01-05 19:07:06',' ',0,0,0,1,'2017-01-05 19:07:06','2017-01-05 19:07:06',43),(3986,503,'R3050',1880,9000,'2017-01-07 20:35:54',' ',0,0,0,1,'2017-01-07 20:35:54','2017-01-07 20:35:54',173),(3988,499,'R2945',0,53350,'2017-01-07 00:18:05',' ',0,0,0,1,'2017-01-07 00:18:05','2017-01-07 00:18:05',182),(3989,504,'R3015',0,5445,'2017-01-07 20:38:54',' ',0,0,0,1,'2017-01-07 20:38:54','2017-01-07 20:38:54',84),(3991,505,'R3101',2670,19000,'2017-01-07 20:41:00',' ',0,0,0,1,'2017-01-07 20:41:00','2017-01-07 20:41:00',188),(3992,508,'R3059',0,3410,'2017-01-09 19:53:05',' ',0,0,0,1,'2017-01-09 19:53:05','2017-01-09 19:53:05',173),(3993,507,'R3032',13350,40000,'2017-01-09 18:11:59',' ',0,0,0,1,'2017-01-09 18:11:59','2017-01-09 18:11:59',79),(3994,512,'R3102',0,5445,'2017-01-16 17:06:12',' ',0,0,0,1,'2017-01-16 17:06:12','2017-01-16 17:06:12',188),(3995,513,'R3052',0,14000,'2017-01-16 17:10:54',' ',0,0,0,1,'2017-01-16 17:10:54','2017-01-16 17:10:54',13),(3997,514,'R3034',0,14000,'2017-01-16 17:12:59',' ',0,0,0,1,'2017-01-16 17:12:59','2017-01-16 17:12:59',148),(3998,516,'R3036',0,1575.0000000001,'2017-01-23 16:40:29',' ',0,0,0,1,'2017-01-23 16:40:29','2017-01-23 16:40:29',148),(3999,517,'R3027',1400,12600,'2017-01-23 16:42:56',' ',0,0,0,1,'2017-01-23 16:42:56','2017-01-23 16:42:56',148),(4000,517,'R3028',0,1200,'2017-01-23 16:44:28',' ',0,0,0,1,'2017-01-23 16:44:28','2017-01-23 16:44:28',148),(4001,518,'R3072',0,2500,'2017-01-23 16:46:14',' ',0,0,0,1,'2017-01-23 16:46:14','2017-01-23 16:46:14',95),(4003,519,'R3026',0,3150.0000000001,'2017-01-23 16:48:07',' ',0,0,0,1,'2017-01-23 16:48:07','2017-01-23 16:48:07',148),(4004,520,'R3018',0,14000,'2017-01-23 16:50:08',' ',0,0,0,1,'2017-01-23 16:50:08','2017-01-23 16:50:08',158),(4005,521,'R3035',0,24502.5,'2017-01-25 23:33:22',' ',0,0,0,1,'2017-01-23 16:56:20','2017-01-23 16:56:20',148),(4006,524,'R3020',0,3410,'2017-01-30 15:49:40',' ',0,0,0,1,'2017-01-30 15:49:40','2017-01-30 15:49:40',158),(4007,524,'R3016',1000,4000,'2017-01-30 15:51:27',' ',0,0,0,1,'2017-01-30 15:51:27','2017-01-30 15:51:27',158),(4009,525,'R3017',0,10880,'2017-01-30 15:53:32',' ',0,0,0,1,'2017-01-30 15:53:32','2017-01-30 15:53:32',84),(4011,526,'R3038',-1432,9792,'2017-01-30 15:56:34',' ',0,0,0,1,'2017-01-30 15:56:34','2017-01-30 15:56:34',148),(4013,527,'R3053',-1750,15750,'2017-01-30 15:59:23',' ',0,0,0,1,'2017-01-30 15:59:23','2017-01-30 15:59:23',13),(4014,528,'R2256',1400,12600,'2017-01-30 16:01:48',' ',0,0,0,1,'2017-01-30 16:01:48','2017-01-30 16:01:48',43),(4015,534,'R3049',0,1575.0000000001,'2017-02-08 18:58:52',' ',0,0,0,1,'2017-02-08 18:58:52','2017-02-08 18:58:52',79),(4016,535,'R3037',0,1575,'2017-02-08 22:02:17',' ',0,0,0,1,'2017-02-08 19:01:01','2017-02-08 19:01:01',148),(4017,536,'R3086',0,2500,'2017-02-08 19:03:01',' ',0,0,0,1,'2017-02-08 19:03:01','2017-02-08 19:03:01',148),(4018,537,'R3021',-5300,170000,'2017-02-08 19:06:36',' ',0,0,0,1,'2017-02-08 19:06:36','2017-02-08 19:06:36',84),(4020,199,'R3103',3105,10895,'2017-02-04 16:45:58',' ',0,0,0,1,'2017-02-04 16:45:58','2017-02-04 16:45:58',188),(4021,538,'LETY',20,380,'2017-02-08 19:12:07',' ',0,0,0,1,'2017-02-08 19:12:07','2017-02-08 19:12:07',148),(4023,539,'R3089',1400,12600,'2017-02-08 19:24:23',' ',0,0,0,1,'2017-02-08 19:24:23','2017-02-08 19:24:23',72),(4024,542,'R3092',0,27225,'2017-02-13 23:31:37',' ',0,0,0,1,'2017-02-11 20:21:38','2017-02-11 20:21:38',184),(4025,543,'R3022',-2935,13410,'2017-02-11 20:27:31',' ',0,0,0,1,'2017-02-11 20:27:31','2017-02-11 20:27:31',84),(4027,544,'R3094',0,14000,'2017-02-18 17:57:11',' ',0,0,0,1,'2017-02-11 20:32:22','2017-02-11 20:32:22',79),(4029,545,'R3095',315,2835.0000000001,'2017-02-11 20:34:58',' ',0,0,0,1,'2017-02-11 20:34:58','2017-02-11 20:34:58',158),(4030,540,'R3096',682,6138,'2017-02-10 22:13:22',' ',0,0,0,1,'2017-02-10 22:13:22','2017-02-10 22:13:22',84),(4031,546,'R1008',1400,12600,'2017-02-11 20:41:46',' ',0,0,0,1,'2017-02-11 20:41:46','2017-02-11 20:41:46',108),(4033,547,'R3073',0,14000,'2017-02-11 20:51:02',' ',0,0,0,1,'2017-02-11 20:51:02','2017-02-11 20:51:02',95),(4034,554,'R3061',0,13695,'2017-02-18 19:57:01',' ',0,0,0,1,'2017-02-18 19:57:01','2017-02-18 19:57:01',79),(4035,555,'R3106',-175,14175,'2017-02-18 19:58:49',' ',0,0,0,1,'2017-02-18 19:58:49','2017-02-18 19:58:49',198),(4037,141,'R3100',0,1575.0000000001,'2017-02-20 17:27:04',' ',0,0,0,1,'2017-02-20 17:27:04','2017-02-20 17:27:04',84),(4038,561,'R3098',20,21650,'2017-02-27 18:11:11',' ',0,0,0,1,'2017-02-27 18:11:11','2017-02-27 18:11:11',158),(4039,562,'R2285',0,3410,'2017-02-27 18:13:37',' ',0,0,0,1,'2017-02-27 18:13:37','2017-02-27 18:13:37',67),(4040,563,'R3062',575,1000.0000000001,'2017-02-27 18:19:04',' ',0,0,0,1,'2017-02-27 18:19:04','2017-02-27 18:19:04',79),(4041,564,'R3137',1400,12600,'2017-02-27 18:22:30',' ',0,0,0,1,'2017-02-27 18:22:30','2017-02-27 18:22:30',13),(4042,570,'R3132',5765,5115,'2017-03-06 17:04:15',' ',0,0,0,1,'2017-03-06 17:04:15','2017-03-06 17:04:15',13),(4043,150,'R3099',0,14000,'2017-03-06 17:09:01',' ',0,0,0,1,'2017-03-06 17:09:01','2017-03-06 17:09:01',84),(4044,571,'R3097',0,14000,'2017-03-06 17:14:29',' ',0,0,0,1,'2017-03-06 17:14:29','2017-03-06 17:14:29',84),(4045,572,'R2959',0,1575.0000000001,'2017-03-06 17:16:41',' ',0,0,0,1,'2017-03-06 17:16:41','2017-03-06 17:16:41',184),(4046,573,'R3063',0,3410,'2017-03-06 17:20:30',' ',0,0,0,1,'2017-03-06 17:20:30','2017-03-06 17:20:30',79),(4047,574,'R3121',0,2775,'2017-03-06 17:56:59',' ',0,0,0,1,'2017-03-06 17:55:23','2017-03-06 17:55:23',84),(4048,575,'R3122',-2260,5670,'2017-03-06 18:06:07',' ',0,0,0,1,'2017-03-06 18:06:07','2017-03-06 18:06:07',84),(4049,576,'R3126',0,10880,'2017-03-06 18:10:00',' ',0,0,0,1,'2017-03-06 18:10:00','2017-03-06 18:10:00',184),(4429,262,'R017084',0,19250,'2016-08-26 18:27:17',' ',0,0,0,1,'2016-08-26 18:27:17','2016-08-26 18:27:17',188),(4487,308,'R017141',-20250,39500,'2016-09-19 17:07:29',' ',0,0,0,1,'2016-09-19 17:07:29','2016-09-19 17:07:29',79);
/*!40000 ALTER TABLE `venta` ENABLE KEYS */;
UNLOCK TABLES;

--
-- Table structure for table `venta_construccion`
--

DROP TABLE IF EXISTS `venta_construccion`;
/*!40101 SET @saved_cs_client     = @@character_set_client */;
/*!40101 SET character_set_client = utf8 */;
CREATE TABLE `venta_construccion` (
  `id` int(11) NOT NULL AUTO_INCREMENT,
  `venta_producto_id` int(11) NOT NULL,
  `terreno_id` int(11) NOT NULL,
  `construido` tinyint(1) NOT NULL DEFAULT '0',
  PRIMARY KEY (`id`),
  KEY `fk_venta_construccion_venta_producto1_idx` (`venta_producto_id`),
  KEY `fk_venta_construccion_terreno1_idx` (`terreno_id`),
  CONSTRAINT `fk_venta_construccion_terreno1` FOREIGN KEY (`terreno_id`) REFERENCES `terreno` (`id`) ON DELETE NO ACTION ON UPDATE NO ACTION,
  CONSTRAINT `fk_venta_construccion_venta_producto1` FOREIGN KEY (`venta_producto_id`) REFERENCES `venta_producto` (`id`) ON DELETE NO ACTION ON UPDATE NO ACTION
) ENGINE=InnoDB DEFAULT CHARSET=utf8;
/*!40101 SET character_set_client = @saved_cs_client */;

--
-- Dumping data for table `venta_construccion`
--

LOCK TABLES `venta_construccion` WRITE;
/*!40000 ALTER TABLE `venta_construccion` DISABLE KEYS */;
/*!40000 ALTER TABLE `venta_construccion` ENABLE KEYS */;
UNLOCK TABLES;

--
-- Table structure for table `venta_exhumacion`
--

DROP TABLE IF EXISTS `venta_exhumacion`;
/*!40101 SET @saved_cs_client     = @@character_set_client */;
/*!40101 SET character_set_client = utf8 */;
CREATE TABLE `venta_exhumacion` (
  `id` int(11) NOT NULL AUTO_INCREMENT,
  `venta_producto_id` int(11) NOT NULL,
  `inhumado_id` int(11) NOT NULL,
  `fecha` date NOT NULL,
  `observaciones` text,
  PRIMARY KEY (`id`),
  KEY `fk_venta_exhumacion_venta_producto1_idx` (`venta_producto_id`),
  KEY `fk_venta_exhumacion_inhumado1_idx` (`inhumado_id`),
  CONSTRAINT `fk_venta_exhumacion_inhumado1` FOREIGN KEY (`inhumado_id`) REFERENCES `inhumado` (`id`) ON DELETE NO ACTION ON UPDATE NO ACTION,
  CONSTRAINT `fk_venta_exhumacion_venta_producto1` FOREIGN KEY (`venta_producto_id`) REFERENCES `venta_producto` (`id`) ON DELETE NO ACTION ON UPDATE NO ACTION
) ENGINE=InnoDB DEFAULT CHARSET=utf8;
/*!40101 SET character_set_client = @saved_cs_client */;

--
-- Dumping data for table `venta_exhumacion`
--

LOCK TABLES `venta_exhumacion` WRITE;
/*!40000 ALTER TABLE `venta_exhumacion` DISABLE KEYS */;
/*!40000 ALTER TABLE `venta_exhumacion` ENABLE KEYS */;
UNLOCK TABLES;

--
-- Table structure for table `venta_inhumacion`
--

DROP TABLE IF EXISTS `venta_inhumacion`;
/*!40101 SET @saved_cs_client     = @@character_set_client */;
/*!40101 SET character_set_client = utf8 */;
CREATE TABLE `venta_inhumacion` (
  `id` int(11) NOT NULL AUTO_INCREMENT,
  `venta_producto_id` int(11) NOT NULL,
  `lote_id` int(11) NOT NULL,
  `inhumado_id` int(11) NOT NULL,
  `posicion` varchar(15) NOT NULL,
  `cenizas` tinyint(1) NOT NULL DEFAULT '0',
  `fecha` date NOT NULL,
  `observaciones` text,
  PRIMARY KEY (`id`),
  KEY `fk_venta_inhumacion_venta_producto1_idx` (`venta_producto_id`),
  KEY `fk_venta_inhumacion_lote1_idx` (`lote_id`),
  KEY `fk_venta_inhumacion_inhumado1_idx` (`inhumado_id`),
  CONSTRAINT `fk_venta_inhumacion_inhumado1` FOREIGN KEY (`inhumado_id`) REFERENCES `inhumado` (`id`) ON DELETE NO ACTION ON UPDATE NO ACTION,
  CONSTRAINT `fk_venta_inhumacion_lote1` FOREIGN KEY (`lote_id`) REFERENCES `lote` (`id`) ON DELETE NO ACTION ON UPDATE NO ACTION,
  CONSTRAINT `fk_venta_inhumacion_venta_producto1` FOREIGN KEY (`venta_producto_id`) REFERENCES `venta_producto` (`id`) ON DELETE NO ACTION ON UPDATE NO ACTION
) ENGINE=InnoDB DEFAULT CHARSET=utf8;
/*!40101 SET character_set_client = @saved_cs_client */;

--
-- Dumping data for table `venta_inhumacion`
--

LOCK TABLES `venta_inhumacion` WRITE;
/*!40000 ALTER TABLE `venta_inhumacion` DISABLE KEYS */;
/*!40000 ALTER TABLE `venta_inhumacion` ENABLE KEYS */;
UNLOCK TABLES;

--
-- Table structure for table `venta_lote`
--

DROP TABLE IF EXISTS `venta_lote`;
/*!40101 SET @saved_cs_client     = @@character_set_client */;
/*!40101 SET character_set_client = utf8 */;
CREATE TABLE `venta_lote` (
  `id` int(11) NOT NULL AUTO_INCREMENT,
  `venta_producto_id` int(11) NOT NULL,
  PRIMARY KEY (`id`),
  KEY `fk_venta_lote_venta_producto1_idx` (`venta_producto_id`),
  CONSTRAINT `fk_venta_lote_venta_producto1` FOREIGN KEY (`venta_producto_id`) REFERENCES `venta_producto` (`id`) ON DELETE NO ACTION ON UPDATE NO ACTION
) ENGINE=InnoDB DEFAULT CHARSET=utf8;
/*!40101 SET character_set_client = @saved_cs_client */;

--
-- Dumping data for table `venta_lote`
--

LOCK TABLES `venta_lote` WRITE;
/*!40000 ALTER TABLE `venta_lote` DISABLE KEYS */;
/*!40000 ALTER TABLE `venta_lote` ENABLE KEYS */;
UNLOCK TABLES;

--
-- Table structure for table `venta_mantenimiento`
--

DROP TABLE IF EXISTS `venta_mantenimiento`;
/*!40101 SET @saved_cs_client     = @@character_set_client */;
/*!40101 SET character_set_client = utf8 */;
CREATE TABLE `venta_mantenimiento` (
  `id` int(11) NOT NULL AUTO_INCREMENT,
  `venta_producto_id` int(11) NOT NULL,
  `empleado_id` int(11) NOT NULL,
  `lote_id` int(11) NOT NULL,
  `fecha_inicio` date NOT NULL,
  `fecha_fin` date NOT NULL,
  `activo` tinyint(1) NOT NULL DEFAULT '1',
  `nuevo` tinyint(1) DEFAULT '1',
  PRIMARY KEY (`id`),
  KEY `fk_venta_mantenimiento_venta_producto1_idx` (`venta_producto_id`),
  KEY `fk_venta_mantenimiento_jardinero1_idx` (`empleado_id`),
  KEY `fk_venta_mantenimiento_lote1_idx` (`lote_id`),
  CONSTRAINT `fk_venta_mantenimiento_jardinero1` FOREIGN KEY (`empleado_id`) REFERENCES `empleado` (`id`) ON DELETE NO ACTION ON UPDATE NO ACTION,
  CONSTRAINT `fk_venta_mantenimiento_lote1` FOREIGN KEY (`lote_id`) REFERENCES `lote` (`id`) ON DELETE NO ACTION ON UPDATE NO ACTION,
  CONSTRAINT `fk_venta_mantenimiento_venta_producto1` FOREIGN KEY (`venta_producto_id`) REFERENCES `venta_producto` (`id`) ON DELETE NO ACTION ON UPDATE NO ACTION
) ENGINE=InnoDB DEFAULT CHARSET=utf8;
/*!40101 SET character_set_client = @saved_cs_client */;

--
-- Dumping data for table `venta_mantenimiento`
--

LOCK TABLES `venta_mantenimiento` WRITE;
/*!40000 ALTER TABLE `venta_mantenimiento` DISABLE KEYS */;
/*!40000 ALTER TABLE `venta_mantenimiento` ENABLE KEYS */;
UNLOCK TABLES;

--
-- Table structure for table `venta_material`
--

DROP TABLE IF EXISTS `venta_material`;
/*!40101 SET @saved_cs_client     = @@character_set_client */;
/*!40101 SET character_set_client = utf8 */;
CREATE TABLE `venta_material` (
  `id` int(11) NOT NULL AUTO_INCREMENT,
  `folio` varchar(45) NOT NULL,
  `total_venta` double NOT NULL,
  `created_at` datetime NOT NULL,
  `updated_at` datetime NOT NULL,
  `venta_normal` tinyint(1) NOT NULL DEFAULT '1' COMMENT 'SI LA VENTA NO ES NORMAL, PERTENECE A VENTA POR STOCK',
  PRIMARY KEY (`id`)
) ENGINE=InnoDB AUTO_INCREMENT=65 DEFAULT CHARSET=utf8;
/*!40101 SET character_set_client = @saved_cs_client */;

--
-- Dumping data for table `venta_material`
--

LOCK TABLES `venta_material` WRITE;
/*!40000 ALTER TABLE `venta_material` DISABLE KEYS */;
INSERT INTO `venta_material` VALUES (1,'3501',14000,'2015-12-11 15:54:36','2015-12-11 15:54:36',1),(2,'CR',8235,'2015-12-11 16:46:13','2015-12-11 17:14:06',1),(3,'3508',10835,'2015-12-11 17:20:54','2015-12-11 17:20:54',1),(4,'3499',21900,'2015-12-11 17:29:04','2015-12-11 17:29:04',1),(5,'3485',27225,'2015-12-18 14:58:03','2015-12-18 14:58:03',1),(6,'3454',14000,'2015-12-18 14:59:46','2015-12-18 14:59:46',1),(7,'3441',3410,'2015-12-18 15:07:24','2015-12-18 15:07:24',1),(8,'3500',15000,'2015-12-22 16:24:13','2015-12-22 16:26:34',1),(9,'3475',4000,'2015-12-22 16:31:07','2015-12-22 16:31:07',1),(10,'3511',12325,'2015-12-22 16:33:22','2015-12-22 16:35:57',1),(11,'3462',35000,'2015-12-22 16:52:16','2015-12-22 16:56:42',1),(12,'3546',3410,'2016-01-14 10:53:12','2016-01-14 10:53:12',1),(13,'3535',5445,'2016-01-14 10:55:04','2016-01-14 10:55:04',1),(14,'3547',3410,'2016-01-14 11:35:01','2016-01-14 11:35:01',1),(15,'3555',5445,'2016-01-14 11:36:45','2016-01-14 11:36:45',1),(16,'3559',3410,'2016-01-14 11:38:00','2016-01-14 11:38:00',1),(17,'3533',3410,'2016-01-14 11:40:15','2016-01-14 11:40:15',1),(18,'3534',16195,'2016-01-14 11:42:06','2016-01-14 11:42:06',1),(19,'3540',23141,'2016-01-14 11:44:03','2016-01-14 11:44:03',1),(20,'3486',53350,'2016-01-14 12:06:43','2016-01-14 12:07:58',1),(21,'3525',37000,'2016-01-14 12:16:40','2016-01-14 12:19:00',1),(22,'3333',24750,'2016-01-15 15:04:23','2016-01-15 15:04:23',1),(23,'3554',10835,'2016-01-15 15:21:12','2016-01-15 15:21:12',1),(24,'3553',14000,'2016-01-15 15:22:37','2016-01-15 15:22:37',1),(25,'3458',10835,'2016-01-19 16:27:40','2016-01-19 16:27:40',1),(26,'3477',10835,'2016-01-19 16:39:59','2016-01-19 16:43:17',1),(27,'3556',14000,'2016-01-21 09:34:42','2016-01-21 09:34:42',1),(28,'3564',33000,'2016-01-22 12:32:57','2016-01-22 12:32:57',1),(29,'2483A',7146,'2016-01-28 15:47:26','2016-01-28 15:47:26',1),(30,'3520',24008,'2016-01-30 12:11:31','2016-01-30 12:11:31',1),(31,'3574',14000,'2016-02-08 16:40:08','2016-02-08 16:40:08',1),(32,'3580',3410,'2016-02-08 16:41:49','2016-02-08 16:41:49',1),(33,'3575',5445,'2016-02-08 16:43:02','2016-02-08 16:52:07',1),(35,'3583',3410,'2016-02-08 17:50:10','2016-02-08 17:50:10',1),(36,'3573',3410,'2016-02-11 11:12:34','2016-02-11 11:12:34',1),(37,'3571',3410,'2016-02-11 11:13:27','2016-02-11 11:13:27',1),(38,'3536',9765,'2016-02-15 15:15:12','2016-02-15 15:15:12',1),(39,'3584',3410,'2016-02-15 15:16:50','2016-02-15 15:16:50',1),(40,'3552',16000,'2016-02-15 15:20:21','2016-02-15 15:21:20',1),(41,'3538',10835,'2016-02-15 15:30:36','2016-02-15 15:30:36',1),(42,'3521',24503,'2016-02-22 17:11:00','2016-02-22 17:11:00',1),(43,'3585',10835,'2016-02-22 17:12:25','2016-02-22 17:12:25',1),(44,'3504',10880,'2016-02-22 17:13:30','2016-02-22 17:13:30',1),(45,'3541',13000,'2016-02-22 17:15:59','2016-02-22 17:15:59',1),(46,'3532',7386,'2016-02-27 09:57:02','2016-02-27 09:57:02',1),(47,'3603',3410,'2016-02-27 11:21:32','2016-02-27 11:21:32',1),(48,'3589',11900,'2016-03-10 10:05:48','2016-03-10 10:05:48',1),(49,'3596',3410,'2016-03-10 10:07:57','2016-03-10 10:07:57',1),(50,'3452',10835,'2016-03-10 10:15:54','2016-03-10 10:17:15',1),(51,'3590',11900,'2016-03-10 10:22:01','2016-03-10 10:22:01',1),(52,'3582',14000,'2016-03-12 13:14:01','2016-03-12 13:14:01',1),(53,'3594',14000,'2016-03-12 13:15:09','2016-03-12 13:15:09',1),(54,'3591',18420,'2016-03-12 13:19:29','2016-03-12 13:19:29',1),(55,'3593',16000,'2016-03-12 13:20:26','2016-03-12 13:20:26',1),(56,'3604',21670,'2016-03-12 13:22:00','2016-03-12 13:22:00',1),(57,'3539',10835,'2016-03-15 13:01:59','2016-03-15 13:01:59',1),(58,'3600',8360,'2016-03-15 13:03:27','2016-03-15 13:03:27',1),(59,'3563',3410,'2016-03-15 13:04:55','2016-03-15 13:04:55',1),(60,'3587',30000,'2016-03-15 13:06:46','2016-03-15 13:06:46',1),(61,'3609',12600,'2016-03-15 13:11:04','2016-03-15 13:12:14',1),(62,'3612',14000,'2016-03-17 16:43:38','2016-03-17 16:43:38',1),(63,'3572',45000,'2016-03-17 16:46:50','2016-03-17 16:46:50',1),(64,'3602',25326,'2016-03-24 11:44:56','2016-03-24 11:44:56',1);
/*!40000 ALTER TABLE `venta_material` ENABLE KEYS */;
UNLOCK TABLES;

--
-- Table structure for table `venta_material_baja`
--

DROP TABLE IF EXISTS `venta_material_baja`;
/*!40101 SET @saved_cs_client     = @@character_set_client */;
/*!40101 SET character_set_client = utf8 */;
CREATE TABLE `venta_material_baja` (
  `id` int(11) NOT NULL AUTO_INCREMENT,
  `venta_material_id` int(11) NOT NULL,
  `material_baja_id` int(11) NOT NULL,
  `precio_pieza` double NOT NULL,
  `created_at` datetime NOT NULL,
  `updated_at` datetime NOT NULL,
  PRIMARY KEY (`id`),
  KEY `fk_venta_material_baja_venta_material1_idx` (`venta_material_id`),
  KEY `fk_venta_material_baja_material_baja1_idx` (`material_baja_id`),
  CONSTRAINT `fk_venta_material_baja_material_baja1` FOREIGN KEY (`material_baja_id`) REFERENCES `material_baja` (`id`) ON DELETE NO ACTION ON UPDATE NO ACTION,
  CONSTRAINT `fk_venta_material_baja_venta_material1` FOREIGN KEY (`venta_material_id`) REFERENCES `venta_material` (`id`) ON DELETE NO ACTION ON UPDATE NO ACTION
) ENGINE=InnoDB AUTO_INCREMENT=79 DEFAULT CHARSET=utf8;
/*!40101 SET character_set_client = @saved_cs_client */;

--
-- Dumping data for table `venta_material_baja`
--

LOCK TABLES `venta_material_baja` WRITE;
/*!40000 ALTER TABLE `venta_material_baja` DISABLE KEYS */;
INSERT INTO `venta_material_baja` VALUES (1,1,1,14000,'2015-12-11 15:54:36','2015-12-11 15:54:36'),(2,2,2,609,'2015-12-11 16:46:14','2015-12-11 16:46:14'),(3,2,3,4715,'2015-12-11 17:11:41','2015-12-11 17:11:41'),(4,2,4,624,'2015-12-11 17:14:07','2015-12-11 17:14:07'),(5,3,5,10835,'2015-12-11 17:20:54','2015-12-11 17:20:54'),(6,4,6,21900,'2015-12-11 17:29:04','2015-12-11 17:29:04'),(7,2,7,2287,'2015-12-17 13:29:40','2015-12-17 13:29:40'),(8,5,8,27225,'2015-12-18 14:58:03','2015-12-18 14:58:03'),(9,6,9,14000,'2015-12-18 14:59:46','2015-12-18 14:59:46'),(10,7,10,3410,'2015-12-18 15:07:24','2015-12-18 15:07:24'),(11,8,11,1705,'2015-12-22 16:24:14','2015-12-22 16:24:14'),(12,8,12,13295,'2015-12-22 16:26:34','2015-12-22 16:26:34'),(13,9,13,4000,'2015-12-22 16:31:07','2015-12-22 16:31:07'),(14,10,14,3410,'2015-12-22 16:33:22','2015-12-22 16:33:22'),(15,10,15,8915,'2015-12-22 16:35:57','2015-12-22 16:35:57'),(16,11,16,8590,'2015-12-22 16:52:16','2015-12-22 16:52:16'),(17,11,17,3410,'2015-12-22 16:53:23','2015-12-22 16:53:23'),(18,11,18,23000,'2015-12-22 16:56:42','2015-12-22 16:56:42'),(19,12,19,3410,'2016-01-14 10:53:12','2016-01-14 10:53:12'),(20,13,20,5445,'2016-01-14 10:55:04','2016-01-14 10:55:04'),(21,14,21,3410,'2016-01-14 11:35:02','2016-01-14 11:35:02'),(22,15,22,5445,'2016-01-14 11:36:45','2016-01-14 11:36:45'),(23,16,23,3410,'2016-01-14 11:38:01','2016-01-14 11:38:01'),(24,17,24,3410,'2016-01-14 11:40:15','2016-01-14 11:40:15'),(25,18,25,16195,'2016-01-14 11:42:06','2016-01-14 11:42:06'),(26,19,26,23141,'2016-01-14 11:44:03','2016-01-14 11:44:03'),(27,20,27,30260,'2016-01-14 12:06:43','2016-01-14 12:06:43'),(28,20,28,23090,'2016-01-14 12:07:58','2016-01-14 12:07:58'),(29,21,29,4644,'2016-01-14 12:16:40','2016-01-14 12:16:40'),(30,21,30,32356,'2016-01-14 12:19:00','2016-01-14 12:19:00'),(31,22,31,24750,'2016-01-15 15:04:24','2016-01-15 15:04:24'),(32,23,32,10835,'2016-01-15 15:21:13','2016-01-15 15:21:13'),(33,24,33,14000,'2016-01-15 15:22:37','2016-01-15 15:22:37'),(34,25,38,10835,'2016-01-19 16:27:40','2016-01-19 16:27:40'),(35,26,39,2364,'2016-01-19 16:39:59','2016-01-19 16:39:59'),(36,26,40,8471,'2016-01-19 16:43:17','2016-01-19 16:43:17'),(37,27,41,14000,'2016-01-21 09:34:42','2016-01-21 09:34:42'),(38,28,42,33000,'2016-01-22 12:32:57','2016-01-22 12:32:57'),(39,29,43,7146,'2016-01-28 15:47:26','2016-01-28 15:47:26'),(40,30,44,24008,'2016-01-30 12:11:31','2016-01-30 12:11:31'),(41,31,45,14000,'2016-02-08 16:40:08','2016-02-08 16:40:08'),(42,32,46,3410,'2016-02-08 16:41:50','2016-02-08 16:41:50'),(44,33,48,5445,'2016-02-08 16:52:07','2016-02-08 16:52:07'),(46,35,50,3410,'2016-02-08 17:50:10','2016-02-08 17:50:10'),(47,36,51,3410,'2016-02-11 11:12:34','2016-02-11 11:12:34'),(48,37,52,3410,'2016-02-11 11:13:27','2016-02-11 11:13:27'),(49,38,53,9765,'2016-02-15 15:15:13','2016-02-15 15:15:13'),(50,39,54,3410,'2016-02-15 15:16:50','2016-02-15 15:16:50'),(51,40,55,3200,'2016-02-15 15:20:21','2016-02-15 15:20:21'),(52,40,56,12800,'2016-02-15 15:21:21','2016-02-15 15:21:21'),(53,41,57,10835,'2016-02-15 15:30:36','2016-02-15 15:30:36'),(54,42,58,24503,'2016-02-22 17:11:00','2016-02-22 17:11:00'),(55,43,59,10835,'2016-02-22 17:12:25','2016-02-22 17:12:25'),(56,44,60,10880,'2016-02-22 17:13:31','2016-02-22 17:13:31'),(57,45,61,13000,'2016-02-22 17:15:59','2016-02-22 17:15:59'),(58,46,62,7386,'2016-02-27 09:57:02','2016-02-27 09:57:02'),(59,47,63,3410,'2016-02-27 11:21:32','2016-02-27 11:21:32'),(60,48,64,11900,'2016-03-10 10:05:48','2016-03-10 10:05:48'),(61,49,65,3410,'2016-03-10 10:07:57','2016-03-10 10:07:57'),(62,50,66,3251,'2016-03-10 10:15:54','2016-03-10 10:15:54'),(63,50,67,7584,'2016-03-10 10:17:16','2016-03-10 10:17:16'),(64,51,68,11900,'2016-03-10 10:22:02','2016-03-10 10:22:02'),(65,52,70,14000,'2016-03-12 13:14:01','2016-03-12 13:14:01'),(66,53,71,14000,'2016-03-12 13:15:09','2016-03-12 13:15:09'),(67,54,72,18420,'2016-03-12 13:19:29','2016-03-12 13:19:29'),(68,55,73,16000,'2016-03-12 13:20:26','2016-03-12 13:20:26'),(69,56,74,21670,'2016-03-12 13:22:00','2016-03-12 13:22:00'),(70,57,75,10835,'2016-03-15 13:01:59','2016-03-15 13:01:59'),(71,58,76,8360,'2016-03-15 13:03:27','2016-03-15 13:03:27'),(72,59,77,3410,'2016-03-15 13:04:56','2016-03-15 13:04:56'),(73,60,78,30000,'2016-03-15 13:06:46','2016-03-15 13:06:46'),(74,61,79,5040,'2016-03-15 13:11:04','2016-03-15 13:11:04'),(75,61,80,7560,'2016-03-15 13:12:14','2016-03-15 13:12:14'),(76,62,81,14000,'2016-03-17 16:43:39','2016-03-17 16:43:39'),(77,63,82,45000,'2016-03-17 16:46:50','2016-03-17 16:46:50'),(78,64,83,25326,'2016-03-24 11:44:56','2016-03-24 11:44:56');
/*!40000 ALTER TABLE `venta_material_baja` ENABLE KEYS */;
UNLOCK TABLES;

--
-- Table structure for table `venta_producto`
--

DROP TABLE IF EXISTS `venta_producto`;
/*!40101 SET @saved_cs_client     = @@character_set_client */;
/*!40101 SET character_set_client = utf8 */;
CREATE TABLE `venta_producto` (
  `id` int(11) NOT NULL AUTO_INCREMENT,
  `venta_id` int(11) NOT NULL,
  `producto_id` int(11) NOT NULL,
  `cantidad` int(11) NOT NULL,
  `total` double NOT NULL,
  `precio_unitario` double NOT NULL,
  `iva` double NOT NULL,
  PRIMARY KEY (`id`),
  KEY `fk_venta_producto_venta_idx` (`venta_id`),
  KEY `fk_venta_producto_producto1_idx` (`producto_id`),
  CONSTRAINT `fk_venta_producto_producto1` FOREIGN KEY (`producto_id`) REFERENCES `producto` (`id`) ON DELETE NO ACTION ON UPDATE NO ACTION,
  CONSTRAINT `fk_venta_producto_venta` FOREIGN KEY (`venta_id`) REFERENCES `venta` (`id`) ON DELETE NO ACTION ON UPDATE NO ACTION
) ENGINE=InnoDB AUTO_INCREMENT=787 DEFAULT CHARSET=utf8;
/*!40101 SET character_set_client = @saved_cs_client */;

--
-- Dumping data for table `venta_producto`
--

LOCK TABLES `venta_producto` WRITE;
/*!40000 ALTER TABLE `venta_producto` DISABLE KEYS */;
INSERT INTO `venta_producto` VALUES (80,1000,315,1,15000,12600,2400),(81,1001,303,1,17523,14719.32,2803.68),(82,1002,303,1,17523,14719.32,2803.68),(83,1003,303,1,17523,14719.32,2803.68),(84,1004,303,1,17523,14719.32,2803.68),(85,1010,290,1,33784,28378.56,5405.44),(86,1072,290,1,33784,28378.56,5405.44),(87,1080,290,1,33784,28378.56,5405.44),(88,1148,290,1,33784,28378.56,5405.44),(89,1151,290,1,33784,28378.56,5405.44),(90,1179,290,1,33784,28378.56,5405.44),(91,1195,335,1,191216,160621.44,30594.56),(92,1246,297,1,43200,36288,6912),(93,1249,323,1,88750.5,74550.42,14200.08),(94,1283,290,1,33784,28378.56,5405.44),(95,1284,290,1,33784,28378.56,5405.44),(96,1301,290,1,33784,28378.56,5405.44),(97,1306,290,1,33784,28378.56,5405.44),(98,1329,290,1,33784,28378.56,5405.44),(99,1336,290,1,33784,28378.56,5405.44),(100,1358,290,1,33784,28378.56,5405.44),(101,1362,333,1,110938,93187.92,17750.08),(102,1363,290,1,33784,28378.56,5405.44),(103,1366,331,1,110938,93187.92,17750.08),(104,1373,290,1,33784,28378.56,5405.44),(105,1374,290,1,33784,28378.56,5405.44),(106,1382,290,1,33784,28378.56,5405.44),(107,1383,290,1,33784,28378.56,5405.44),(108,1385,290,1,33784,28378.56,5405.44),(109,1386,314,1,46050,38682,7368),(110,1387,290,1,33784,28378.56,5405.44),(111,1391,312,1,10000,8400,1600),(112,1409,310,1,46056,38687.04,7368.96),(113,1420,290,1,33784,28378.56,5405.44),(114,1428,290,1,33784,28378.56,5405.44),(115,1432,330,1,88750,74550,14200),(116,1436,297,1,47791,40144.44,7646.56),(117,1439,290,1,33784,28378.56,5405.44),(118,1449,318,1,75075,63063,12012),(119,1462,290,1,33784,28378.56,5405.44),(120,1465,290,1,33784,28378.56,5405.44),(121,1471,297,1,42358,35580.72,6777.28),(122,1477,297,1,42358,35580.72,6777.28),(123,1478,290,1,33784,28378.56,5405.44),(124,1479,290,1,33784,28378.56,5405.44),(125,1480,290,1,33784,28378.56,5405.44),(126,1481,290,1,33784,28378.56,5405.44),(127,1490,290,1,33784,28378.56,5405.44),(128,1491,290,1,33784,28378.56,5405.44),(129,1500,302,1,45008,37806.72,7201.28),(130,1503,290,1,33784,28378.56,5405.44),(131,1504,321,1,60060,50450.4,9609.6),(132,1505,320,1,60060,50450.4,9609.6),(133,1507,297,1,43176,36267.84,6908.16),(134,1509,290,1,33784,28378.56,5405.44),(135,1510,327,1,88750,74550,14200),(136,1511,297,1,42357.25,35580.09,6777.16),(137,1513,290,1,33784,28378.56,5405.44),(138,1514,297,1,42358,35580.72,6777.28),(139,1515,329,1,110938,93187.92,17750.08),(140,1516,328,1,88758,74556.72,14201.28),(141,1517,290,1,33784,28378.56,5405.44),(142,1518,290,1,33784,28378.56,5405.44),(143,1519,290,1,33784,28378.56,5405.44),(144,1521,297,1,42184,35434.56,6749.44),(145,1522,297,1,42358,35580.72,6777.28),(146,1529,297,1,42357.25,35580.09,6777.16),(147,1535,298,1,38073.5,31981.74,6091.76),(148,1538,290,1,33784,28378.56,5405.44),(149,1540,290,1,33784,28378.56,5405.44),(150,1541,290,1,33784,28378.56,5405.44),(151,1542,290,1,33784,28378.56,5405.44),(152,1546,322,1,80278,67433.52,12844.48),(153,1547,326,1,88758,74556.72,14201.28),(154,1556,297,1,43784,36778.56,7005.44),(155,1563,290,1,33784,28378.56,5405.44),(156,1566,290,1,33784,28378.56,5405.44),(157,1567,297,1,41764,35081.76,6682.24),(158,1574,290,1,33784,28378.56,5405.44),(159,1581,290,1,33784,28378.56,5405.44),(160,1582,297,1,42387,35605.08,6781.92),(161,1585,290,1,33784,28378.56,5405.44),(162,1586,290,1,33784,28378.56,5405.44),(163,1587,336,1,66321,55709.64,10611.36),(164,1588,290,1,33784,28378.56,5405.44),(165,1591,299,1,35509,29827.56,5681.44),(166,1592,290,1,33784,28378.56,5405.44),(167,1593,309,1,25000,21000,4000),(168,1594,290,1,33784,28378.56,5405.44),(169,1595,290,1,33784,28378.56,5405.44),(170,1596,290,1,33784,28378.56,5405.44),(171,1600,298,1,38070.62,31979.3208,6091.2992),(172,1601,290,1,33784,28378.56,5405.44),(173,1605,290,1,33784,28378.56,5405.44),(174,1606,290,1,33784,28378.56,5405.44),(175,1607,290,1,33784,28378.56,5405.44),(176,1608,290,1,33784,28378.56,5405.44),(177,1609,290,1,33784,28378.56,5405.44),(178,1610,290,1,33784,28378.56,5405.44),(179,1611,290,1,33784,28378.56,5405.44),(180,1613,297,1,42357.25,35580.09,6777.16),(181,1619,290,1,33784,28378.56,5405.44),(182,1620,290,1,33784,28378.56,5405.44),(183,1624,290,1,33784,28378.56,5405.44),(184,1625,337,1,86867,72968.28,13898.72),(185,1629,290,1,33784,28378.56,5405.44),(186,1630,290,1,33784,28378.56,5405.44),(187,1631,302,1,45008,37806.72,7201.28),(188,1634,290,1,33784,28378.56,5405.44),(189,1637,297,1,42357.25,35580.09,6777.16),(190,1638,297,1,42357.25,35580.09,6777.16),(191,1639,290,1,33784,28378.56,5405.44),(192,1643,297,1,42357,35579.88,6777.12),(193,1644,319,1,65450,54978,10472),(194,1650,297,1,42357,35579.88,6777.12),(195,1651,332,1,88750,74550,14200),(196,1662,297,1,42357.25,35580.09,6777.16),(197,1663,297,1,42357.25,35580.09,6777.16),(198,1664,297,1,42357.25,35580.09,6777.16),(199,1665,297,1,42357.25,35580.09,6777.16),(200,1666,297,1,42357.25,35580.09,6777.16),(201,1667,297,1,42357.25,35580.09,6777.16),(202,1669,297,1,42358,35580.72,6777.28),(203,1670,324,1,88750,74550,14200),(204,1677,338,1,242650,203826,38824),(205,1676,325,1,80938,67987.92,12950.08),(206,1679,290,1,33784,28378.56,5405.44),(207,1681,307,1,27192,22841.28,4350.72),(208,1682,290,1,33784,28378.56,5405.44),(209,1685,290,1,33784,28378.56,5405.44),(210,1686,290,1,33784,28378.56,5405.44),(211,1687,313,1,25000,21000,4000),(212,1688,290,1,33784,28378.56,5405.44),(213,1689,290,1,33784,28378.56,5405.44),(214,1690,297,1,42358,35580.72,6777.28),(215,1691,290,1,33784,28378.56,5405.44),(216,1692,290,1,33784,28378.56,5405.44),(217,1694,297,1,42357,35579.88,6777.12),(218,1695,316,1,60000,50400,9600),(219,1696,290,1,33784,28378.56,5405.44),(220,1697,334,1,685250,575610,109640),(221,1698,297,1,47791,40144.44,7646.56),(222,1699,297,1,47791,40144.44,7646.56),(223,1700,306,1,19250,16170,3080),(224,1701,290,1,33784,28378.56,5405.44),(225,1702,299,1,35509,29827.56,5681.44),(226,1703,311,1,15000,12600,2400),(227,1704,317,1,60000,50400,9600),(228,1705,297,1,42357.25,35580.09,6777.16),(229,1706,297,1,42357.25,35580.09,6777.16),(235,1707,297,1,42358,36515.517241379,16),(236,3552,351,1,16000,16000,16),(237,3560,342,1,14000,14000,16),(238,3577,342,1,14000,14000,16),(239,3579,342,1,14000,14000,16),(240,3582,342,1,14000,14000,16),(241,3588,352,1,3410,3410,16),(242,3598,355,1,40000,40000,16),(243,3599,342,1,14000,14000,16),(244,3601,365,1,5445,5445,16),(245,3606,345,1,2000,2000,16),(246,3611,342,1,14000,14000,16),(247,3621,349,1,1705,1705,16),(248,3624,356,1,87120,87120,16),(249,3626,361,1,4000,4000,16),(250,3627,353,1,16000,16000,16),(251,3630,342,1,14000,14000,16),(252,3632,354,1,18410,18410,16),(253,3635,352,1,3410,3410,16),(254,3638,340,1,10835,10835,16),(255,3642,341,1,13620,13620,16),(256,3647,363,1,6000,6000,16),(257,3648,364,1,8000,8000,16),(258,3656,340,1,10835,10835,16),(259,3662,340,1,10835,10835,16),(260,3663,346,1,25000,25000,16),(261,3667,360,1,2800,2800,16),(262,3668,340,1,10835,10835,16),(263,3674,342,1,14000,14000,16),(264,3676,358,1,1500,1500,16),(265,3680,342,1,14000,14000,16),(266,3681,347,1,27225,27225,16),(267,3682,343,1,2000,2000,16),(268,3683,365,1,5445,5445,16),(269,3686,339,1,14000,14000,16),(270,3688,352,1,3410,3410,16),(271,3689,362,1,4910,4910,16),(272,3690,350,1,3410,3410,16),(273,3691,357,1,1200,1200,16),(274,3692,344,1,8000,8000,16),(275,3693,365,1,5445,5445,16),(276,3694,359,1,1500,1500,16),(277,3695,342,1,14000,14000,16),(278,3696,365,1,5445,5445,16),(279,3697,348,1,42075,42075,16),(281,1711,225,1,128640.6,110897.06896552,16),(282,1712,297,1,42358,36515.517241379,16),(284,1713,297,1,42358,36515.517241379,16),(290,1715,118,1,110938,95636.206896552,16),(292,1716,290,1,33784,29124.137931034,16),(293,1717,290,1,33784,29124.137931034,16),(294,1718,226,1,142934,123218.96551724,16),(295,1719,367,1,88750.44,76509,16),(296,1721,299,1,35509.000004,30611.2069,16),(297,1722,299,1,35509.000004,30611.2069,16),(298,1723,299,1,35509.000004,30611.2069,16),(299,1726,203,1,109901,94742.24137931,16),(300,1728,290,1,33784,29124.137931034,16),(301,1727,297,1,46448.25,40041.594827586,16),(302,1482,290,1,33784,29124.137931034,16),(303,1483,290,1,33784,29124.137931034,16),(311,3702,403,1,3410,2939.6551724138,16),(313,3703,417,104,5200,43.103448275862,16),(315,1736,62,1,65450,56422.413793103,16),(317,1737,290,1,37875,32650.862068966,16),(318,1738,419,1,20000,17241.379310345,16),(319,1739,368,1,19275.0008,16616.38,16),(320,1741,420,1,565612.5,487596.98275862,16),(321,1742,290,1,37875,32650.862068966,16),(322,1743,421,1,15590,13439.655172414,16),(323,1745,297,1,46448.25,40041.594827586,16),(324,1746,290,1,37875,32650.862068966,16),(325,1747,422,1,232850,200732.75862069,16),(326,1748,290,1,37875,32650.862068966,16),(327,1750,290,1,37875,32650.862068966,16),(328,1751,298,1,42164.5036,36348.71,16),(329,1752,298,1,42164.5036,36348.71,16),(332,1755,247,2,27190,11719.827586207,16),(333,1756,290,1,37875,32650.862068966,16),(334,1757,297,1,46448.25,40041.594827586,16),(335,3704,395,1,10880,9379.3103448276,16),(336,3706,417,110,5500,43.103448275862,16),(337,3709,415,1,2500,2155.1724137931,16),(338,3711,409,1,3410,2939.6551724138,16),(339,3731,388,1,14000,12068.965517241,16),(340,3733,409,1,3410,2939.6551724138,16),(341,3734,423,1,10475,9030.1724137931,16),(342,3736,406,1,5445,4693.9655172414,16),(343,3738,409,1,3410,2939.6551724138,16),(344,3739,395,1,10880,9379.3103448276,16),(345,3743,387,1,14000,12068.965517241,16),(346,3744,424,1,4160,3586.2068965517,16),(347,3745,388,1,14000,12068.965517241,16),(348,3748,403,1,3410,2939.6551724138,16),(349,3749,414,1,1500,1293.1034482759,16),(350,3753,403,1,3410,2939.6551724138,16),(351,3754,425,2,3150.0000000001,1357.7586206897,16),(352,3755,413,1,1500,1293.1034482759,16),(353,3757,425,1,1575.0000000001,1357.7586206897,16),(354,3759,414,1,1500,1293.1034482759,16),(355,3760,425,3,4725.0000000002,1357.7586206897,16),(356,3761,406,1,5445,4693.9655172414,16),(357,3762,425,2,3150.0000000001,1357.7586206897,16),(358,3763,370,1,53350,45991.379310345,16),(360,3764,426,4,25000,5387.9310344828,16),(361,3765,427,1,29410,25353.448275862,16),(362,3766,425,1,1575.0000000001,1357.7586206897,16),(363,3767,412,1,1200,1034.4827586207,16),(364,3768,428,1,45000,38793.103448276,16),(365,3769,425,1,1575.0000000001,1357.7586206897,16),(366,3772,380,1,179620,154844.82758621,16),(368,3773,428,1,45000,38793.103448276,16),(369,3774,403,1,3410,2939.6551724138,16),(370,1735,418,1,39275,33857.75862069,16),(371,1760,302,1,51881.9976,44725.86,16),(372,1761,290,1,37875,32650.862068966,16),(373,1762,422,1,232850,200732.75862069,16),(374,3775,399,1,8360,7206.8965517241,16),(375,1763,429,1,52360,45137.93103448276,16),(376,1764,247,1,13595,11719.827586207,16),(377,1766,290,1,37875,32650.862068966,16),(378,1767,430,1,88750,76508.620689655,16),(379,1768,290,1,37875,32650.862068966,16),(381,1769,247,4,54380,11719.827586207,16),(382,3777,431,1,8000,6896.5517241379,16),(383,3778,416,1,400,344.8275862069,16),(384,3780,383,1,27225,23469.827586207,16),(385,3781,387,1,14000,12068.965517241,16),(387,3782,399,1,8360,7206.8965517241,16),(388,3783,409,1,3410,2939.6551724138,16),(389,3784,370,1,53350,45991.379310345,16),(390,3785,425,1,1575.0000000001,1357.7586206897,16),(391,3786,386,1,45000,38793.103448276,16),(392,3787,387,1,14000,12068.965517241,16),(393,3788,432,1,21410,18456.896551724,16),(394,3789,427,1,29410,25353.448275862,16),(395,3790,415,1,2500,2155.1724137931,16),(396,3791,412,1,1200,1034.4827586207,16),(397,1770,297,1,46448.25,40041.594827586,16),(398,1771,189,1,144903,124916.37931034,16),(399,1772,297,1,46448.25,40041.594827586,16),(400,3792,399,1,8360,7206.8965517241,16),(401,3793,432,1,21410,18456.896551724,16),(402,3794,425,1,3575,3082,16),(403,1773,160,1,142934,123218.96551724,16),(404,1774,433,1,88751,76509.482758621,16),(405,1775,290,1,37875,32650.862068966,16),(406,1776,297,1,46448.25,40041.594827586,16),(407,3796,403,1,3410,2939.6551724138,16),(408,3797,431,1,8000,6896.5517241379,16),(409,3799,409,1,3410,2939.6551724138,16),(410,3800,403,1,3410,2939.6551724138,16),(411,3801,406,1,5445,4693.9655172414,16),(412,3803,412,1,1200,1034.4827586207,16),(413,1765,434,1,180918.68999999,155964.38793103,16),(414,4429,306,1,19250,16594.827586207,16),(415,1778,290,1,37875,32650.862068966,16),(416,1780,435,1,34999.999999999,30172.413793103,16),(417,1781,290,1,37875,32650.862068966,16),(418,1782,290,1,37875,32650.862068966,16),(419,1783,298,1,42164.5036,36348.71,16),(420,1784,436,1,131000,112931.03448276,16),(421,1785,437,1,114348,98575.862068966,16),(422,1786,297,1,46448.25,40041.594827586,16),(423,3805,415,1,2500,2155.1724137931,16),(424,3806,387,1,14000,12068.965517241,16),(425,3809,415,1,2500,2155.1724137931,16),(426,3810,413,2,3000.0000000001,1293.1034482759,16),(427,3811,391,1,14000,12068.965517241,16),(428,3812,414,1,1500,1293.1034482759,16),(429,1787,290,1,37875,32650.862068966,16),(430,1788,290,1,37875,32650.862068966,16),(431,1789,290,1,37875,32650.862068966,16),(432,1790,290,1,37875,32650.862068966,16),(433,1791,290,1,37875,32650.862068966,16),(434,1792,290,1,37875,32650.862068966,16),(435,1793,290,1,37875,32650.862068966,16),(436,1795,368,1,19275.0008,16616.38,16),(437,3813,395,1,10880,9379.3103448276,16),(438,3815,383,1,27225,23469.827586207,16),(439,3816,425,1,1575.0000000001,1357.7586206897,16),(440,3818,399,1,8360,7206.8965517241,16),(441,3819,403,1,3410,2939.6551724138,16),(442,3820,387,1,14000,12068.965517241,16),(443,1796,300,1,40749.9996,35129.31,16),(444,1799,200,1,142934,123218.96551724,16),(445,1800,290,1,37875,32650.862068966,16),(446,1801,290,1,37875,32650.862068966,16),(447,1803,290,1,37875,32650.862068966,16),(448,1804,438,1,72125,62176.724137931,16),(449,3821,395,1,10880,9379.3103448276,16),(450,3822,439,1,2900,2500,16),(451,3823,387,1,14000,12068.965517241,16),(452,3824,397,1,17804,15348.275862069,16),(453,3826,415,2,5000,2155.1724137931,16),(454,3827,415,1,2500,2155.1724137931,16),(455,3829,403,1,3410,2939.6551724138,16),(456,3830,383,1,27225,23469.827586207,16),(457,3831,425,1,1575.0000000001,1357.7586206897,16),(458,3832,375,1,217730,187698.27586207,16),(459,3833,387,1,14000,12068.965517241,16),(460,1806,297,1,46448.25,40041.594827586,16),(461,3834,400,2,21760,9379.3103448276,16),(462,3835,409,2,6820,2939.6551724138,16),(463,3836,409,2,6820,2939.6551724138,16),(464,3837,388,1,14000,12068.965517241,16),(465,3838,412,1,1200,1034.4827586207,16),(466,3839,440,1,18150,15646.551724138,16),(467,3842,431,1,8000,6896.5517241379,16),(468,3843,403,1,3410,2939.6551724138,16),(469,3844,412,1,1200,1034.4827586207,16),(470,3845,388,1,14000,12068.965517241,16),(471,3846,413,1,1500,1293.1034482759,16),(472,3825,412,1,1200,1034.4827586207,16),(473,4487,306,1,19250,16594.827586207,16),(474,1802,290,1,37875,32650.862068966,16),(475,1807,441,1,36660,31603.448275862,16),(476,1809,442,1,86900,74913.793103448,16),(477,3848,412,1,1200,1034.4827586207,16),(478,3849,416,1,400,344.8275862069,16),(479,3850,383,1,27225,23469.827586207,16),(480,3851,425,1,1575.0000000001,1357.7586206897,16),(481,3853,423,1,10475,9030.1724137931,16),(482,3795,412,1,1200,1034.4827586207,16),(483,3854,403,1,3410,2939.6551724138,16),(484,1811,290,1,37875,32650.862068966,16),(485,1814,290,1,37875,32650.862068966,16),(486,1815,290,1,37875,32650.862068966,16),(487,1816,290,1,37875,32650.862068966,16),(488,1818,368,1,19275.0008,16616.38,16),(489,3855,414,1,1500,1293.1034482759,16),(490,3857,406,1,5445,4693.9655172414,16),(491,1819,247,6,81570,11719.827586207,16),(492,3859,388,1,14000,12068.965517241,16),(493,3860,383,1,27225,23469.827586207,16),(494,3861,380,1,179620,154844.82758621,16),(495,3862,403,1,3410,2939.6551724138,16),(496,3863,395,1,10880,9379.3103448276,16),(497,3864,387,1,14000,12068.965517241,16),(498,3865,425,2,3150.0000000001,1357.7586206897,16),(499,1820,297,1,46448.25,40041.594827586,16),(500,1821,297,1,46448.25,40041.594827586,16),(501,1823,290,1,37875,32650.862068966,16),(502,1824,443,1,88751,76509.482758621,16),(503,3841,425,2,3150.0000000001,1357.7586206897,16),(504,3866,406,1,5445,4693.9655172414,16),(505,3867,403,1,3410,2939.6551724138,16),(506,1825,444,1,88751,76509.482758621,16),(507,1826,290,1,37875,32650.862068966,16),(508,3868,387,1,14000,12068.965517241,16),(509,3869,403,4,13640,2939.6551724138,16),(510,3870,414,1,1500,1293.1034482759,16),(511,3872,425,3,4725.0000000002,1357.7586206897,16),(512,3873,399,1,8360,7206.8965517241,16),(513,3874,395,1,10880,9379.3103448276,16),(514,1822,441,1,36660,31603.448275862,16),(515,111,439,1,2900,2500,16),(516,1827,99,1,80278,69205.172413793,16),(517,1828,446,1,28728,24765.517241379,16),(518,1829,303,1,17914,15443.103448276,16),(519,1830,247,2,27190,11719.827586207,16),(520,3875,403,1,3410,2939.6551724138,16),(521,3877,428,2,90000,38793.103448276,16),(522,3878,393,1,18200,15689.655172414,16),(523,3879,415,1,2500,2155.1724137931,16),(524,3880,387,1,14000,12068.965517241,16),(525,3881,403,1,3410,2939.6551724138,16),(526,3882,392,1,14000,12068.965517241,16),(527,3883,415,1,2500,2155.1724137931,16),(528,3884,399,1,8360,7206.8965517241,16),(529,3885,395,1,10880,9379.3103448276,16),(530,3886,415,1,2500,2155.1724137931,16),(531,1832,290,1,37875,32650.862068966,16),(532,1834,290,1,37875,32650.862068966,16),(533,1835,290,1,37875,32650.862068966,16),(534,3887,387,1,14000,12068.965517241,16),(536,3889,424,1,4160,3586.2068965517,16),(537,3890,403,1,3410,2939.6551724138,16),(538,3891,387,1,14000,12068.965517241,16),(539,3892,387,1,14000,12068.965517241,16),(540,3888,425,1,1575.0000000001,1357.7586206897,16),(541,3894,377,1,44000,37931.034482759,16),(542,3895,425,1,1575.0000000001,1357.7586206897,16),(543,3896,388,1,14000,12068.965517241,16),(544,3897,425,2,3150.0000000001,1357.7586206897,16),(545,3898,387,1,14000,12068.965517241,16),(546,1831,448,1,46050,39698.275862069,16),(547,1836,448,1,46050,39698.275862069,16),(548,1833,448,1,46050,39698.275862069,16),(549,1837,448,1,46050,39698.275862069,16),(550,1838,123,1,110938,95636.206896552,16),(551,1839,290,1,37875,32650.862068966,16),(552,1840,298,1,42164.5036,36348.71,16),(553,1841,298,1,42164.5036,36348.71,16),(554,1843,449,1,90000,77586.206896552,16),(555,1844,450,1,90000,77586.206896552,16),(556,1845,297,1,46448.25,40041.594827586,16),(557,1846,297,1,46448.25,40041.594827586,16),(558,1849,297,1,46448.25,40041.594827586,16),(559,1850,247,2,27190,11719.827586207,16),(560,1851,290,1,37875,32650.862068966,16),(561,1853,441,1,36660,31603.448275862,16),(562,1854,290,1,37875,32650.862068966,16),(563,1855,290,1,37875,32650.862068966,16),(564,1856,451,1,89900,77500,16),(565,1858,448,1,46050,39698.275862069,16),(566,1859,452,1,225225,194159.48275862,16),(567,1860,290,1,37875,32650.862068966,16),(568,1861,290,1,37875,32650.862068966,16),(569,1862,290,1,37875,32650.862068966,16),(570,1863,290,1,37875,32650.862068966,16),(571,1864,453,1,33556.000000001,28927.586206897,16),(572,3899,414,1,1500,1293.1034482759,16),(573,3900,387,1,14000,12068.965517241,16),(574,3901,415,1,2500,2155.1724137931,16),(575,3902,374,1,189900,163706.89655172,16),(576,3904,414,2,3000.0000000001,1293.1034482759,16),(577,3906,387,1,14000,12068.965517241,16),(578,3907,403,1,3410,2939.6551724138,16),(579,3909,403,2,6820,2939.6551724138,16),(580,3910,388,1,14000,12068.965517241,16),(581,3911,391,1,14000,12068.965517241,16),(582,3912,387,1,14000,12068.965517241,16),(583,3913,370,1,53350,45991.379310345,16),(584,3914,403,1,3410,2939.6551724138,16),(585,3915,387,1,14000,12068.965517241,16),(586,3916,406,1,5445,4693.9655172414,16),(587,3917,425,1,1575.0000000001,1357.7586206897,16),(588,3918,415,1,2500,2155.1724137931,16),(589,3919,403,2,6820,2939.6551724138,16),(590,3920,403,1,3410,2939.6551724138,16),(591,3921,399,1,8360,7206.8965517241,16),(592,3922,387,1,14000,12068.965517241,16),(593,3923,409,1,3410,2939.6551724138,16),(594,3924,403,1,3410,2939.6551724138,16),(595,3925,401,1,14144,12193.103448276,16),(596,3926,400,1,10880,9379.3103448276,16),(597,3927,387,1,14000,12068.965517241,16),(598,1847,454,1,27000,2793.103448275862,16),(599,1848,454,1,27000,2793.103448275862,16),(600,3908,424,1,4160,3586.2068965517,16),(601,1852,290,1,37875,32650.862068966,16),(602,1869,464,1,95073,81959.482758621,16),(603,1871,290,1,37875,32650.862068966,16),(604,1874,290,1,37875,32650.862068966,16),(605,1873,437,1,114348,98575.862068966,16),(606,3928,425,1,1575.0000000001,1357.7586206897,16),(607,3929,416,1,400,344.8275862069,16),(608,3930,387,1,14000,12068.965517241,16),(609,3937,387,1,14000,12068.965517241,16),(610,3932,387,1,14000,12068.965517241,16),(611,1875,297,1,46448.25,40041.594827586,16),(612,1876,441,1,74940,74940,16),(613,1878,454,1,22000,18965.517241379,16),(614,1879,454,1,22000,18965.517241379,16),(615,1880,465,1,40000,34482.75862069,16),(616,3933,409,1,3410,2939.6551724138,16),(617,3934,415,1,2500,2155.1724137931,16),(618,3935,409,1,3410,2939.6551724138,16),(619,3936,392,1,14000,12068.965517241,16),(620,3938,413,1,1500,1293.1034482759,16),(621,3939,403,1,3410,2939.6551724138,16),(622,3940,403,1,3410,2939.6551724138,16),(623,3941,412,1,1200,1034.4827586207,16),(624,3942,391,1,14000,12068.965517241,16),(625,3943,391,1,14000,12068.965517241,16),(626,3944,395,1,10880,9379.3103448276,16),(627,3946,395,1,10880,9379.3103448276,16),(628,3947,403,1,3410,2939.6551724138,16),(629,1866,135,1,110938,95636.206896552,16),(630,1881,466,1,69500,59913.793103448,16),(631,1882,290,1,37875,32650.862068966,16),(632,1884,368,1,19275.0008,16616.38,16),(633,1888,247,2,27190,11719.827586207,16),(634,3949,403,1,3410,2939.6551724138,16),(635,3950,401,1,14144,12193.103448276,16),(636,3951,387,1,14000,12068.965517241,16),(637,3952,388,1,14000,12068.965517241,16),(638,3954,387,1,14000,12068.965517241,16),(639,3957,400,1,10880,9379.3103448276,16),(640,3958,387,1,14000,12068.965517241,16),(641,3945,380,1,179620,154844.82758621,16),(642,1889,467,1,10050,8663.7931034483,16),(643,1890,468,1,75000,64655.172413793,16),(644,1891,469,1,90000,77586.206896552,16),(645,1892,297,1,46448.25,40041.594827586,16),(646,3959,412,1,1200,1034.4827586207,16),(647,3960,415,1,2500,2155.1724137931,16),(648,3962,387,1,14000,12068.965517241,16),(649,3963,427,1,29410,25353.448275862,16),(650,3964,387,1,14000,12068.965517241,16),(651,3965,387,1,14000,12068.965517241,16),(653,3953,387,1,14000,12068.965517241,16),(654,3966,387,1,14000,12068.965517241,16),(655,1895,303,1,17914,15443.103448276,16),(656,1896,290,1,37875,32650.862068966,16),(657,1898,441,1,17500,15086.206896552,16),(658,1899,297,1,46875,40409.48275862069,16),(659,3967,383,1,27225,23469.827586207,16),(660,3968,383,1,27225,23469.827586207,16),(661,3969,403,1,3410,2939.6551724138,16),(662,3970,387,1,14000,12068.965517241,16),(663,3971,415,1,2500,2155.1724137931,16),(664,3972,387,1,14000,12068.965517241,16),(665,1902,470,1,27000.000000001,23275.862068966,16),(666,1901,470,1,27000.000000001,23275.862068966,16),(667,1900,471,1,15000,12931.034482759,16),(668,1903,297,1,46448.25,40041.594827586,16),(669,1904,472,1,91675,79030.172413793,16),(670,1905,297,1,46448.25,40041.594827586,16),(671,3975,425,1,1575.0000000001,1357.7586206897,16),(672,3977,406,1,5445,4693.9655172414,16),(673,1906,473,1,225225,194159.48275862,16),(674,1907,297,1,46448.25,40041.594827586,16),(675,1908,297,1,46448.25,40041.594827586,16),(676,1909,290,1,37875,32650.862068966,16),(677,1911,467,1,10050,8663.7931034483,16),(678,1912,1,1,180000,155172.4137931,16),(679,1913,474,1,15000,12931.034482759,16),(680,3978,475,1,5000,4310.3448275862,16),(681,3974,475,3,15000,4310.3448275862,16),(682,1926,306,1,19250,16594.827586207,16),(683,1914,368,1,19275.0008,16616.38,16),(684,1916,476,1,34999.999999999,30172.413793103,16),(685,1917,290,1,37875,32650.862068966,16),(686,1918,290,1,37875,32650.862068966,16),(687,1919,317,1,59999.9999988,51724.13793,16),(688,1920,454,1,22000,18965.517241379,16),(689,1921,303,1,17914,15443.103448276,16),(690,3979,403,1,3410,2939.6551724138,16),(691,3980,391,1,14000,12068.965517241,16),(692,1877,477,1,327500,282327.5862069,16),(693,3981,414,1,1500,1293.1034482759,16),(694,3982,475,3,15000,4310.3448275862,16),(695,3983,425,1,1575.0000000001,1357.7586206897,16),(696,3984,377,1,44000,37931.034482759,16),(697,3985,387,1,14000,12068.965517241,16),(698,1910,22,1,75075,64719.827586207,16),(699,3988,370,1,53350,45991.379310345,16),(700,1922,441,1,36660,31603.44827586207,16),(701,1924,475,1,5000,4310.3448275862,16),(702,1925,441,1,17500,15086.206896552,16),(703,3986,395,1,10880,9379.3103448276,16),(704,3989,406,1,5445,4693.9655172414,16),(705,3991,382,1,21670,18681.034482759,16),(706,1928,302,1,51881.9976,44725.86,16),(707,3993,370,1,53350,45991.379310345,16),(708,3992,403,1,3410,2939.6551724138,16),(709,1930,247,3,40785,11719.827586207,16),(710,1931,441,1,36660,31603.44827586207,16),(711,1929,297,1,46448.25,40041.594827586,16),(712,3994,406,1,5445,4693.9655172414,16),(713,3995,387,1,14000,12068.965517241,16),(714,3997,387,1,14000,12068.965517241,16),(715,1857,454,1,22000,18965.517241379,16),(716,1932,297,1,46448.25,40041.594827586,16),(717,3998,425,1,1575.0000000001,1357.7586206897,16),(718,3999,387,1,14000,12068.965517241,16),(719,4000,412,1,1200,1034.4827586207,16),(720,4001,415,1,2500,2155.1724137931,16),(721,4003,425,2,3150.0000000001,1357.7586206897,16),(722,4004,387,1,14000,12068.965517241,16),(723,4005,382,1,21670,18681.034482759,16),(724,1749,368,1,19275.0008,16616.38,16),(725,1933,441,1,17500,15086.206896552,16),(726,1938,290,1,37875,32650.862068966,16),(727,1939,478,1,131754,113581.03448276,16),(728,4006,403,1,3410,2939.6551724138,16),(729,4007,475,1,5000,4310.3448275862,16),(730,4009,400,1,10880,9379.3103448276,16),(731,4011,399,1,8360,7206.8965517241,16),(732,4013,387,1,14000,12068.965517241,16),(733,4014,387,1,14000,12068.965517241,16),(734,4020,387,1,14000,12068.965517241,16),(735,1941,247,1,13595,11719.827586207,16),(736,1942,123,1,110938,95636.206896552,16),(737,1943,479,1,92000,79310.344827586,16),(738,1944,480,1,92000,79310.344827586,16),(739,1945,441,1,19250,16594.827586207,16),(740,1946,134,1,110938,95636.206896552,16),(741,4015,425,1,1575.0000000001,1357.7586206897,16),(742,4016,425,1,1575,1357.7586206897,16),(743,4017,415,1,2500,2155.1724137931,16),(744,4018,373,1,164700,141982.75862069,16),(745,4021,416,1,400,344.8275862069,16),(746,4023,388,1,14000,12068.965517241,16),(747,4030,403,2,6820,2939.6551724138,16),(748,1940,441,2,38500,16594.827586207,16),(749,1948,297,1,46448.25,40041.594827586,16),(750,4024,387,1,27225,23469.8275862069,16),(751,4025,423,1,10475,9030.1724137931,16),(752,4027,387,1,14000,12068.965517241,16),(753,4029,425,2,3150.0000000001,1357.7586206897,16),(754,4031,388,1,14000,12068.965517241,16),(755,4033,387,1,14000,12068.965517241,16),(756,1949,474,1,15000,12931.034482759,16),(757,1950,290,1,37875,32650.862068966,16),(758,1951,290,1,37875,32650.862068966,16),(759,1935,482,1,88638,76412.068965517,16),(760,1936,290,1,37875,32650.862068966,16),(761,1952,483,1,1100000,948275.86206897,16),(762,4034,396,1,13695,11806.034482759,16),(763,4035,392,1,14000,12068.965517241,16),(764,1956,297,1,46448.25,40041.594827586,16),(765,4037,425,1,1575.0000000001,1357.7586206897,16),(766,1957,441,1,19250,16594.827586207,16),(767,1958,484,1,128640,110896.55172414,16),(768,1959,485,1,80278,69205.172413793,16),(769,4038,382,1,21670,18681.034482759,16),(770,4039,403,1,3410,2939.6551724138,16),(771,4040,425,1,1575.0000000001,1357.7586206897,16),(772,4041,387,1,14000,12068.965517241,16),(773,1963,297,1,46448.25,40041.594827586,16),(774,1962,441,1,19250,16594.827586207,16),(775,1961,441,1,19250,16594.827586207,16),(776,1965,123,1,110938,95636.206896552,16),(777,1966,290,1,37875,32650.862068966,16),(778,4042,395,1,10880,9379.3103448276,16),(779,4043,387,1,14000,12068.965517241,16),(780,4044,387,1,14000,12068.965517241,16),(781,4045,425,1,1575.0000000001,1357.7586206897,16),(782,4046,403,1,3410,2939.6551724138,16),(783,4047,425,1,2775,2392,16),(784,4048,403,1,3410,2939.6551724138,16),(785,4049,395,1,10880,9379.3103448276,16),(786,1960,290,1,37875,32650.862068966,16);
/*!40000 ALTER TABLE `venta_producto` ENABLE KEYS */;
UNLOCK TABLES;

--
-- Table structure for table `venta_producto_grafica`
--

DROP TABLE IF EXISTS `venta_producto_grafica`;
/*!40101 SET @saved_cs_client     = @@character_set_client */;
/*!40101 SET character_set_client = utf8 */;
CREATE TABLE `venta_producto_grafica` (
  `id` int(11) NOT NULL AUTO_INCREMENT,
  `producto_grafica_id` int(11) NOT NULL,
  `year` int(11) NOT NULL,
  `month` int(11) NOT NULL,
  `monto` double NOT NULL,
  PRIMARY KEY (`id`,`producto_grafica_id`),
  KEY `fk_venta_producto_grafica_producto_grafica1_idx` (`producto_grafica_id`)
) ENGINE=InnoDB AUTO_INCREMENT=558 DEFAULT CHARSET=utf8;
/*!40101 SET character_set_client = @saved_cs_client */;

--
-- Dumping data for table `venta_producto_grafica`
--

LOCK TABLES `venta_producto_grafica` WRITE;
/*!40000 ALTER TABLE `venta_producto_grafica` DISABLE KEYS */;
INSERT INTO `venta_producto_grafica` VALUES (178,1,2015,1,101597.41),(179,1,2015,2,15886.21),(180,1,2015,3,17934.48),(181,1,2015,4,9948.28),(182,1,2015,5,15411.21),(183,1,2015,6,19203.83),(184,1,2015,7,0),(185,1,2015,8,40775),(186,1,2015,9,35174.13793),(187,1,2015,10,28732.9),(188,1,2015,11,81746.58621),(189,1,2015,12,68516.37931),(190,2,2015,1,302364.66),(191,2,2015,2,312301.72),(192,2,2015,3,217581.03),(193,2,2015,4,219154.74),(194,2,2015,5,121307.5),(195,2,2015,6,179933.62),(196,2,2015,7,195433.62),(197,2,2015,8,195433.62),(198,2,2015,9,206617.4569),(199,2,2015,10,220257.11),(200,2,2015,11,351316.8103),(201,2,2015,12,270260.3448),(202,3,2015,1,166831.9),(203,3,2015,2,90656.9),(204,3,2015,3,139551.72),(205,3,2015,4,105237.06),(206,3,2015,5,241465),(207,3,2015,6,145722.41),(208,3,2015,7,111275.86),(209,3,2015,8,111275.86),(210,3,2015,9,147728.4483),(211,3,2015,10,56268.96),(212,3,2015,11,81120.25862),(213,3,2015,12,105646.5517),(214,4,2015,1,108076.04),(215,4,2015,2,63031.65),(216,4,2015,3,60886.38),(217,4,2015,4,57196.53),(218,4,2015,5,78371.76),(219,4,2015,6,63283.51),(220,4,2015,7,51138.9),(221,4,2015,8,52255.35),(222,4,2015,9,68199.88793),(223,4,2015,10,83514.5),(224,4,2015,11,67957.64655),(225,4,2015,12,79481.78448),(226,5,2015,1,64655.17),(227,5,2015,2,21551.72),(228,5,2015,3,73275.86),(229,5,2015,4,0),(230,5,2015,5,21551.72),(231,5,2015,6,0),(232,5,2015,7,39698.27586),(233,5,2015,8,170818.9655),(234,5,2015,9,39698.27586),(235,5,2015,10,0),(236,5,2015,11,21551.72414),(237,5,2015,12,21551.72414),(238,6,2015,1,595510.43),(239,6,2015,2,559636.21),(240,6,2015,3,524640.3),(241,6,2015,4,234221.55),(242,6,2015,5,690509.48),(243,6,2015,6,251747.41),(244,6,2015,7,292832.76),(245,6,2015,8,217043.9655),(246,6,2015,9,944494.9052),(247,6,2015,10,311940.5172),(248,6,2015,11,700028.8276),(249,6,2015,12,498352.4138),(250,7,2015,1,25077.59),(251,7,2015,2,39847.41),(252,7,2015,3,43366.2),(253,7,2015,4,23439.66),(254,7,2015,5,23441.37),(255,7,2015,6,39847.41),(256,7,2015,7,49231.89),(257,7,2015,8,46363.7931),(258,7,2015,9,124232.7586),(259,7,2015,10,72664.48276),(260,7,2015,11,69150),(261,7,2015,12,182831.8966),(262,8,2015,1,247857.758),(263,8,2015,2,193448.28),(264,8,2015,3,245737.07),(265,8,2015,4,246275.8621),(266,8,2015,5,395250),(267,8,2015,6,313038.79),(268,8,2015,7,246974.1379),(269,8,2015,8,249127.5862),(270,8,2015,9,282487.069),(271,8,2015,10,370470.689),(272,8,2015,11,383124.1379),(273,8,2015,12,316086.2069),(274,9,2015,1,274255.17),(275,9,2015,2,216578.88),(276,9,2015,3,224072.41),(277,9,2015,4,226141.38),(278,9,2015,5,370205.17),(279,9,2015,6,220199.57),(280,9,2015,7,242564.22),(281,9,2015,8,210819.83),(282,9,2015,9,241513.7931),(283,9,2015,10,177258.6207),(284,9,2015,11,609931.4655),(285,9,2015,12,353062.2845),(286,10,2015,1,916044.35),(287,10,2015,2,830162.07),(288,10,2015,3,985550.17),(289,10,2015,4,614023.28),(290,10,2015,5,1146121.1),(291,10,2015,6,567920.69),(292,10,2015,7,967064.8707),(293,10,2015,8,497925.8621),(294,10,2015,9,950459.6983),(295,10,2015,10,841406.8966),(296,10,2015,11,1269551.621),(297,10,2015,12,1124659.371),(298,1,2016,1,12150),(299,1,2016,2,7757.344828),(300,1,2016,3,12987.06897),(301,1,2016,4,20609.97414),(302,1,2016,5,10959.31034),(303,1,2016,6,13361.63793),(304,1,2016,7,24932.72),(305,1,2016,8,29610.34483),(306,1,2016,9,20493.10345),(307,1,2016,10,22170.68966),(308,1,2016,11,34955.66379),(309,1,2016,12,60438.53448),(310,2,2016,1,248397.6293),(311,2,2016,2,224489.6552),(312,2,2016,3,135950.6466),(313,2,2016,4,227150.9655),(314,2,2016,5,134372.8448),(315,2,2016,6,208050.17),(316,2,2016,7,197777.5862),(317,2,2016,8,295229.7414),(318,2,2016,9,274196.5517),(319,2,2016,10,163690.5172),(320,2,2016,11,229139.6552),(321,2,2016,12,263612.931),(322,3,2016,1,32362.06897),(323,3,2016,2,84769.82759),(324,3,2016,3,57771.55172),(325,3,2016,4,72538.7931),(326,3,2016,5,17043.10345),(327,3,2016,6,136426.72),(328,3,2016,7,53905.17241),(329,3,2016,8,92103.44828),(330,3,2016,9,56996.55172),(331,3,2016,10,24015.08621),(332,3,2016,11,53071.12069),(333,3,2016,12,44182.75862),(334,4,2016,1,48217.05559),(335,4,2016,2,32982.75862),(336,4,2016,3,33925),(337,4,2016,4,35739.65517),(338,4,2016,5,53716.59),(339,4,2016,6,45519.39655),(340,4,2016,7,40961.43),(341,4,2016,8,43810.22414),(342,4,2016,9,63937.75862),(343,4,2016,10,58777.06897),(344,4,2016,11,45871.55172),(345,4,2016,12,69486.81034),(346,5,2016,1,30172.41379),(347,5,2016,2,0),(348,5,2016,3,21551.72414),(349,5,2016,4,137931.0345),(350,5,2016,5,39698.27586),(351,5,2016,6,17241.37931),(352,5,2016,7,0),(353,5,2016,8,30172.41379),(354,5,2016,9,0),(355,5,2016,10,131120.6897),(356,5,2016,11,63410.34483),(357,5,2016,12,77586.2069),(358,6,2016,1,401400),(359,6,2016,2,1746018.966),(360,6,2016,3,572382.7586),(361,6,2016,4,850828.5345),(362,6,2016,5,253853.6466),(363,6,2016,6,1055096.724),(364,6,2016,7,514679.4138),(365,6,2016,8,498846.5517),(366,6,2016,9,247987.5862),(367,6,2016,10,453906.0345),(368,6,2016,11,655448.2759),(369,6,2016,12,462845),(370,7,2016,1,0),(371,7,2016,2,23441.37931),(372,7,2016,3,11719.82759),(373,7,2016,4,27155.17241),(374,7,2016,5,23441.37931),(375,7,2016,6,68003.44828),(376,7,2016,7,21095.68966),(377,7,2016,8,11719.82759),(378,7,2016,9,112510.3448),(379,7,2016,10,98681.89655),(380,7,2016,11,119543.1034),(381,7,2016,12,14063.7931),(382,8,2016,1,235982),(383,8,2016,2,238357.7586),(384,8,2016,3,246926.7241),(385,8,2016,4,300754.569),(386,8,2016,5,368667.8448),(387,8,2016,6,306952.5862),(388,8,2016,7,269228.4483),(389,8,2016,8,288663.7931),(390,8,2016,9,268137.931),(391,8,2016,10,391094.8276),(392,8,2016,11,314215.5172),(393,8,2016,12,221030.1724),(394,9,2016,1,207758.6207),(395,9,2016,2,430153.4483),(396,9,2016,3,269113.7931),(397,9,2016,4,228168.9655),(398,9,2016,5,336292.2414),(399,9,2016,6,366218.9655),(400,9,2016,7,351605.1724),(401,9,2016,8,376748.2759),(402,9,2016,9,431675.8621),(403,9,2016,10,641348.2759),(404,9,2016,11,541230.6466),(405,9,2016,12,232863.7931),(406,10,2016,1,550031.0345),(407,10,2016,2,714115.3017),(408,10,2016,3,274702.5862),(409,10,2016,4,681590.2931),(410,10,2016,5,200874.7845),(411,10,2016,6,133107.2155),(412,10,2016,7,329940.5172),(413,10,2016,8,560436.6379),(414,10,2016,9,417186.4224),(415,10,2016,10,550383.6121),(416,10,2016,11,725338.3621),(417,10,2016,12,461650),(418,1,2017,1,32922.41379),(419,2,2017,1,308441.3793),(420,3,2017,1,24203.87931),(421,4,2017,1,72313.79),(422,5,2017,1,0),(423,6,2017,1,362235.6897),(424,7,2017,1,52741.81034),(425,8,2017,1,248594.8276),(426,9,2017,1,443758.1897),(427,10,2017,1,376004.0948),(428,1,2017,2,9672.163793),(429,2,2017,2,246928.4483),(430,3,2017,2,59102.58621),(431,4,2017,2,108458.9655),(432,5,2017,2,12931.03448),(433,6,2017,2,1050781.552),(434,7,2017,2,25783.62069),(435,8,2017,2,285668.1034),(436,9,2017,2,388084.4828),(437,10,2017,2,404607.3276),(438,1,2014,1,19338),(439,1,2014,2,25284),(440,1,2014,3,29838),(441,1,2014,4,23627),(442,1,2014,5,33102),(443,1,2014,6,23830),(444,1,2014,7,35841),(445,1,2014,8,53457),(446,1,2014,9,38279),(447,1,2014,10,103445),(448,1,2014,11,54412),(449,1,2014,12,49541),(450,2,2014,1,367618),(451,2,2014,2,256971),(452,2,2014,3,286271),(453,2,2014,4,209416),(454,2,2014,5,210798),(455,2,2014,6,183073),(456,2,2014,7,300212),(457,2,2014,8,290635),(458,2,2014,9,194425),(459,2,2014,10,258848),(460,2,2014,11,248677),(461,2,2014,12,307325),(462,3,2014,1,45922),(463,3,2014,2,63181),(464,3,2014,3,107677),(465,3,2014,4,72216),(466,3,2014,5,31586),(467,3,2014,6,89871),(468,3,2014,7,95989),(469,3,2014,8,156035),(470,3,2014,9,97353),(471,3,2014,10,41336),(472,3,2014,11,33310),(473,3,2014,12,86491),(474,4,2014,1,68974),(475,4,2014,2,66705),(476,4,2014,3,56573),(477,4,2014,4,57765),(478,4,2014,5,52834),(479,4,2014,6,69079),(480,4,2014,7,101653),(481,4,2014,8,76229),(482,4,2014,9,62565),(483,4,2014,10,56013),(484,4,2014,11,64317),(485,4,2014,12,132508.37),(486,5,2014,1,39698),(487,5,2014,2,0),(488,5,2014,3,0),(489,5,2014,4,5860),(490,5,2014,5,0),(491,5,2014,6,21552),(492,5,2014,7,0),(493,5,2014,8,100388),(494,5,2014,9,0),(495,5,2014,10,79138),(496,5,2014,11,103448),(497,5,2014,12,34482.75),(498,6,2014,1,154914),(499,6,2014,2,96063),(500,6,2014,3,561959),(501,6,2014,4,288566),(502,6,2014,5,134426),(503,6,2014,6,716471),(504,6,2014,7,153018),(505,6,2014,8,448936),(506,6,2014,9,159710),(507,6,2014,10,66497),(508,6,2014,11,369471.5517),(509,6,2014,12,0),(510,7,2014,1,27728),(511,7,2014,2,60945),(512,7,2014,3,37505),(513,7,2014,4,25784),(514,7,2014,5,75006),(515,7,2014,6,37505),(516,7,2014,7,229716),(517,7,2014,8,54214),(518,7,2014,9,21097),(519,7,2014,10,60942),(520,7,2014,11,23441),(521,7,2014,12,58602.58621),(522,8,2014,1,254280),(523,8,2014,2,220642),(524,8,2014,3,207909),(525,8,2014,4,221233),(526,8,2014,5,336362),(527,8,2014,6,277698),(528,8,2014,7,225720),(529,8,2014,8,265802),(530,8,2014,9,272966),(531,8,2014,10,349608),(532,8,2014,11,358427),(533,8,2014,12,230935.34),(534,9,2014,1,351336),(535,9,2014,2,114933),(536,9,2014,3,293853),(537,9,2014,4,414659),(538,9,2014,5,527601),(539,9,2014,6,307998),(540,9,2014,7,185408),(541,9,2014,8,203504),(542,9,2014,9,603249),(543,9,2014,10,328219),(544,9,2014,11,352185),(545,9,2014,12,228891.3),(546,10,2014,1,173422),(547,10,2014,2,203869),(548,10,2014,3,233820),(549,10,2014,4,193800),(550,10,2014,5,731637),(551,10,2014,6,780177),(552,10,2014,7,424308),(553,10,2014,8,392765),(554,10,2014,9,480510),(555,10,2014,10,680960),(556,10,2014,11,910116),(557,10,2014,12,1022339.54);
/*!40000 ALTER TABLE `venta_producto_grafica` ENABLE KEYS */;
UNLOCK TABLES;

--
-- Table structure for table `venta_recubrimiento`
--

DROP TABLE IF EXISTS `venta_recubrimiento`;
/*!40101 SET @saved_cs_client     = @@character_set_client */;
/*!40101 SET character_set_client = utf8 */;
CREATE TABLE `venta_recubrimiento` (
  `id` int(11) NOT NULL AUTO_INCREMENT,
  `venta_producto_id` int(11) NOT NULL,
  `costo_adicional` double NOT NULL,
  `observaciones` text,
  PRIMARY KEY (`id`),
  KEY `fk_venta_recubrimiento_venta_producto1_idx` (`venta_producto_id`),
  CONSTRAINT `fk_venta_recubrimiento_venta_producto1` FOREIGN KEY (`venta_producto_id`) REFERENCES `venta_producto` (`id`) ON DELETE NO ACTION ON UPDATE NO ACTION
) ENGINE=InnoDB DEFAULT CHARSET=utf8;
/*!40101 SET character_set_client = @saved_cs_client */;

--
-- Dumping data for table `venta_recubrimiento`
--

LOCK TABLES `venta_recubrimiento` WRITE;
/*!40000 ALTER TABLE `venta_recubrimiento` DISABLE KEYS */;
/*!40000 ALTER TABLE `venta_recubrimiento` ENABLE KEYS */;
UNLOCK TABLES;

--
-- Table structure for table `venta_tramite`
--

DROP TABLE IF EXISTS `venta_tramite`;
/*!40101 SET @saved_cs_client     = @@character_set_client */;
/*!40101 SET character_set_client = utf8 */;
CREATE TABLE `venta_tramite` (
  `id` int(11) NOT NULL AUTO_INCREMENT,
  `venta_producto_id` int(11) NOT NULL,
  `contrato_id` int(11) NOT NULL,
  PRIMARY KEY (`id`),
  KEY `fk_venta_tramite_venta_producto1_idx` (`venta_producto_id`),
  KEY `fk_venta_tramite_contrato1_idx` (`contrato_id`),
  CONSTRAINT `fk_venta_tramite_contrato1` FOREIGN KEY (`contrato_id`) REFERENCES `contrato` (`id`) ON DELETE NO ACTION ON UPDATE NO ACTION,
  CONSTRAINT `fk_venta_tramite_venta_producto1` FOREIGN KEY (`venta_producto_id`) REFERENCES `venta_producto` (`id`) ON DELETE NO ACTION ON UPDATE NO ACTION
) ENGINE=InnoDB DEFAULT CHARSET=utf8;
/*!40101 SET character_set_client = @saved_cs_client */;

--
-- Dumping data for table `venta_tramite`
--

LOCK TABLES `venta_tramite` WRITE;
/*!40000 ALTER TABLE `venta_tramite` DISABLE KEYS */;
/*!40000 ALTER TABLE `venta_tramite` ENABLE KEYS */;
UNLOCK TABLES;

--
-- Temporary view structure for view `ventas_totales`
--

DROP TABLE IF EXISTS `ventas_totales`;
/*!50001 DROP VIEW IF EXISTS `ventas_totales`*/;
SET @saved_cs_client     = @@character_set_client;
SET character_set_client = utf8;
/*!50001 CREATE VIEW `ventas_totales` AS SELECT 
 1 AS `total`,
 1 AS `cantidad`,
 1 AS `producto`*/;
SET character_set_client = @saved_cs_client;

--
-- Temporary view structure for view `vista_abono_comision_periodo`
--

DROP TABLE IF EXISTS `vista_abono_comision_periodo`;
/*!50001 DROP VIEW IF EXISTS `vista_abono_comision_periodo`*/;
SET @saved_cs_client     = @@character_set_client;
SET character_set_client = utf8;
/*!50001 CREATE VIEW `vista_abono_comision_periodo` AS SELECT 
 1 AS `id`,
 1 AS `periodo_comision_id`,
 1 AS `comision_id`,
 1 AS `monto`,
 1 AS `fecha`,
 1 AS `cancelado`,
 1 AS `created_at`,
 1 AS `updated_at`,
 1 AS `pagado`,
 1 AS `asesor_id`,
 1 AS `folio_comision`,
 1 AS `fecha_inicio`,
 1 AS `fecha_fin`*/;
SET character_set_client = @saved_cs_client;

--
-- Temporary view structure for view `vista_asesor_promotor`
--

DROP TABLE IF EXISTS `vista_asesor_promotor`;
/*!50001 DROP VIEW IF EXISTS `vista_asesor_promotor`*/;
SET @saved_cs_client     = @@character_set_client;
SET character_set_client = utf8;
/*!50001 CREATE VIEW `vista_asesor_promotor` AS SELECT 
 1 AS `persona_id`,
 1 AS `activo`,
 1 AS `asesor_id`,
 1 AS `promotor_id`,
 1 AS `fecha_ingreso`,
 1 AS `asesor`,
 1 AS `promotor`,
 1 AS `email`*/;
SET character_set_client = @saved_cs_client;

--
-- Temporary view structure for view `vista_clientes`
--

DROP TABLE IF EXISTS `vista_clientes`;
/*!50001 DROP VIEW IF EXISTS `vista_clientes`*/;
SET @saved_cs_client     = @@character_set_client;
SET character_set_client = utf8;
/*!50001 CREATE VIEW `vista_clientes` AS SELECT 
 1 AS `id`,
 1 AS `nombres`,
 1 AS `apellido_paterno`,
 1 AS `apellido_materno`,
 1 AS `calle`,
 1 AS `numero_exterior`,
 1 AS `numero_interior`,
 1 AS `codigo_postal`,
 1 AS `colonia`,
 1 AS `referencias`,
 1 AS `municipio`,
 1 AS `estado`,
 1 AS `pais`,
 1 AS `email`,
 1 AS `estado_civil`,
 1 AS `latitud`,
 1 AS `longitud`*/;
SET character_set_client = @saved_cs_client;

--
-- Temporary view structure for view `vista_colonia`
--

DROP TABLE IF EXISTS `vista_colonia`;
/*!50001 DROP VIEW IF EXISTS `vista_colonia`*/;
SET @saved_cs_client     = @@character_set_client;
SET character_set_client = utf8;
/*!50001 CREATE VIEW `vista_colonia` AS SELECT 
 1 AS `colonia_id`,
 1 AS `colonia`,
 1 AS `codigo_postal`,
 1 AS `estado_id`,
 1 AS `estado`,
 1 AS `municipio`*/;
SET character_set_client = @saved_cs_client;

--
-- Temporary view structure for view `vista_comision`
--

DROP TABLE IF EXISTS `vista_comision`;
/*!50001 DROP VIEW IF EXISTS `vista_comision`*/;
SET @saved_cs_client     = @@character_set_client;
SET character_set_client = utf8;
/*!50001 CREATE VIEW `vista_comision` AS SELECT 
 1 AS `id`,
 1 AS `venta_id`,
 1 AS `folio_solicitud`,
 1 AS `producto_id`,
 1 AS `producto`,
 1 AS `cliente`,
 1 AS `asesor_id`,
 1 AS `vendedor`,
 1 AS `cancelada`,
 1 AS `pagada`,
 1 AS `numero_pagos`,
 1 AS `total`,
 1 AS `total_comisionable`,
 1 AS `pagado`,
 1 AS `por_pagar`,
 1 AS `porcentaje`,
 1 AS `nombre_corto`,
 1 AS `abonos`,
 1 AS `observaciones`,
 1 AS `advertencia`,
 1 AS `created_at`,
 1 AS `fecha_venta`*/;
SET character_set_client = @saved_cs_client;

--
-- Temporary view structure for view `vista_detalle_factura`
--

DROP TABLE IF EXISTS `vista_detalle_factura`;
/*!50001 DROP VIEW IF EXISTS `vista_detalle_factura`*/;
SET @saved_cs_client     = @@character_set_client;
SET character_set_client = utf8;
/*!50001 CREATE VIEW `vista_detalle_factura` AS SELECT 
 1 AS `folio_factura`,
 1 AS `fecha_factura`,
 1 AS `fecha_alta`,
 1 AS `material`,
 1 AS `color`,
 1 AS `entrada`,
 1 AS `total_factura`*/;
SET character_set_client = @saved_cs_client;

--
-- Temporary view structure for view `vista_detalle_mantenimiento`
--

DROP TABLE IF EXISTS `vista_detalle_mantenimiento`;
/*!50001 DROP VIEW IF EXISTS `vista_detalle_mantenimiento`*/;
SET @saved_cs_client     = @@character_set_client;
SET character_set_client = utf8;
/*!50001 CREATE VIEW `vista_detalle_mantenimiento` AS SELECT 
 1 AS `id`,
 1 AS `cliente_id`,
 1 AS `venta_id`,
 1 AS `lote_id`,
 1 AS `folio_solicitud`,
 1 AS `producto_id`,
 1 AS `fecha_inicio`,
 1 AS `fecha_fin`,
 1 AS `ubicacion`,
 1 AS `producto`,
 1 AS `cliente`,
 1 AS `persona_id`,
 1 AS `construccion_id`,
 1 AS `descripcion`,
 1 AS `construccion_id_contrato`,
 1 AS `construccion_mtto_contrato`,
 1 AS `meses_contratados`,
 1 AS `venta_mantenimiento_activo`,
 1 AS `verifica`,
 1 AS `total`,
 1 AS `plantada`,
 1 AS `fecha_plantacion`,
 1 AS `vencido`,
 1 AS `estatus`,
 1 AS `jardinero`,
 1 AS `cesped`*/;
SET character_set_client = @saved_cs_client;

--
-- Temporary view structure for view `vista_detalle_venta_material`
--

DROP TABLE IF EXISTS `vista_detalle_venta_material`;
/*!50001 DROP VIEW IF EXISTS `vista_detalle_venta_material`*/;
SET @saved_cs_client     = @@character_set_client;
SET character_set_client = utf8;
/*!50001 CREATE VIEW `vista_detalle_venta_material` AS SELECT 
 1 AS `id`,
 1 AS `folio`,
 1 AS `inventario_recubrimientos_id`,
 1 AS `venta_material_id`,
 1 AS `folio_lamina`,
 1 AS `pieza`,
 1 AS `material_color`,
 1 AS `precio_pieza`,
 1 AS `observaciones`,
 1 AS `pieza_completa`,
 1 AS `medida_estandar`,
 1 AS `venta_abierta`*/;
SET character_set_client = @saved_cs_client;

--
-- Temporary view structure for view `vista_empleado`
--

DROP TABLE IF EXISTS `vista_empleado`;
/*!50001 DROP VIEW IF EXISTS `vista_empleado`*/;
SET @saved_cs_client     = @@character_set_client;
SET character_set_client = utf8;
/*!50001 CREATE VIEW `vista_empleado` AS SELECT 
 1 AS `id`,
 1 AS `nombres`,
 1 AS `apellido_paterno`,
 1 AS `apellido_materno`,
 1 AS `puesto`,
 1 AS `departamento_id`,
 1 AS `departamento`,
 1 AS `fecha_ingreso`,
 1 AS `activo`,
 1 AS `salario_activo`,
 1 AS `salario_diario`,
 1 AS `salario_semanal`*/;
SET character_set_client = @saved_cs_client;

--
-- Temporary view structure for view `vista_estadistico_color_material`
--

DROP TABLE IF EXISTS `vista_estadistico_color_material`;
/*!50001 DROP VIEW IF EXISTS `vista_estadistico_color_material`*/;
SET @saved_cs_client     = @@character_set_client;
SET character_set_client = utf8;
/*!50001 CREATE VIEW `vista_estadistico_color_material` AS SELECT 
 1 AS `material_color`,
 1 AS `movimientos`*/;
SET character_set_client = @saved_cs_client;

--
-- Temporary view structure for view `vista_estadistico_movimiento_lamina`
--

DROP TABLE IF EXISTS `vista_estadistico_movimiento_lamina`;
/*!50001 DROP VIEW IF EXISTS `vista_estadistico_movimiento_lamina`*/;
SET @saved_cs_client     = @@character_set_client;
SET character_set_client = utf8;
/*!50001 CREATE VIEW `vista_estadistico_movimiento_lamina` AS SELECT 
 1 AS `lamina_alta_id`,
 1 AS `folio_lamina`,
 1 AS `material_color`,
 1 AS `costo_lamina`,
 1 AS `perdida_reposicion`,
 1 AS `ventas`,
 1 AS `stock`,
 1 AS `costo_produccion`,
 1 AS `movimientos`,
 1 AS `utilidad`*/;
SET character_set_client = @saved_cs_client;

--
-- Temporary view structure for view `vista_estadisticos_lamina`
--

DROP TABLE IF EXISTS `vista_estadisticos_lamina`;
/*!50001 DROP VIEW IF EXISTS `vista_estadisticos_lamina`*/;
SET @saved_cs_client     = @@character_set_client;
SET character_set_client = utf8;
/*!50001 CREATE VIEW `vista_estadisticos_lamina` AS SELECT 
 1 AS `folio_lamina`,
 1 AS `inventario_recubrimientos_id`,
 1 AS `material_color`,
 1 AS `venta`,
 1 AS `stock`,
 1 AS `reposicion`*/;
SET character_set_client = @saved_cs_client;

--
-- Temporary view structure for view `vista_extra`
--

DROP TABLE IF EXISTS `vista_extra`;
/*!50001 DROP VIEW IF EXISTS `vista_extra`*/;
SET @saved_cs_client     = @@character_set_client;
SET character_set_client = utf8;
/*!50001 CREATE VIEW `vista_extra` AS SELECT 
 1 AS `id`,
 1 AS `nombre`,
 1 AS `precio_extra`,
 1 AS `porcentaje_comision`*/;
SET character_set_client = @saved_cs_client;

--
-- Temporary view structure for view `vista_factura`
--

DROP TABLE IF EXISTS `vista_factura`;
/*!50001 DROP VIEW IF EXISTS `vista_factura`*/;
SET @saved_cs_client     = @@character_set_client;
SET character_set_client = utf8;
/*!50001 CREATE VIEW `vista_factura` AS SELECT 
 1 AS `folio_factura`,
 1 AS `proveedor`,
 1 AS `fecha_factura`,
 1 AS `fecha_alta`,
 1 AS `factura_abierta`,
 1 AS `entrada`,
 1 AS `total_factura`*/;
SET character_set_client = @saved_cs_client;

--
-- Temporary view structure for view `vista_inhumados_mtto`
--

DROP TABLE IF EXISTS `vista_inhumados_mtto`;
/*!50001 DROP VIEW IF EXISTS `vista_inhumados_mtto`*/;
SET @saved_cs_client     = @@character_set_client;
SET character_set_client = utf8;
/*!50001 CREATE VIEW `vista_inhumados_mtto` AS SELECT 
 1 AS `inhumado`,
 1 AS `posicion`,
 1 AS `fecha_servicio`,
 1 AS `fecha_nacimiento`,
 1 AS `fecha_deceso`,
 1 AS `ubicacion`,
 1 AS `lote_id`*/;
SET character_set_client = @saved_cs_client;

--
-- Temporary view structure for view `vista_inventario_recub_general`
--

DROP TABLE IF EXISTS `vista_inventario_recub_general`;
/*!50001 DROP VIEW IF EXISTS `vista_inventario_recub_general`*/;
SET @saved_cs_client     = @@character_set_client;
SET character_set_client = utf8;
/*!50001 CREATE VIEW `vista_inventario_recub_general` AS SELECT 
 1 AS `id`,
 1 AS `inventario_recubrimientos_id`,
 1 AS `lamina_alta_id`,
 1 AS `folio_lamina`,
 1 AS `folio_factura`,
 1 AS `material_color`,
 1 AS `proveedor`,
 1 AS `area_total`,
 1 AS `area_usada`,
 1 AS `area_stock`,
 1 AS `precio_inicial`,
 1 AS `precio_stock`,
 1 AS `lamina_completa`,
 1 AS `porcentaje_restante`,
 1 AS `activo`,
 1 AS `costo_lamina`,
 1 AS `perdida_reposicion`,
 1 AS `ventas`,
 1 AS `stock`,
 1 AS `costo_produccion`,
 1 AS `movimientos`,
 1 AS `utilidad`*/;
SET character_set_client = @saved_cs_client;

--
-- Temporary view structure for view `vista_inventario_recubrimiento`
--

DROP TABLE IF EXISTS `vista_inventario_recubrimiento`;
/*!50001 DROP VIEW IF EXISTS `vista_inventario_recubrimiento`*/;
SET @saved_cs_client     = @@character_set_client;
SET character_set_client = utf8;
/*!50001 CREATE VIEW `vista_inventario_recubrimiento` AS SELECT 
 1 AS `id`,
 1 AS `inventario_recubrimientos_id`,
 1 AS `lamina_alta_id`,
 1 AS `folio_lamina`,
 1 AS `folio_factura`,
 1 AS `material_color`,
 1 AS `proveedor`,
 1 AS `area_total`,
 1 AS `area_usada`,
 1 AS `updated_at`,
 1 AS `area_stock`,
 1 AS `precio_inicial`,
 1 AS `precio_stock`,
 1 AS `lamina_completa`,
 1 AS `porcentaje_restante`,
 1 AS `activo`*/;
SET character_set_client = @saved_cs_client;

--
-- Temporary view structure for view `vista_lista_asistencia`
--

DROP TABLE IF EXISTS `vista_lista_asistencia`;
/*!50001 DROP VIEW IF EXISTS `vista_lista_asistencia`*/;
SET @saved_cs_client     = @@character_set_client;
SET character_set_client = utf8;
/*!50001 CREATE VIEW `vista_lista_asistencia` AS SELECT 
 1 AS `empleado`,
 1 AS `departamento`,
 1 AS `id`,
 1 AS `sa`,
 1 AS `do`,
 1 AS `lu`,
 1 AS `ma`,
 1 AS `mi`,
 1 AS `ju`,
 1 AS `vi`,
 1 AS `observaciones`,
 1 AS `lista_id`,
 1 AS `empleado_id`,
 1 AS `revisado`,
 1 AS `hora_extra`,
 1 AS `prima_dominical`,
 1 AS `vacaciones`,
 1 AS `festivo`,
 1 AS `semana_completa`,
 1 AS `dias_pago`,
 1 AS `revision_contabilidad`,
 1 AS `nomina`,
 1 AS `nomina_ss`,
 1 AS `dias_asistidos`,
 1 AS `faltas`,
 1 AS `prima`*/;
SET character_set_client = @saved_cs_client;

--
-- Temporary view structure for view `vista_material_baja`
--

DROP TABLE IF EXISTS `vista_material_baja`;
/*!50001 DROP VIEW IF EXISTS `vista_material_baja`*/;
SET @saved_cs_client     = @@character_set_client;
SET character_set_client = utf8;
/*!50001 CREATE VIEW `vista_material_baja` AS SELECT 
 1 AS `baja_id`,
 1 AS `lamina`,
 1 AS `material_color`,
 1 AS `fecha`,
 1 AS `nombre`,
 1 AS `area_venta`,
 1 AS `fecha_captura`,
 1 AS `costo`,
 1 AS `tipo_baja`,
 1 AS `tipo_corte`*/;
SET character_set_client = @saved_cs_client;

--
-- Temporary view structure for view `vista_material_color`
--

DROP TABLE IF EXISTS `vista_material_color`;
/*!50001 DROP VIEW IF EXISTS `vista_material_color`*/;
SET @saved_cs_client     = @@character_set_client;
SET character_set_client = utf8;
/*!50001 CREATE VIEW `vista_material_color` AS SELECT 
 1 AS `id`,
 1 AS `material_color`*/;
SET character_set_client = @saved_cs_client;

--
-- Temporary view structure for view `vista_nomina`
--

DROP TABLE IF EXISTS `vista_nomina`;
/*!50001 DROP VIEW IF EXISTS `vista_nomina`*/;
SET @saved_cs_client     = @@character_set_client;
SET character_set_client = utf8;
/*!50001 CREATE VIEW `vista_nomina` AS SELECT 
 1 AS `id`,
 1 AS `sa`,
 1 AS `do`,
 1 AS `lu`,
 1 AS `ma`,
 1 AS `mi`,
 1 AS `ju`,
 1 AS `vi`,
 1 AS `observaciones`,
 1 AS `lista_id`,
 1 AS `empleado_id`,
 1 AS `revisado`,
 1 AS `hora_extra`,
 1 AS `prima_dominical`,
 1 AS `vacaciones`,
 1 AS `festivo`,
 1 AS `semana_completa`,
 1 AS `dias_pago`,
 1 AS `revision_contabilidad`,
 1 AS `nomina`,
 1 AS `nomina_ss`,
 1 AS `empleado`,
 1 AS `departamento_id`,
 1 AS `departamento`,
 1 AS `salario_diario`,
 1 AS `salario_semanal`,
 1 AS `bono_mtto`,
 1 AS `infonavit`,
 1 AS `abono_prestamo`,
 1 AS `otras_percepciones`,
 1 AS `motivo`,
 1 AS `dias_trabajados`,
 1 AS `dias_pagados`,
 1 AS `ss`,
 1 AS `salario_total`,
 1 AS `p_dominical`,
 1 AS `dias_real`,
 1 AS `h_extra`*/;
SET character_set_client = @saved_cs_client;

--
-- Temporary view structure for view `vista_precios_mantenimiento`
--

DROP TABLE IF EXISTS `vista_precios_mantenimiento`;
/*!50001 DROP VIEW IF EXISTS `vista_precios_mantenimiento`*/;
SET @saved_cs_client     = @@character_set_client;
SET character_set_client = utf8;
/*!50001 CREATE VIEW `vista_precios_mantenimiento` AS SELECT 
 1 AS `descripcion`,
 1 AS `trimestre`,
 1 AS `semestre`,
 1 AS `anual`*/;
SET character_set_client = @saved_cs_client;

--
-- Temporary view structure for view `vista_producto_construccion`
--

DROP TABLE IF EXISTS `vista_producto_construccion`;
/*!50001 DROP VIEW IF EXISTS `vista_producto_construccion`*/;
SET @saved_cs_client     = @@character_set_client;
SET character_set_client = utf8;
/*!50001 CREATE VIEW `vista_producto_construccion` AS SELECT 
 1 AS `id`,
 1 AS `nombre`,
 1 AS `precio_construccion`,
 1 AS `porcentaje_comision`,
 1 AS `activo`*/;
SET character_set_client = @saved_cs_client;

--
-- Temporary view structure for view `vista_promotores`
--

DROP TABLE IF EXISTS `vista_promotores`;
/*!50001 DROP VIEW IF EXISTS `vista_promotores`*/;
SET @saved_cs_client     = @@character_set_client;
SET character_set_client = utf8;
/*!50001 CREATE VIEW `vista_promotores` AS SELECT 
 1 AS `id`,
 1 AS `Promotor`,
 1 AS `email`*/;
SET character_set_client = @saved_cs_client;

--
-- Temporary view structure for view `vista_recubrimiento`
--

DROP TABLE IF EXISTS `vista_recubrimiento`;
/*!50001 DROP VIEW IF EXISTS `vista_recubrimiento`*/;
SET @saved_cs_client     = @@character_set_client;
SET character_set_client = utf8;
/*!50001 CREATE VIEW `vista_recubrimiento` AS SELECT 
 1 AS `id`,
 1 AS `nombre`,
 1 AS `precio_recubrimiento`,
 1 AS `porcentaje_comision`*/;
SET character_set_client = @saved_cs_client;

--
-- Temporary view structure for view `vista_reposiciones`
--

DROP TABLE IF EXISTS `vista_reposiciones`;
/*!50001 DROP VIEW IF EXISTS `vista_reposiciones`*/;
SET @saved_cs_client     = @@character_set_client;
SET character_set_client = utf8;
/*!50001 CREATE VIEW `vista_reposiciones` AS SELECT 
 1 AS `created_at`,
 1 AS `inventario_recubrimientos_id`,
 1 AS `pieza`,
 1 AS `material_color`,
 1 AS `folio_lamina`,
 1 AS `motivos`,
 1 AS `usuario`,
 1 AS `precio_reposicion`,
 1 AS `costo_material_usado`,
 1 AS `area_venta`*/;
SET character_set_client = @saved_cs_client;

--
-- Temporary view structure for view `vista_salarios_activos`
--

DROP TABLE IF EXISTS `vista_salarios_activos`;
/*!50001 DROP VIEW IF EXISTS `vista_salarios_activos`*/;
SET @saved_cs_client     = @@character_set_client;
SET character_set_client = utf8;
/*!50001 CREATE VIEW `vista_salarios_activos` AS SELECT 
 1 AS `id`,
 1 AS `created_at`,
 1 AS `updated_at`,
 1 AS `activo`,
 1 AS `empleado_id`,
 1 AS `salario_diario`,
 1 AS `salario_semanal`*/;
SET character_set_client = @saved_cs_client;

--
-- Temporary view structure for view `vista_servicio_funeral`
--

DROP TABLE IF EXISTS `vista_servicio_funeral`;
/*!50001 DROP VIEW IF EXISTS `vista_servicio_funeral`*/;
SET @saved_cs_client     = @@character_set_client;
SET character_set_client = utf8;
/*!50001 CREATE VIEW `vista_servicio_funeral` AS SELECT 
 1 AS `id`,
 1 AS `nombre`,
 1 AS `precio_servicio`,
 1 AS `monto_comisionable`,
 1 AS `porcentaje_comision`*/;
SET character_set_client = @saved_cs_client;

--
-- Temporary view structure for view `vista_stock`
--

DROP TABLE IF EXISTS `vista_stock`;
/*!50001 DROP VIEW IF EXISTS `vista_stock`*/;
SET @saved_cs_client     = @@character_set_client;
SET character_set_client = utf8;
/*!50001 CREATE VIEW `vista_stock` AS SELECT 
 1 AS `id`,
 1 AS `inventario_recubrimientos_id`,
 1 AS `material_baja_id`,
 1 AS `lamina_alta_id`,
 1 AS `folio`,
 1 AS `pieza`,
 1 AS `material_color`,
 1 AS `folio_lamina`,
 1 AS `costo_material_usado`,
 1 AS `precio_venta`,
 1 AS `created_at`,
 1 AS `area_requerida`,
 1 AS `stock_activo`*/;
SET character_set_client = @saved_cs_client;

--
-- Temporary view structure for view `vista_terrenos_disponibles`
--

DROP TABLE IF EXISTS `vista_terrenos_disponibles`;
/*!50001 DROP VIEW IF EXISTS `vista_terrenos_disponibles`*/;
SET @saved_cs_client     = @@character_set_client;
SET character_set_client = utf8;
/*!50001 CREATE VIEW `vista_terrenos_disponibles` AS SELECT 
 1 AS `producto_id`,
 1 AS `sector_id`,
 1 AS `recinto_id`,
 1 AS `lote_id`,
 1 AS `id`,
 1 AS `sector`,
 1 AS `recinto`,
 1 AS `tipo`,
 1 AS `fila`,
 1 AS `columna`,
 1 AS `monto`,
 1 AS `porcentaje_comision`*/;
SET character_set_client = @saved_cs_client;

--
-- Temporary view structure for view `vista_ventas_totales_lamina`
--

DROP TABLE IF EXISTS `vista_ventas_totales_lamina`;
/*!50001 DROP VIEW IF EXISTS `vista_ventas_totales_lamina`*/;
SET @saved_cs_client     = @@character_set_client;
SET character_set_client = utf8;
/*!50001 CREATE VIEW `vista_ventas_totales_lamina` AS SELECT 
 1 AS `id`,
 1 AS `folio`,
 1 AS `inventario_recubrimientos_id`,
 1 AS `venta_material_id`,
 1 AS `folio_lamina`,
 1 AS `pieza`,
 1 AS `material_color`,
 1 AS `precio_pieza`,
 1 AS `observaciones`,
 1 AS `pieza_completa`,
 1 AS `venta_abierta`,
 1 AS `piezas`,
 1 AS `total`*/;
SET character_set_client = @saved_cs_client;

--
-- Final view structure for view `advertencia_comision_activa`
--

/*!50001 DROP VIEW IF EXISTS `advertencia_comision_activa`*/;
/*!50001 SET @saved_cs_client          = @@character_set_client */;
/*!50001 SET @saved_cs_results         = @@character_set_results */;
/*!50001 SET @saved_col_connection     = @@collation_connection */;
/*!50001 SET character_set_client      = utf8 */;
/*!50001 SET character_set_results     = utf8 */;
/*!50001 SET collation_connection      = utf8_general_ci */;
/*!50001 CREATE ALGORITHM=UNDEFINED */
/*!50013 DEFINER=`root`@`%` SQL SECURITY DEFINER */
/*!50001 VIEW `advertencia_comision_activa` AS select `comision_advertencia`.`id` AS `id`,`comision_advertencia`.`comision_id` AS `comision_id`,`comision_advertencia`.`created_at` AS `created_at`,`comision_advertencia`.`motivos` AS `motivos`,`comision_advertencia`.`activo` AS `activo`,`comision_advertencia`.`updated_at` AS `updated_at` from `comision_advertencia` where (`comision_advertencia`.`activo` = 1) */;
/*!50001 SET character_set_client      = @saved_cs_client */;
/*!50001 SET character_set_results     = @saved_cs_results */;
/*!50001 SET collation_connection      = @saved_col_connection */;

--
-- Final view structure for view `ventas_totales`
--

/*!50001 DROP VIEW IF EXISTS `ventas_totales`*/;
/*!50001 SET @saved_cs_client          = @@character_set_client */;
/*!50001 SET @saved_cs_results         = @@character_set_results */;
/*!50001 SET @saved_col_connection     = @@collation_connection */;
/*!50001 SET character_set_client      = utf8 */;
/*!50001 SET character_set_results     = utf8 */;
/*!50001 SET collation_connection      = utf8_general_ci */;
/*!50001 CREATE ALGORITHM=UNDEFINED */
/*!50013 DEFINER=`root`@`%` SQL SECURITY DEFINER */
/*!50001 VIEW `ventas_totales` AS select sum(`venta_producto`.`total`) AS `total`,sum(`venta_producto`.`cantidad`) AS `cantidad`,'Lotes Funerarios' AS `producto` from ((`lote` join `producto` on((`lote`.`producto_id` = `producto`.`id`))) join `venta_producto` on((`venta_producto`.`producto_id` = `producto`.`id`))) union all select sum(`venta_producto`.`total`) AS `total`,sum(`venta_producto`.`cantidad`) AS `cantidad`,'Mantenimientos' AS `producto` from ((`mantenimiento` join `producto` on((`mantenimiento`.`producto_id` = `producto`.`id`))) join `venta_producto` on((`venta_producto`.`producto_id` = `producto`.`id`))) union all select sum(`venta_producto`.`total`) AS `total`,sum(`venta_producto`.`cantidad`) AS `cantidad`,'Construcciones' AS `producto` from ((`construccion` join `producto` on((`construccion`.`producto_id` = `producto`.`id`))) join `venta_producto` on((`venta_producto`.`producto_id` = `producto`.`id`))) union all select sum(`venta_producto`.`total`) AS `total`,sum(`venta_producto`.`cantidad`) AS `cantidad`,'Servicios Funerales' AS `producto` from ((`servicio_funeral` join `producto` on((`servicio_funeral`.`producto_id` = `producto`.`id`))) join `venta_producto` on((`venta_producto`.`producto_id` = `producto`.`id`))) union all select sum(`venta_producto`.`total`) AS `total`,sum(`venta_producto`.`cantidad`) AS `cantidad`,'Trmites' AS `producto` from ((`tramite` join `producto` on((`tramite`.`producto_id` = `producto`.`id`))) join `venta_producto` on((`venta_producto`.`producto_id` = `producto`.`id`))) union all select sum(`venta_producto`.`total`) AS `total`,sum(`venta_producto`.`cantidad`) AS `cantidad`,'Inhumaciones' AS `producto` from ((`inhumacion` join `producto` on((`inhumacion`.`producto_id` = `producto`.`id`))) join `venta_producto` on((`venta_producto`.`producto_id` = `producto`.`id`))) union all select sum(`venta_producto`.`total`) AS `total`,sum(`venta_producto`.`cantidad`) AS `cantidad`,'Exhumaciones' AS `producto` from ((`exhumacion` join `producto` on((`exhumacion`.`producto_id` = `producto`.`id`))) join `venta_producto` on((`venta_producto`.`producto_id` = `producto`.`id`))) union all select sum(`venta_producto`.`total`) AS `total`,sum(`venta_producto`.`cantidad`) AS `cantidad`,'Extras' AS `producto` from ((`extra` join `producto` on((`extra`.`producto_id` = `producto`.`id`))) join `venta_producto` on((`venta_producto`.`producto_id` = `producto`.`id`))) */;
/*!50001 SET character_set_client      = @saved_cs_client */;
/*!50001 SET character_set_results     = @saved_cs_results */;
/*!50001 SET collation_connection      = @saved_col_connection */;

--
-- Final view structure for view `vista_abono_comision_periodo`
--

/*!50001 DROP VIEW IF EXISTS `vista_abono_comision_periodo`*/;
/*!50001 SET @saved_cs_client          = @@character_set_client */;
/*!50001 SET @saved_cs_results         = @@character_set_results */;
/*!50001 SET @saved_col_connection     = @@collation_connection */;
/*!50001 SET character_set_client      = utf8 */;
/*!50001 SET character_set_results     = utf8 */;
/*!50001 SET collation_connection      = utf8_general_ci */;
/*!50001 CREATE ALGORITHM=UNDEFINED */
/*!50013 DEFINER=`root`@`%` SQL SECURITY DEFINER */
/*!50001 VIEW `vista_abono_comision_periodo` AS select `abono_comision`.`id` AS `id`,`abono_comision`.`periodo_comision_id` AS `periodo_comision_id`,`abono_comision`.`comision_id` AS `comision_id`,`abono_comision`.`monto` AS `monto`,`abono_comision`.`fecha` AS `fecha`,`abono_comision`.`cancelado` AS `cancelado`,`abono_comision`.`created_at` AS `created_at`,`abono_comision`.`updated_at` AS `updated_at`,`abono_comision`.`pagado` AS `pagado`,`abono_comision`.`asesor_id` AS `asesor_id`,`periodo_comision`.`folio` AS `folio_comision`,`periodo_comision`.`fecha_inicio` AS `fecha_inicio`,`periodo_comision`.`fecha_fin` AS `fecha_fin` from (`abono_comision` left join `periodo_comision` on((`abono_comision`.`periodo_comision_id` = `periodo_comision`.`id`))) */;
/*!50001 SET character_set_client      = @saved_cs_client */;
/*!50001 SET character_set_results     = @saved_cs_results */;
/*!50001 SET collation_connection      = @saved_col_connection */;

--
-- Final view structure for view `vista_asesor_promotor`
--

/*!50001 DROP VIEW IF EXISTS `vista_asesor_promotor`*/;
/*!50001 SET @saved_cs_client          = @@character_set_client */;
/*!50001 SET @saved_cs_results         = @@character_set_results */;
/*!50001 SET @saved_col_connection     = @@collation_connection */;
/*!50001 SET character_set_client      = utf8 */;
/*!50001 SET character_set_results     = utf8 */;
/*!50001 SET collation_connection      = utf8_general_ci */;
/*!50001 CREATE ALGORITHM=UNDEFINED */
/*!50013 DEFINER=`root`@`%` SQL SECURITY DEFINER */
/*!50001 VIEW `vista_asesor_promotor` AS select `asesor`.`persona_id` AS `persona_id`,`asesor`.`activo` AS `activo`,`asesor`.`id` AS `asesor_id`,`asesor_promotor`.`id` AS `promotor_id`,`asesor`.`fecha_ingreso` AS `fecha_ingreso`,concat(`persona`.`nombres`,' ',`persona`.`apellido_paterno`,' ',`persona`.`apellido_materno`) AS `asesor`,ifnull(concat(`persona_promotor`.`nombres`,' ',`persona_promotor`.`apellido_paterno`,' ',`persona_promotor`.`apellido_materno`),'Independiente') AS `promotor`,ifnull(`asesor`.`email`,'0') AS `email` from ((((`asesor` left join `persona` on((`asesor`.`persona_id` = `persona`.`id`))) left join `promotor` on((`promotor`.`asesor_id` = `asesor`.`id`))) left join `asesor` `asesor_promotor` on((`promotor`.`promotor_id` = `asesor_promotor`.`id`))) left join `persona` `persona_promotor` on((`asesor_promotor`.`persona_id` = `persona_promotor`.`id`))) where (`asesor`.`activo` = 1) */;
/*!50001 SET character_set_client      = @saved_cs_client */;
/*!50001 SET character_set_results     = @saved_cs_results */;
/*!50001 SET collation_connection      = @saved_col_connection */;

--
-- Final view structure for view `vista_clientes`
--

/*!50001 DROP VIEW IF EXISTS `vista_clientes`*/;
/*!50001 SET @saved_cs_client          = @@character_set_client */;
/*!50001 SET @saved_cs_results         = @@character_set_results */;
/*!50001 SET @saved_col_connection     = @@collation_connection */;
/*!50001 SET character_set_client      = utf8 */;
/*!50001 SET character_set_results     = utf8 */;
/*!50001 SET collation_connection      = utf8_general_ci */;
/*!50001 CREATE ALGORITHM=UNDEFINED */
/*!50013 DEFINER=`root`@`localhost` SQL SECURITY DEFINER */
/*!50001 VIEW `vista_clientes` AS select `cliente`.`id` AS `id`,`persona`.`nombres` AS `nombres`,`persona`.`apellido_paterno` AS `apellido_paterno`,`persona`.`apellido_materno` AS `apellido_materno`,`cliente`.`calle` AS `calle`,`cliente`.`numero_exterior` AS `numero_exterior`,`cliente`.`numero_interior` AS `numero_interior`,`colonia`.`codigo_postal` AS `codigo_postal`,`colonia`.`nombre` AS `colonia`,`cliente`.`referencias` AS `referencias`,`municipio`.`nombre` AS `municipio`,`estado`.`nombre` AS `estado`,`pais`.`nombre` AS `pais`,`cliente`.`email` AS `email`,`estado_civil`.`descripcion` AS `estado_civil`,`cliente`.`latitud` AS `latitud`,`cliente`.`longitud` AS `longitud` from ((((((`cliente` left join `persona` on((`cliente`.`persona_id` = `persona`.`id`))) left join `colonia` on((`cliente`.`colonia_id` = `colonia`.`id`))) left join `municipio` on((`colonia`.`municipio_id` = `municipio`.`id`))) left join `estado` on((`municipio`.`estado_id` = `estado`.`id`))) left join `pais` on((`estado`.`pais_id` = `pais`.`id`))) left join `estado_civil` on((`cliente`.`estado_civil_id` = `estado_civil`.`id`))) */;
/*!50001 SET character_set_client      = @saved_cs_client */;
/*!50001 SET character_set_results     = @saved_cs_results */;
/*!50001 SET collation_connection      = @saved_col_connection */;

--
-- Final view structure for view `vista_colonia`
--

/*!50001 DROP VIEW IF EXISTS `vista_colonia`*/;
/*!50001 SET @saved_cs_client          = @@character_set_client */;
/*!50001 SET @saved_cs_results         = @@character_set_results */;
/*!50001 SET @saved_col_connection     = @@collation_connection */;
/*!50001 SET character_set_client      = utf8 */;
/*!50001 SET character_set_results     = utf8 */;
/*!50001 SET collation_connection      = utf8_general_ci */;
/*!50001 CREATE ALGORITHM=UNDEFINED */
/*!50013 DEFINER=`root`@`localhost` SQL SECURITY DEFINER */
/*!50001 VIEW `vista_colonia` AS select `colonia`.`id` AS `colonia_id`,`colonia`.`nombre` AS `colonia`,`colonia`.`codigo_postal` AS `codigo_postal`,`estado`.`id` AS `estado_id`,`estado`.`nombre` AS `estado`,`municipio`.`nombre` AS `municipio` from ((`colonia` left join `municipio` on((`colonia`.`municipio_id` = `municipio`.`id`))) left join `estado` on((`municipio`.`estado_id` = `estado`.`id`))) */;
/*!50001 SET character_set_client      = @saved_cs_client */;
/*!50001 SET character_set_results     = @saved_cs_results */;
/*!50001 SET collation_connection      = @saved_col_connection */;

--
-- Final view structure for view `vista_comision`
--

/*!50001 DROP VIEW IF EXISTS `vista_comision`*/;
/*!50001 SET @saved_cs_client          = @@character_set_client */;
/*!50001 SET @saved_cs_results         = @@character_set_results */;
/*!50001 SET @saved_col_connection     = @@collation_connection */;
/*!50001 SET character_set_client      = utf8 */;
/*!50001 SET character_set_results     = utf8 */;
/*!50001 SET collation_connection      = utf8_general_ci */;
/*!50001 CREATE ALGORITHM=UNDEFINED */
/*!50013 DEFINER=`root`@`%` SQL SECURITY DEFINER */
/*!50001 VIEW `vista_comision` AS select `comision`.`id` AS `id`,`venta`.`id` AS `venta_id`,`venta`.`folio_solicitud` AS `folio_solicitud`,`producto`.`id` AS `producto_id`,`producto`.`nombre` AS `producto`,concat(`cli`.`nombres`,' ',`cli`.`apellido_paterno`,' ',`cli`.`apellido_materno`) AS `cliente`,`asesor`.`id` AS `asesor_id`,concat(`vendedor`.`nombres`,' ',`vendedor`.`apellido_paterno`,' ',`vendedor`.`apellido_materno`) AS `vendedor`,`comision`.`cancelada` AS `cancelada`,`comision`.`pagada` AS `pagada`,`comision`.`numero_pagos` AS `numero_pagos`,`venta`.`total` AS `total`,`comision`.`total_comisionable` AS `total_comisionable`,ifnull(sum(`abono_comision`.`monto`),0) AS `pagado`,ifnull((`comision`.`total_comisionable` - sum(`abono_comision`.`monto`)),`comision`.`total_comisionable`) AS `por_pagar`,`comision`.`porcentaje` AS `porcentaje`,`departamento`.`nombre_corto` AS `nombre_corto`,count(`abono_comision`.`id`) AS `abonos`,`comision`.`observaciones` AS `observaciones`,ifnull(`advertencia`.`motivos`,0) AS `advertencia`,`advertencia`.`created_at` AS `created_at`,`venta`.`fecha` AS `fecha_venta` from ((((((((((`comision` left join `venta` on((`comision`.`venta_id` = `venta`.`id`))) left join `asesor` on((`comision`.`asesor_id` = `asesor`.`id`))) left join `persona` `vendedor` on((`asesor`.`persona_id` = `vendedor`.`id`))) left join `cliente` on((`venta`.`cliente_id` = `cliente`.`id`))) left join `persona` `cli` on((`cli`.`id` = `cliente`.`persona_id`))) left join `venta_producto` on((`venta`.`id` = `venta_producto`.`venta_id`))) left join `producto` on((`venta_producto`.`producto_id` = `producto`.`id`))) left join `abono_comision` on((`comision`.`id` = `abono_comision`.`comision_id`))) left join `departamento` on((`producto`.`departamento_id` = `departamento`.`id`))) left join `advertencia_comision_activa` `advertencia` on((`comision`.`id` = `advertencia`.`comision_id`))) group by `comision`.`id` */;
/*!50001 SET character_set_client      = @saved_cs_client */;
/*!50001 SET character_set_results     = @saved_cs_results */;
/*!50001 SET collation_connection      = @saved_col_connection */;

--
-- Final view structure for view `vista_detalle_factura`
--

/*!50001 DROP VIEW IF EXISTS `vista_detalle_factura`*/;
/*!50001 SET @saved_cs_client          = @@character_set_client */;
/*!50001 SET @saved_cs_results         = @@character_set_results */;
/*!50001 SET @saved_col_connection     = @@collation_connection */;
/*!50001 SET character_set_client      = utf8 */;
/*!50001 SET character_set_results     = utf8 */;
/*!50001 SET collation_connection      = utf8_general_ci */;
/*!50001 CREATE ALGORITHM=UNDEFINED */
/*!50013 DEFINER=`root`@`localhost` SQL SECURITY DEFINER */
/*!50001 VIEW `vista_detalle_factura` AS select `lamina_alta`.`folio_factura` AS `folio_factura`,`lamina_alta`.`fecha` AS `fecha_factura`,`lamina_alta`.`created_at` AS `fecha_alta`,`material`.`nombre` AS `material`,`color`.`nombre` AS `color`,count(`lamina_alta`.`material_color_id`) AS `entrada`,sum(`lamina_alta`.`precio_total`) AS `total_factura` from (((`lamina_alta` left join `material_color` on((`lamina_alta`.`material_color_id` = `material_color`.`id`))) left join `color` on((`material_color`.`color_id` = `color`.`id`))) left join `material` on((`material_color`.`material_id` = `material`.`id`))) group by `lamina_alta`.`folio_factura`,`lamina_alta`.`material_color_id` */;
/*!50001 SET character_set_client      = @saved_cs_client */;
/*!50001 SET character_set_results     = @saved_cs_results */;
/*!50001 SET collation_connection      = @saved_col_connection */;

--
-- Final view structure for view `vista_detalle_mantenimiento`
--

/*!50001 DROP VIEW IF EXISTS `vista_detalle_mantenimiento`*/;
/*!50001 SET @saved_cs_client          = @@character_set_client */;
/*!50001 SET @saved_cs_results         = @@character_set_results */;
/*!50001 SET @saved_col_connection     = @@collation_connection */;
/*!50001 SET character_set_client      = utf8 */;
/*!50001 SET character_set_results     = utf8 */;
/*!50001 SET collation_connection      = utf8_general_ci */;
/*!50001 CREATE ALGORITHM=UNDEFINED */
/*!50013 DEFINER=`root`@`localhost` SQL SECURITY DEFINER */
/*!50001 VIEW `vista_detalle_mantenimiento` AS select `venta_mantenimiento`.`id` AS `id`,`cliente`.`id` AS `cliente_id`,`venta`.`id` AS `venta_id`,`lote`.`id` AS `lote_id`,`venta`.`folio_solicitud` AS `folio_solicitud`,`p2`.`id` AS `producto_id`,`venta_mantenimiento`.`fecha_inicio` AS `fecha_inicio`,`venta_mantenimiento`.`fecha_fin` AS `fecha_fin`,`p1`.`nombre` AS `ubicacion`,`p2`.`nombre` AS `producto`,concat(`persona`.`nombres`,' ',`persona`.`apellido_paterno`,' ',`persona`.`apellido_materno`) AS `cliente`,`persona`.`id` AS `persona_id`,`construccion`.`id` AS `construccion_id`,`construccion`.`descripcion` AS `descripcion`,`mantenimiento`.`construccion_id` AS `construccion_id_contrato`,`c2`.`descripcion` AS `construccion_mtto_contrato`,`mantenimiento`.`meses` AS `meses_contratados`,`venta_mantenimiento`.`activo` AS `venta_mantenimiento_activo`,if((`mantenimiento`.`construccion_id` <> `construccion`.`id`),0,1) AS `verifica`,`venta_producto`.`total` AS `total`,if((count(`propiedad_plantada`.`id`) > 0),'Si','No') AS `plantada`,if((count(`propiedad_plantada`.`id`) > 0),`propiedad_plantada`.`fecha`,'Aun no se planta') AS `fecha_plantacion`,if((`venta_mantenimiento`.`fecha_fin` < curdate()),1,0) AS `vencido`,(case when (`venta_mantenimiento`.`fecha_fin` < curdate()) then 'vencido' when (curdate() between (`venta_mantenimiento`.`fecha_fin` - interval 15 day) and `venta_mantenimiento`.`fecha_fin`) then 'por vencer' else 'vigente' end) AS `estatus`,concat(`persona_empleado`.`nombres`,' ',`persona_empleado`.`apellido_paterno`) AS `jardinero`,`cesped`.`cantidad` AS `cesped` from ((((((((((((((`venta_mantenimiento` left join `venta_producto` on((`venta_mantenimiento`.`venta_producto_id` = `venta_producto`.`id`))) left join `lote` on((`venta_mantenimiento`.`lote_id` = `lote`.`id`))) left join `producto` `p1` on((`lote`.`producto_id` = `p1`.`id`))) left join `venta` on((`venta_producto`.`venta_id` = `venta`.`id`))) left join `producto` `p2` on((`venta_producto`.`producto_id` = `p2`.`id`))) left join `cliente` on((`venta`.`cliente_id` = `cliente`.`id`))) left join `persona` on((`cliente`.`persona_id` = `persona`.`id`))) left join `empleado` on((`venta_mantenimiento`.`empleado_id` = `empleado`.`id`))) left join `persona` `persona_empleado` on((`empleado`.`persona_id` = `persona_empleado`.`id`))) left join `cesped` on((`venta_mantenimiento`.`id` = `cesped`.`venta_mantenimiento_id`))) left join `propiedad_plantada` on((`venta_mantenimiento`.`id` = `propiedad_plantada`.`venta_mantenimiento_id`))) left join `construccion` on((`p1`.`id` = `construccion`.`producto_id`))) left join `mantenimiento` on((`p2`.`id` = `mantenimiento`.`producto_id`))) left join `construccion` `c2` on((`mantenimiento`.`construccion_id` = `c2`.`id`))) group by `venta_mantenimiento`.`id` */;
/*!50001 SET character_set_client      = @saved_cs_client */;
/*!50001 SET character_set_results     = @saved_cs_results */;
/*!50001 SET collation_connection      = @saved_col_connection */;

--
-- Final view structure for view `vista_detalle_venta_material`
--

/*!50001 DROP VIEW IF EXISTS `vista_detalle_venta_material`*/;
/*!50001 SET @saved_cs_client          = @@character_set_client */;
/*!50001 SET @saved_cs_results         = @@character_set_results */;
/*!50001 SET @saved_col_connection     = @@collation_connection */;
/*!50001 SET character_set_client      = utf8 */;
/*!50001 SET character_set_results     = utf8 */;
/*!50001 SET collation_connection      = utf8_general_ci */;
/*!50001 CREATE ALGORITHM=UNDEFINED */
/*!50013 DEFINER=`root`@`localhost` SQL SECURITY DEFINER */
/*!50001 VIEW `vista_detalle_venta_material` AS select `venta_material_baja`.`id` AS `id`,`venta_material`.`folio` AS `folio`,`inventario_recubrimientos`.`id` AS `inventario_recubrimientos_id`,`venta_material`.`id` AS `venta_material_id`,`lamina_alta`.`folio_lamina` AS `folio_lamina`,`pieza_marmoleria`.`nombre` AS `pieza`,`vista_material_color`.`material_color` AS `material_color`,`venta_material_baja`.`precio_pieza` AS `precio_pieza`,`material_baja`.`observaciones` AS `observaciones`,`material_baja`.`pieza_completa` AS `pieza_completa`,`material_baja`.`medida_estandar` AS `medida_estandar`,if((`venta_material`.`created_at` < curdate()),'0','1') AS `venta_abierta` from ((((((`venta_material_baja` left join `venta_material` on((`venta_material_baja`.`venta_material_id` = `venta_material`.`id`))) left join `material_baja` on((`venta_material_baja`.`material_baja_id` = `material_baja`.`id`))) left join `pieza_marmoleria` on((`material_baja`.`pieza_marmoleria_id` = `pieza_marmoleria`.`id`))) left join `inventario_recubrimientos` on((`material_baja`.`inventario_recubrimientos_id` = `inventario_recubrimientos`.`id`))) left join `lamina_alta` on((`inventario_recubrimientos`.`lamina_alta_id` = `lamina_alta`.`id`))) left join `vista_material_color` on((`lamina_alta`.`material_color_id` = `vista_material_color`.`id`))) */;
/*!50001 SET character_set_client      = @saved_cs_client */;
/*!50001 SET character_set_results     = @saved_cs_results */;
/*!50001 SET collation_connection      = @saved_col_connection */;

--
-- Final view structure for view `vista_empleado`
--

/*!50001 DROP VIEW IF EXISTS `vista_empleado`*/;
/*!50001 SET @saved_cs_client          = @@character_set_client */;
/*!50001 SET @saved_cs_results         = @@character_set_results */;
/*!50001 SET @saved_col_connection     = @@collation_connection */;
/*!50001 SET character_set_client      = utf8 */;
/*!50001 SET character_set_results     = utf8 */;
/*!50001 SET collation_connection      = utf8_general_ci */;
/*!50001 CREATE ALGORITHM=UNDEFINED */
/*!50013 DEFINER=`root`@`localhost` SQL SECURITY DEFINER */
/*!50001 VIEW `vista_empleado` AS select `empleado`.`id` AS `id`,`persona`.`nombres` AS `nombres`,`persona`.`apellido_paterno` AS `apellido_paterno`,`persona`.`apellido_materno` AS `apellido_materno`,`puesto`.`nombre` AS `puesto`,`departamento`.`id` AS `departamento_id`,`departamento`.`nombre` AS `departamento`,`empleado`.`fecha_ingreso` AS `fecha_ingreso`,`empleado`.`activo` AS `activo`,`s`.`activo` AS `salario_activo`,`s`.`salario_diario` AS `salario_diario`,`s`.`salario_semanal` AS `salario_semanal` from ((((`empleado` left join `persona` on((`empleado`.`persona_id` = `persona`.`id`))) left join `puesto` on((`empleado`.`puesto_id` = `puesto`.`id`))) left join `departamento` on((`puesto`.`departamento_id` = `departamento`.`id`))) left join `vista_salarios_activos` `s` on((`empleado`.`id` = `s`.`empleado_id`))) order by `empleado`.`id` */;
/*!50001 SET character_set_client      = @saved_cs_client */;
/*!50001 SET character_set_results     = @saved_cs_results */;
/*!50001 SET collation_connection      = @saved_col_connection */;

--
-- Final view structure for view `vista_estadistico_color_material`
--

/*!50001 DROP VIEW IF EXISTS `vista_estadistico_color_material`*/;
/*!50001 SET @saved_cs_client          = @@character_set_client */;
/*!50001 SET @saved_cs_results         = @@character_set_results */;
/*!50001 SET @saved_col_connection     = @@collation_connection */;
/*!50001 SET character_set_client      = utf8 */;
/*!50001 SET character_set_results     = utf8 */;
/*!50001 SET collation_connection      = utf8_general_ci */;
/*!50001 CREATE ALGORITHM=UNDEFINED */
/*!50013 DEFINER=`root`@`localhost` SQL SECURITY DEFINER */
/*!50001 VIEW `vista_estadistico_color_material` AS select `vista_material_color`.`material_color` AS `material_color`,count(`material_baja`.`id`) AS `movimientos` from (((`material_baja` left join `inventario_recubrimientos` on((`material_baja`.`inventario_recubrimientos_id` = `inventario_recubrimientos`.`id`))) left join `lamina_alta` on((`inventario_recubrimientos`.`lamina_alta_id` = `lamina_alta`.`id`))) left join `vista_material_color` on((`lamina_alta`.`material_color_id` = `vista_material_color`.`id`))) where (date_format(`inventario_recubrimientos`.`updated_at`,'%Y-%m-%d') between (curdate() + interval -(1) month) and curdate()) group by `vista_material_color`.`material_color` */;
/*!50001 SET character_set_client      = @saved_cs_client */;
/*!50001 SET character_set_results     = @saved_cs_results */;
/*!50001 SET collation_connection      = @saved_col_connection */;

--
-- Final view structure for view `vista_estadistico_movimiento_lamina`
--

/*!50001 DROP VIEW IF EXISTS `vista_estadistico_movimiento_lamina`*/;
/*!50001 SET @saved_cs_client          = @@character_set_client */;
/*!50001 SET @saved_cs_results         = @@character_set_results */;
/*!50001 SET @saved_col_connection     = @@collation_connection */;
/*!50001 SET character_set_client      = utf8 */;
/*!50001 SET character_set_results     = utf8 */;
/*!50001 SET collation_connection      = utf8_general_ci */;
/*!50001 CREATE ALGORITHM=UNDEFINED */
/*!50013 DEFINER=`root`@`localhost` SQL SECURITY DEFINER */
/*!50001 VIEW `vista_estadistico_movimiento_lamina` AS select `lamina_alta`.`id` AS `lamina_alta_id`,`lamina_alta`.`folio_lamina` AS `folio_lamina`,`vista_material_color`.`material_color` AS `material_color`,`lamina_alta`.`precio_total` AS `costo_lamina`,if((sum(`repo`.`precio_reposicion`) > 0),sum(`repo`.`precio_reposicion`),0) AS `perdida_reposicion`,if((sum(`venta_material_baja`.`precio_pieza`) > 0),sum(`venta_material_baja`.`precio_pieza`),0) AS `ventas`,if((sum(`vista_stock`.`precio_venta`) > 0),sum(`vista_stock`.`precio_venta`),0) AS `stock`,if((sum(`material_baja`.`costo_material_usado`) > 0),sum(`material_baja`.`costo_material_usado`),0) AS `costo_produccion`,count(`material_baja`.`id`) AS `movimientos`,((if((sum(`venta_material_baja`.`precio_pieza`) > 0),sum(`venta_material_baja`.`precio_pieza`),0) - if((sum(`repo`.`precio_reposicion`) > 0),sum(`repo`.`precio_reposicion`),0)) - `lamina_alta`.`precio_total`) AS `utilidad` from ((((((`material_baja` left join `inventario_recubrimientos` on((`material_baja`.`inventario_recubrimientos_id` = `inventario_recubrimientos`.`id`))) left join `lamina_alta` on((`inventario_recubrimientos`.`lamina_alta_id` = `lamina_alta`.`id`))) left join `vista_material_color` on((`lamina_alta`.`material_color_id` = `vista_material_color`.`id`))) left join `venta_material_baja` on((`material_baja`.`id` = `venta_material_baja`.`material_baja_id`))) left join `reposicion` `repo` on((`material_baja`.`id` = `repo`.`material_baja_id`))) left join `vista_stock` on((`material_baja`.`id` = `vista_stock`.`material_baja_id`))) group by `lamina_alta`.`id` */;
/*!50001 SET character_set_client      = @saved_cs_client */;
/*!50001 SET character_set_results     = @saved_cs_results */;
/*!50001 SET collation_connection      = @saved_col_connection */;

--
-- Final view structure for view `vista_estadisticos_lamina`
--

/*!50001 DROP VIEW IF EXISTS `vista_estadisticos_lamina`*/;
/*!50001 SET @saved_cs_client          = @@character_set_client */;
/*!50001 SET @saved_cs_results         = @@character_set_results */;
/*!50001 SET @saved_col_connection     = @@collation_connection */;
/*!50001 SET character_set_client      = utf8 */;
/*!50001 SET character_set_results     = utf8 */;
/*!50001 SET collation_connection      = utf8_general_ci */;
/*!50001 CREATE ALGORITHM=UNDEFINED */
/*!50013 DEFINER=`root`@`localhost` SQL SECURITY DEFINER */
/*!50001 VIEW `vista_estadisticos_lamina` AS select `lamina_alta`.`folio_lamina` AS `folio_lamina`,`inventario_recubrimientos`.`id` AS `inventario_recubrimientos_id`,`vista_material_color`.`material_color` AS `material_color`,sum(`material_baja`.`venta`) AS `venta`,sum(`material_baja`.`stock`) AS `stock`,sum(`material_baja`.`reposicion`) AS `reposicion` from (((`material_baja` left join `inventario_recubrimientos` on((`material_baja`.`inventario_recubrimientos_id` = `inventario_recubrimientos`.`id`))) left join `lamina_alta` on((`inventario_recubrimientos`.`lamina_alta_id` = `lamina_alta`.`id`))) left join `vista_material_color` on((`lamina_alta`.`material_color_id` = `vista_material_color`.`id`))) where (date_format(`inventario_recubrimientos`.`updated_at`,'%Y-%m-%d') between (curdate() + interval -(1) month) and curdate()) group by `lamina_alta`.`id` */;
/*!50001 SET character_set_client      = @saved_cs_client */;
/*!50001 SET character_set_results     = @saved_cs_results */;
/*!50001 SET collation_connection      = @saved_col_connection */;

--
-- Final view structure for view `vista_extra`
--

/*!50001 DROP VIEW IF EXISTS `vista_extra`*/;
/*!50001 SET @saved_cs_client          = @@character_set_client */;
/*!50001 SET @saved_cs_results         = @@character_set_results */;
/*!50001 SET @saved_col_connection     = @@collation_connection */;
/*!50001 SET character_set_client      = utf8 */;
/*!50001 SET character_set_results     = utf8 */;
/*!50001 SET collation_connection      = utf8_general_ci */;
/*!50001 CREATE ALGORITHM=UNDEFINED */
/*!50013 DEFINER=`root`@`%` SQL SECURITY DEFINER */
/*!50001 VIEW `vista_extra` AS select `producto`.`id` AS `id`,`producto`.`nombre` AS `nombre`,`precio`.`monto` AS `precio_extra`,`producto`.`porcentaje_comision` AS `porcentaje_comision` from ((`extra` left join `producto` on((`extra`.`producto_id` = `producto`.`id`))) left join `precio` on((`producto`.`id` = `precio`.`producto_id`))) */;
/*!50001 SET character_set_client      = @saved_cs_client */;
/*!50001 SET character_set_results     = @saved_cs_results */;
/*!50001 SET collation_connection      = @saved_col_connection */;

--
-- Final view structure for view `vista_factura`
--

/*!50001 DROP VIEW IF EXISTS `vista_factura`*/;
/*!50001 SET @saved_cs_client          = @@character_set_client */;
/*!50001 SET @saved_cs_results         = @@character_set_results */;
/*!50001 SET @saved_col_connection     = @@collation_connection */;
/*!50001 SET character_set_client      = utf8 */;
/*!50001 SET character_set_results     = utf8 */;
/*!50001 SET collation_connection      = utf8_general_ci */;
/*!50001 CREATE ALGORITHM=UNDEFINED */
/*!50013 DEFINER=`root`@`localhost` SQL SECURITY DEFINER */
/*!50001 VIEW `vista_factura` AS select `lamina_alta`.`folio_factura` AS `folio_factura`,`proveedor`.`nombre` AS `proveedor`,`lamina_alta`.`fecha` AS `fecha_factura`,`lamina_alta`.`created_at` AS `fecha_alta`,if((`lamina_alta`.`created_at` < curdate()),'0','1') AS `factura_abierta`,count(`lamina_alta`.`material_color_id`) AS `entrada`,sum(`lamina_alta`.`precio_total`) AS `total_factura` from ((((`lamina_alta` left join `material_color` on((`lamina_alta`.`material_color_id` = `material_color`.`id`))) left join `color` on((`material_color`.`color_id` = `color`.`id`))) left join `material` on((`material_color`.`material_id` = `material`.`id`))) left join `proveedor` on((`lamina_alta`.`proveedor_id` = `proveedor`.`id`))) group by `lamina_alta`.`folio_factura` */;
/*!50001 SET character_set_client      = @saved_cs_client */;
/*!50001 SET character_set_results     = @saved_cs_results */;
/*!50001 SET collation_connection      = @saved_col_connection */;

--
-- Final view structure for view `vista_inhumados_mtto`
--

/*!50001 DROP VIEW IF EXISTS `vista_inhumados_mtto`*/;
/*!50001 SET @saved_cs_client          = @@character_set_client */;
/*!50001 SET @saved_cs_results         = @@character_set_results */;
/*!50001 SET @saved_col_connection     = @@collation_connection */;
/*!50001 SET character_set_client      = utf8 */;
/*!50001 SET character_set_results     = utf8 */;
/*!50001 SET collation_connection      = utf8_general_ci */;
/*!50001 CREATE ALGORITHM=UNDEFINED */
/*!50013 DEFINER=`root`@`localhost` SQL SECURITY DEFINER */
/*!50001 VIEW `vista_inhumados_mtto` AS select concat(`persona`.`nombres`,' ',`persona`.`apellido_paterno`,' ',`persona`.`apellido_materno`) AS `inhumado`,`venta_inhumacion`.`posicion` AS `posicion`,`venta_inhumacion`.`fecha` AS `fecha_servicio`,`inhumado`.`fecha_nacimiento` AS `fecha_nacimiento`,`inhumado`.`fecha_deceso` AS `fecha_deceso`,`producto`.`nombre` AS `ubicacion`,`lote`.`id` AS `lote_id` from ((((`venta_inhumacion` left join `lote` on((`venta_inhumacion`.`lote_id` = `lote`.`id`))) left join `inhumado` on((`venta_inhumacion`.`inhumado_id` = `inhumado`.`id`))) left join `persona` on((`inhumado`.`persona_id` = `persona`.`id`))) left join `producto` on((`lote`.`producto_id` = `producto`.`id`))) order by `venta_inhumacion`.`posicion` */;
/*!50001 SET character_set_client      = @saved_cs_client */;
/*!50001 SET character_set_results     = @saved_cs_results */;
/*!50001 SET collation_connection      = @saved_col_connection */;

--
-- Final view structure for view `vista_inventario_recub_general`
--

/*!50001 DROP VIEW IF EXISTS `vista_inventario_recub_general`*/;
/*!50001 SET @saved_cs_client          = @@character_set_client */;
/*!50001 SET @saved_cs_results         = @@character_set_results */;
/*!50001 SET @saved_col_connection     = @@collation_connection */;
/*!50001 SET character_set_client      = utf8 */;
/*!50001 SET character_set_results     = utf8 */;
/*!50001 SET collation_connection      = utf8_general_ci */;
/*!50001 CREATE ALGORITHM=UNDEFINED */
/*!50013 DEFINER=`root`@`localhost` SQL SECURITY DEFINER */
/*!50001 VIEW `vista_inventario_recub_general` AS select `vista_inventario_recubrimiento`.`id` AS `id`,`vista_inventario_recubrimiento`.`inventario_recubrimientos_id` AS `inventario_recubrimientos_id`,`vista_inventario_recubrimiento`.`lamina_alta_id` AS `lamina_alta_id`,`vista_inventario_recubrimiento`.`folio_lamina` AS `folio_lamina`,`vista_inventario_recubrimiento`.`folio_factura` AS `folio_factura`,`vista_inventario_recubrimiento`.`material_color` AS `material_color`,`vista_inventario_recubrimiento`.`proveedor` AS `proveedor`,`vista_inventario_recubrimiento`.`area_total` AS `area_total`,`vista_inventario_recubrimiento`.`area_usada` AS `area_usada`,`vista_inventario_recubrimiento`.`area_stock` AS `area_stock`,`vista_inventario_recubrimiento`.`precio_inicial` AS `precio_inicial`,`vista_inventario_recubrimiento`.`precio_stock` AS `precio_stock`,`vista_inventario_recubrimiento`.`lamina_completa` AS `lamina_completa`,`vista_inventario_recubrimiento`.`porcentaje_restante` AS `porcentaje_restante`,`vista_inventario_recubrimiento`.`activo` AS `activo`,ifnull(`vista_estadistico_movimiento_lamina`.`costo_lamina`,0) AS `costo_lamina`,ifnull(`vista_estadistico_movimiento_lamina`.`perdida_reposicion`,0) AS `perdida_reposicion`,ifnull(`vista_estadistico_movimiento_lamina`.`ventas`,0) AS `ventas`,ifnull(`vista_estadistico_movimiento_lamina`.`stock`,0) AS `stock`,ifnull(`vista_estadistico_movimiento_lamina`.`costo_produccion`,0) AS `costo_produccion`,ifnull(`vista_estadistico_movimiento_lamina`.`movimientos`,0) AS `movimientos`,ifnull(`vista_estadistico_movimiento_lamina`.`utilidad`,0) AS `utilidad` from (`vista_inventario_recubrimiento` left join `vista_estadistico_movimiento_lamina` on((`vista_inventario_recubrimiento`.`lamina_alta_id` = `vista_estadistico_movimiento_lamina`.`lamina_alta_id`))) where ((date_format(`vista_inventario_recubrimiento`.`updated_at`,'%Y-%m-%d') between (curdate() + interval -(1) month) and curdate()) or (`vista_inventario_recubrimiento`.`activo` = 1)) */;
/*!50001 SET character_set_client      = @saved_cs_client */;
/*!50001 SET character_set_results     = @saved_cs_results */;
/*!50001 SET collation_connection      = @saved_col_connection */;

--
-- Final view structure for view `vista_inventario_recubrimiento`
--

/*!50001 DROP VIEW IF EXISTS `vista_inventario_recubrimiento`*/;
/*!50001 SET @saved_cs_client          = @@character_set_client */;
/*!50001 SET @saved_cs_results         = @@character_set_results */;
/*!50001 SET @saved_col_connection     = @@collation_connection */;
/*!50001 SET character_set_client      = utf8 */;
/*!50001 SET character_set_results     = utf8 */;
/*!50001 SET collation_connection      = utf8_general_ci */;
/*!50001 CREATE ALGORITHM=UNDEFINED */
/*!50013 DEFINER=`root`@`localhost` SQL SECURITY DEFINER */
/*!50001 VIEW `vista_inventario_recubrimiento` AS select `inventario_recubrimientos`.`id` AS `id`,`inventario_recubrimientos`.`id` AS `inventario_recubrimientos_id`,`lamina_alta`.`id` AS `lamina_alta_id`,`lamina_alta`.`folio_lamina` AS `folio_lamina`,`lamina_alta`.`folio_factura` AS `folio_factura`,concat(`material`.`nombre`,' ',`color`.`nombre`) AS `material_color`,`proveedor`.`nombre` AS `proveedor`,`lamina_alta`.`area_total` AS `area_total`,`inventario_recubrimientos`.`area_usada` AS `area_usada`,`inventario_recubrimientos`.`updated_at` AS `updated_at`,`inventario_recubrimientos`.`area_stock` AS `area_stock`,`lamina_alta`.`precio_total` AS `precio_inicial`,`inventario_recubrimientos`.`precio_stock` AS `precio_stock`,`lamina_alta`.`lamina_completa` AS `lamina_completa`,round(((`inventario_recubrimientos`.`area_stock` * 100) / `lamina_alta`.`area_total`),2) AS `porcentaje_restante`,`inventario_recubrimientos`.`activo` AS `activo` from (((((`inventario_recubrimientos` left join `lamina_alta` on((`inventario_recubrimientos`.`lamina_alta_id` = `lamina_alta`.`id`))) left join `material_color` on((`lamina_alta`.`material_color_id` = `material_color`.`id`))) left join `material` on((`material_color`.`material_id` = `material`.`id`))) left join `color` on((`material_color`.`color_id` = `color`.`id`))) left join `proveedor` on((`lamina_alta`.`proveedor_id` = `proveedor`.`id`))) */;
/*!50001 SET character_set_client      = @saved_cs_client */;
/*!50001 SET character_set_results     = @saved_cs_results */;
/*!50001 SET collation_connection      = @saved_col_connection */;

--
-- Final view structure for view `vista_lista_asistencia`
--

/*!50001 DROP VIEW IF EXISTS `vista_lista_asistencia`*/;
/*!50001 SET @saved_cs_client          = @@character_set_client */;
/*!50001 SET @saved_cs_results         = @@character_set_results */;
/*!50001 SET @saved_col_connection     = @@collation_connection */;
/*!50001 SET character_set_client      = utf8 */;
/*!50001 SET character_set_results     = utf8 */;
/*!50001 SET collation_connection      = utf8_general_ci */;
/*!50001 CREATE ALGORITHM=UNDEFINED */
/*!50013 DEFINER=`root`@`localhost` SQL SECURITY DEFINER */
/*!50001 VIEW `vista_lista_asistencia` AS select concat(`vista_empleado`.`nombres`,' ',`vista_empleado`.`apellido_paterno`) AS `empleado`,`vista_empleado`.`departamento` AS `departamento`,`asistencia`.`id` AS `id`,`asistencia`.`sa` AS `sa`,`asistencia`.`do` AS `do`,`asistencia`.`lu` AS `lu`,`asistencia`.`ma` AS `ma`,`asistencia`.`mi` AS `mi`,`asistencia`.`ju` AS `ju`,`asistencia`.`vi` AS `vi`,`asistencia`.`observaciones` AS `observaciones`,`asistencia`.`lista_id` AS `lista_id`,`asistencia`.`empleado_id` AS `empleado_id`,`asistencia`.`revisado` AS `revisado`,`asistencia`.`hora_extra` AS `hora_extra`,`asistencia`.`prima_dominical` AS `prima_dominical`,`asistencia`.`vacaciones` AS `vacaciones`,`asistencia`.`festivo` AS `festivo`,`asistencia`.`semana_completa` AS `semana_completa`,`asistencia`.`dias_pago` AS `dias_pago`,`asistencia`.`revision_contabilidad` AS `revision_contabilidad`,`asistencia`.`nomina` AS `nomina`,`asistencia`.`nomina_ss` AS `nomina_ss`,((((((`asistencia`.`sa` + `asistencia`.`do`) + `asistencia`.`lu`) + `asistencia`.`ma`) + `asistencia`.`mi`) + `asistencia`.`ju`) + `asistencia`.`vi`) AS `dias_asistidos`,if(((6 - ((((((`asistencia`.`sa` + `asistencia`.`do`) + `asistencia`.`lu`) + `asistencia`.`ma`) + `asistencia`.`mi`) + `asistencia`.`ju`) + `asistencia`.`vi`)) > 0),(6 - ((((((`asistencia`.`sa` + `asistencia`.`do`) + `asistencia`.`lu`) + `asistencia`.`ma`) + `asistencia`.`mi`) + `asistencia`.`ju`) + `asistencia`.`vi`)),0) AS `faltas`,if((`asistencia`.`do` = 1),1,0) AS `prima` from (`asistencia` left join `vista_empleado` on((`asistencia`.`empleado_id` = `vista_empleado`.`id`))) where (`vista_empleado`.`activo` = 1) order by `vista_empleado`.`departamento` */;
/*!50001 SET character_set_client      = @saved_cs_client */;
/*!50001 SET character_set_results     = @saved_cs_results */;
/*!50001 SET collation_connection      = @saved_col_connection */;

--
-- Final view structure for view `vista_material_baja`
--

/*!50001 DROP VIEW IF EXISTS `vista_material_baja`*/;
/*!50001 SET @saved_cs_client          = @@character_set_client */;
/*!50001 SET @saved_cs_results         = @@character_set_results */;
/*!50001 SET @saved_col_connection     = @@collation_connection */;
/*!50001 SET character_set_client      = utf8 */;
/*!50001 SET character_set_results     = utf8 */;
/*!50001 SET collation_connection      = utf8_general_ci */;
/*!50001 CREATE ALGORITHM=UNDEFINED */
/*!50013 DEFINER=`root`@`localhost` SQL SECURITY DEFINER */
/*!50001 VIEW `vista_material_baja` AS select `material_baja`.`id` AS `baja_id`,`lamina_alta`.`folio_lamina` AS `lamina`,`vista_material_color`.`material_color` AS `material_color`,`material_baja`.`fecha` AS `fecha`,`pieza_marmoleria`.`nombre` AS `nombre`,`material_baja`.`area_venta` AS `area_venta`,`material_baja`.`created_at` AS `fecha_captura`,`material_baja`.`costo_material_usado` AS `costo`,if((`material_baja`.`venta` = 1),'Venta',if((`material_baja`.`reposicion` = 1),'Reposicion','Stock')) AS `tipo_baja`,concat(if((`material_baja`.`pieza_completa` = 1),'Pieza completa','Corte'),' ',if((`material_baja`.`medida_estandar` = 1),'medida estandar','medida especial')) AS `tipo_corte` from ((((`material_baja` left join `pieza_marmoleria` on((`material_baja`.`pieza_marmoleria_id` = `pieza_marmoleria`.`id`))) left join `inventario_recubrimientos` on((`material_baja`.`inventario_recubrimientos_id` = `inventario_recubrimientos`.`id`))) left join `lamina_alta` on((`inventario_recubrimientos`.`lamina_alta_id` = `lamina_alta`.`id`))) left join `vista_material_color` on((`lamina_alta`.`material_color_id` = `vista_material_color`.`id`))) order by `material_baja`.`fecha` */;
/*!50001 SET character_set_client      = @saved_cs_client */;
/*!50001 SET character_set_results     = @saved_cs_results */;
/*!50001 SET collation_connection      = @saved_col_connection */;

--
-- Final view structure for view `vista_material_color`
--

/*!50001 DROP VIEW IF EXISTS `vista_material_color`*/;
/*!50001 SET @saved_cs_client          = @@character_set_client */;
/*!50001 SET @saved_cs_results         = @@character_set_results */;
/*!50001 SET @saved_col_connection     = @@collation_connection */;
/*!50001 SET character_set_client      = utf8 */;
/*!50001 SET character_set_results     = utf8 */;
/*!50001 SET collation_connection      = utf8_general_ci */;
/*!50001 CREATE ALGORITHM=UNDEFINED */
/*!50013 DEFINER=`root`@`localhost` SQL SECURITY DEFINER */
/*!50001 VIEW `vista_material_color` AS select `material_color`.`id` AS `id`,concat(`material`.`nombre`,' ',`color`.`nombre`) AS `material_color` from ((`material_color` join `material` on((`material_color`.`material_id` = `material`.`id`))) left join `color` on((`material_color`.`color_id` = `color`.`id`))) order by `material`.`nombre` */;
/*!50001 SET character_set_client      = @saved_cs_client */;
/*!50001 SET character_set_results     = @saved_cs_results */;
/*!50001 SET collation_connection      = @saved_col_connection */;

--
-- Final view structure for view `vista_nomina`
--

/*!50001 DROP VIEW IF EXISTS `vista_nomina`*/;
/*!50001 SET @saved_cs_client          = @@character_set_client */;
/*!50001 SET @saved_cs_results         = @@character_set_results */;
/*!50001 SET @saved_col_connection     = @@collation_connection */;
/*!50001 SET character_set_client      = utf8 */;
/*!50001 SET character_set_results     = utf8 */;
/*!50001 SET collation_connection      = utf8_general_ci */;
/*!50001 CREATE ALGORITHM=UNDEFINED */
/*!50013 DEFINER=`root`@`localhost` SQL SECURITY DEFINER */
/*!50001 VIEW `vista_nomina` AS select `asistencia`.`id` AS `id`,`asistencia`.`sa` AS `sa`,`asistencia`.`do` AS `do`,`asistencia`.`lu` AS `lu`,`asistencia`.`ma` AS `ma`,`asistencia`.`mi` AS `mi`,`asistencia`.`ju` AS `ju`,`asistencia`.`vi` AS `vi`,`asistencia`.`observaciones` AS `observaciones`,`asistencia`.`lista_id` AS `lista_id`,`asistencia`.`empleado_id` AS `empleado_id`,`asistencia`.`revisado` AS `revisado`,`asistencia`.`hora_extra` AS `hora_extra`,`asistencia`.`prima_dominical` AS `prima_dominical`,`asistencia`.`vacaciones` AS `vacaciones`,`asistencia`.`festivo` AS `festivo`,`asistencia`.`semana_completa` AS `semana_completa`,`asistencia`.`dias_pago` AS `dias_pago`,`asistencia`.`revision_contabilidad` AS `revision_contabilidad`,`asistencia`.`nomina` AS `nomina`,`asistencia`.`nomina_ss` AS `nomina_ss`,concat(`vista_empleado`.`nombres`,' ',`vista_empleado`.`apellido_paterno`,' ',`vista_empleado`.`apellido_materno`) AS `empleado`,`vista_empleado`.`departamento_id` AS `departamento_id`,`vista_empleado`.`departamento` AS `departamento`,`salario`.`salario_diario` AS `salario_diario`,`salario`.`salario_semanal` AS `salario_semanal`,if((`bono_mtto`.`monto` > 0),`bono_mtto`.`monto`,0) AS `bono_mtto`,if((`infonavit`.`monto` > 0),`infonavit`.`monto`,0) AS `infonavit`,if((`abono_prestamo`.`monto` > 0),`abono_prestamo`.`monto`,0) AS `abono_prestamo`,if((`otras_percepciones`.`monto` > 0),`otras_percepciones`.`monto`,0) AS `otras_percepciones`,if((`otras_percepciones`.`monto` > 0),`otras_percepciones`.`motivo`,'') AS `motivo`,(case ((((((`asistencia`.`lu` + `asistencia`.`ma`) + `asistencia`.`mi`) + `asistencia`.`ju`) + `asistencia`.`vi`) + `asistencia`.`sa`) + `asistencia`.`do`) when 6 then 7 when 7 then 8 when 0 then 0 else ((((((`asistencia`.`lu` + `asistencia`.`ma`) + `asistencia`.`mi`) + `asistencia`.`ju`) + `asistencia`.`vi`) + `asistencia`.`sa`) + `asistencia`.`do`) end) AS `dias_trabajados`,(case ((((((`asistencia`.`lu` + `asistencia`.`ma`) + `asistencia`.`mi`) + `asistencia`.`ju`) + `asistencia`.`vi`) + `asistencia`.`sa`) + `asistencia`.`do`) when 6 then 7 when 7 then if((`asistencia`.`semana_completa` = 1),8,7) when 0 then 0 else ((((((`asistencia`.`lu` + `asistencia`.`ma`) + `asistencia`.`mi`) + `asistencia`.`ju`) + `asistencia`.`vi`) + `asistencia`.`sa`) + `asistencia`.`do`) end) AS `dias_pagados`,(case ((((((`asistencia`.`lu` + `asistencia`.`ma`) + `asistencia`.`mi`) + `asistencia`.`ju`) + `asistencia`.`vi`) + `asistencia`.`sa`) + `asistencia`.`do`) when 6 then round(((`salario`.`salario_semanal` / 7) * 7),0) when 7 then if((`asistencia`.`semana_completa` = 1),round(((`salario`.`salario_semanal` / 7) * 8),0),round(((`salario`.`salario_semanal` / 7) * 7),0)) when 0 then 0 else round(((`salario`.`salario_semanal` / 7) * ((((((`asistencia`.`lu` + `asistencia`.`ma`) + `asistencia`.`mi`) + `asistencia`.`ju`) + `asistencia`.`vi`) + `asistencia`.`sa`) + `asistencia`.`do`)),0) end) AS `ss`,(case ((((((`asistencia`.`lu` + `asistencia`.`ma`) + `asistencia`.`mi`) + `asistencia`.`ju`) + `asistencia`.`vi`) + `asistencia`.`sa`) + `asistencia`.`do`) when 6 then ((((((round(((`salario`.`salario_semanal` / 7) * 7),0) + if((`bono_mtto`.`monto` > 0),`bono_mtto`.`monto`,0)) + if((`asistencia`.`hora_extra` > 0),round((((`salario`.`salario_diario` / 8) * `asistencia`.`hora_extra`) * 2),0),0)) + if(((`asistencia`.`prima_dominical` > 0) and (`asistencia`.`do` = 1)),round(((`salario`.`salario_diario` * 0.25) * `asistencia`.`prima_dominical`),0),0)) + if((`otras_percepciones`.`monto` > 0),`otras_percepciones`.`monto`,0)) - if((`infonavit`.`monto` > 0),`infonavit`.`monto`,0)) - if((`abono_prestamo`.`monto` > 0),`abono_prestamo`.`monto`,0)) when 7 then ((((((if((`asistencia`.`semana_completa` = 1),round(((`salario`.`salario_semanal` / 7) * 8),0),round(((`salario`.`salario_semanal` / 7) * 7),0)) + if((`bono_mtto`.`monto` > 0),`bono_mtto`.`monto`,0)) + if((`asistencia`.`hora_extra` > 0),round((((`salario`.`salario_diario` / 8) * `asistencia`.`hora_extra`) * 2),0),0)) + if(((`asistencia`.`prima_dominical` > 0) and (`asistencia`.`do` = 1)),round(((`salario`.`salario_diario` * 0.25) * `asistencia`.`prima_dominical`),0),0)) + if((`otras_percepciones`.`monto` > 0),`otras_percepciones`.`monto`,0)) - if((`infonavit`.`monto` > 0),`infonavit`.`monto`,0)) - if((`abono_prestamo`.`monto` > 0),`abono_prestamo`.`monto`,0)) when 0 then 0 else ((((((round(((`salario`.`salario_semanal` / 7) * sum(((((((`asistencia`.`lu` + `asistencia`.`ma`) + `asistencia`.`mi`) + `asistencia`.`ju`) + `asistencia`.`vi`) + `asistencia`.`sa`) + `asistencia`.`do`))),0) + if((`bono_mtto`.`monto` > 0),`bono_mtto`.`monto`,0)) + if((`asistencia`.`hora_extra` > 0),round((((`salario`.`salario_diario` / 8) * `asistencia`.`hora_extra`) * 2),0),0)) + if(((`asistencia`.`prima_dominical` > 0) and (`asistencia`.`do` = 1)),round(((`salario`.`salario_diario` * 0.25) * `asistencia`.`prima_dominical`),0),0)) + if((`otras_percepciones`.`monto` > 0),`otras_percepciones`.`monto`,0)) - if((`infonavit`.`monto` > 0),`infonavit`.`monto`,0)) - if((`abono_prestamo`.`monto` > 0),`abono_prestamo`.`monto`,0)) end) AS `salario_total`,if(((`asistencia`.`prima_dominical` > 0) and (`asistencia`.`do` = 1)),round(((`salario`.`salario_diario` * 0.25) * `asistencia`.`prima_dominical`),0),0) AS `p_dominical`,((((((`asistencia`.`lu` + `asistencia`.`ma`) + `asistencia`.`mi`) + `asistencia`.`ju`) + `asistencia`.`vi`) + `asistencia`.`sa`) + `asistencia`.`do`) AS `dias_real`,if((`asistencia`.`hora_extra` > 0),round((((`salario`.`salario_diario` / 8) * `asistencia`.`hora_extra`) * 2),0),0) AS `h_extra` from ((((((`asistencia` left join `vista_empleado` on((`asistencia`.`empleado_id` = `vista_empleado`.`id`))) left join `salario` on((`asistencia`.`empleado_id` = `salario`.`empleado_id`))) left join `bono_mtto` on((`asistencia`.`id` = `bono_mtto`.`asistencia_id`))) left join `infonavit` on((`asistencia`.`empleado_id` = `infonavit`.`empleado_id`))) left join `abono_prestamo` on((`asistencia`.`id` = `abono_prestamo`.`asistencia_id`))) left join `otras_percepciones` on((`asistencia`.`id` = `otras_percepciones`.`asistencia_id`))) where (`vista_empleado`.`activo` = 1) group by `asistencia`.`id` order by `vista_empleado`.`departamento` */;
/*!50001 SET character_set_client      = @saved_cs_client */;
/*!50001 SET character_set_results     = @saved_cs_results */;
/*!50001 SET collation_connection      = @saved_col_connection */;

--
-- Final view structure for view `vista_precios_mantenimiento`
--

/*!50001 DROP VIEW IF EXISTS `vista_precios_mantenimiento`*/;
/*!50001 SET @saved_cs_client          = @@character_set_client */;
/*!50001 SET @saved_cs_results         = @@character_set_results */;
/*!50001 SET @saved_col_connection     = @@collation_connection */;
/*!50001 SET character_set_client      = utf8 */;
/*!50001 SET character_set_results     = utf8 */;
/*!50001 SET collation_connection      = utf8_general_ci */;
/*!50001 CREATE ALGORITHM=UNDEFINED */
/*!50013 DEFINER=`root`@`localhost` SQL SECURITY DEFINER */
/*!50001 VIEW `vista_precios_mantenimiento` AS select `construccion`.`descripcion` AS `descripcion`,sum((case when (`mantenimiento`.`meses` = 3) then `precio`.`monto` end)) AS `trimestre`,sum((case when (`mantenimiento`.`meses` = 6) then `precio`.`monto` end)) AS `semestre`,sum((case when (`mantenimiento`.`meses` = 12) then `precio`.`monto` end)) AS `anual` from (((`mantenimiento` left join `producto` on((`mantenimiento`.`producto_id` = `producto`.`id`))) left join `precio` on((`producto`.`id` = `precio`.`producto_id`))) left join `construccion` on((`mantenimiento`.`construccion_id` = `construccion`.`id`))) group by `construccion`.`descripcion` order by `construccion`.`descripcion` */;
/*!50001 SET character_set_client      = @saved_cs_client */;
/*!50001 SET character_set_results     = @saved_cs_results */;
/*!50001 SET collation_connection      = @saved_col_connection */;

--
-- Final view structure for view `vista_producto_construccion`
--

/*!50001 DROP VIEW IF EXISTS `vista_producto_construccion`*/;
/*!50001 SET @saved_cs_client          = @@character_set_client */;
/*!50001 SET @saved_cs_results         = @@character_set_results */;
/*!50001 SET @saved_col_connection     = @@collation_connection */;
/*!50001 SET character_set_client      = utf8 */;
/*!50001 SET character_set_results     = utf8 */;
/*!50001 SET collation_connection      = utf8_general_ci */;
/*!50001 CREATE ALGORITHM=UNDEFINED */
/*!50013 DEFINER=`root`@`%` SQL SECURITY DEFINER */
/*!50001 VIEW `vista_producto_construccion` AS select `producto`.`id` AS `id`,`producto`.`nombre` AS `nombre`,`precio`.`monto` AS `precio_construccion`,`producto`.`porcentaje_comision` AS `porcentaje_comision`,`producto_contruccion`.`activo` AS `activo` from ((`producto_contruccion` left join `producto` on((`producto_contruccion`.`producto_id` = `producto`.`id`))) left join `precio` on((`producto`.`id` = `precio`.`producto_id`))) */;
/*!50001 SET character_set_client      = @saved_cs_client */;
/*!50001 SET character_set_results     = @saved_cs_results */;
/*!50001 SET collation_connection      = @saved_col_connection */;

--
-- Final view structure for view `vista_promotores`
--

/*!50001 DROP VIEW IF EXISTS `vista_promotores`*/;
/*!50001 SET @saved_cs_client          = @@character_set_client */;
/*!50001 SET @saved_cs_results         = @@character_set_results */;
/*!50001 SET @saved_col_connection     = @@collation_connection */;
/*!50001 SET character_set_client      = utf8 */;
/*!50001 SET character_set_results     = utf8 */;
/*!50001 SET collation_connection      = utf8_general_ci */;
/*!50001 CREATE ALGORITHM=UNDEFINED */
/*!50013 DEFINER=`root`@`%` SQL SECURITY DEFINER */
/*!50001 VIEW `vista_promotores` AS select `a`.`id` AS `id`,concat(ltrim(rtrim(`pe`.`nombres`)),' ',ltrim(rtrim(`pe`.`apellido_paterno`)),' ',ltrim(rtrim(`pe`.`apellido_materno`))) AS `Promotor`,`a`.`email` AS `email` from ((`promotor` `p` left join `asesor` `a` on((`p`.`promotor_id` = `a`.`id`))) left join `persona` `pe` on((`a`.`persona_id` = `pe`.`id`))) where (`p`.`promotor_id` = `p`.`asesor_id`) */;
/*!50001 SET character_set_client      = @saved_cs_client */;
/*!50001 SET character_set_results     = @saved_cs_results */;
/*!50001 SET collation_connection      = @saved_col_connection */;

--
-- Final view structure for view `vista_recubrimiento`
--

/*!50001 DROP VIEW IF EXISTS `vista_recubrimiento`*/;
/*!50001 SET @saved_cs_client          = @@character_set_client */;
/*!50001 SET @saved_cs_results         = @@character_set_results */;
/*!50001 SET @saved_col_connection     = @@collation_connection */;
/*!50001 SET character_set_client      = utf8 */;
/*!50001 SET character_set_results     = utf8 */;
/*!50001 SET collation_connection      = utf8_general_ci */;
/*!50001 CREATE ALGORITHM=UNDEFINED */
/*!50013 DEFINER=`root`@`%` SQL SECURITY DEFINER */
/*!50001 VIEW `vista_recubrimiento` AS select `producto`.`id` AS `id`,`producto`.`nombre` AS `nombre`,`precio`.`monto` AS `precio_recubrimiento`,`producto`.`porcentaje_comision` AS `porcentaje_comision` from ((`recubrimiento` left join `producto` on((`recubrimiento`.`producto_id` = `producto`.`id`))) left join `precio` on((`producto`.`id` = `precio`.`producto_id`))) */;
/*!50001 SET character_set_client      = @saved_cs_client */;
/*!50001 SET character_set_results     = @saved_cs_results */;
/*!50001 SET collation_connection      = @saved_col_connection */;

--
-- Final view structure for view `vista_reposiciones`
--

/*!50001 DROP VIEW IF EXISTS `vista_reposiciones`*/;
/*!50001 SET @saved_cs_client          = @@character_set_client */;
/*!50001 SET @saved_cs_results         = @@character_set_results */;
/*!50001 SET @saved_col_connection     = @@collation_connection */;
/*!50001 SET character_set_client      = utf8 */;
/*!50001 SET character_set_results     = utf8 */;
/*!50001 SET collation_connection      = utf8_general_ci */;
/*!50001 CREATE ALGORITHM=UNDEFINED */
/*!50013 DEFINER=`root`@`localhost` SQL SECURITY DEFINER */
/*!50001 VIEW `vista_reposiciones` AS select `reposicion`.`created_at` AS `created_at`,`inventario_recubrimientos`.`id` AS `inventario_recubrimientos_id`,`pieza_marmoleria`.`nombre` AS `pieza`,`vista_material_color`.`material_color` AS `material_color`,`lamina_alta`.`folio_lamina` AS `folio_lamina`,`reposicion`.`motivos` AS `motivos`,`usuario`.`nombre` AS `usuario`,`reposicion`.`precio_reposicion` AS `precio_reposicion`,`material_baja`.`costo_material_usado` AS `costo_material_usado`,`material_baja`.`area_venta` AS `area_venta` from ((((((`reposicion` left join `material_baja` on((`reposicion`.`material_baja_id` = `material_baja`.`id`))) left join `inventario_recubrimientos` on((`material_baja`.`inventario_recubrimientos_id` = `inventario_recubrimientos`.`id`))) left join `lamina_alta` on((`inventario_recubrimientos`.`lamina_alta_id` = `lamina_alta`.`id`))) left join `vista_material_color` on((`lamina_alta`.`material_color_id` = `vista_material_color`.`id`))) left join `pieza_marmoleria` on((`material_baja`.`pieza_marmoleria_id` = `pieza_marmoleria`.`id`))) left join `usuario` on((`reposicion`.`captura_usuario_id` = `usuario`.`id`))) */;
/*!50001 SET character_set_client      = @saved_cs_client */;
/*!50001 SET character_set_results     = @saved_cs_results */;
/*!50001 SET collation_connection      = @saved_col_connection */;

--
-- Final view structure for view `vista_salarios_activos`
--

/*!50001 DROP VIEW IF EXISTS `vista_salarios_activos`*/;
/*!50001 SET @saved_cs_client          = @@character_set_client */;
/*!50001 SET @saved_cs_results         = @@character_set_results */;
/*!50001 SET @saved_col_connection     = @@collation_connection */;
/*!50001 SET character_set_client      = utf8 */;
/*!50001 SET character_set_results     = utf8 */;
/*!50001 SET collation_connection      = utf8_general_ci */;
/*!50001 CREATE ALGORITHM=UNDEFINED */
/*!50013 DEFINER=`root`@`localhost` SQL SECURITY DEFINER */
/*!50001 VIEW `vista_salarios_activos` AS select `salario`.`id` AS `id`,`salario`.`created_at` AS `created_at`,`salario`.`updated_at` AS `updated_at`,`salario`.`activo` AS `activo`,`salario`.`empleado_id` AS `empleado_id`,`salario`.`salario_diario` AS `salario_diario`,`salario`.`salario_semanal` AS `salario_semanal` from `salario` where (`salario`.`activo` = 1) */;
/*!50001 SET character_set_client      = @saved_cs_client */;
/*!50001 SET character_set_results     = @saved_cs_results */;
/*!50001 SET collation_connection      = @saved_col_connection */;

--
-- Final view structure for view `vista_servicio_funeral`
--

/*!50001 DROP VIEW IF EXISTS `vista_servicio_funeral`*/;
/*!50001 SET @saved_cs_client          = @@character_set_client */;
/*!50001 SET @saved_cs_results         = @@character_set_results */;
/*!50001 SET @saved_col_connection     = @@collation_connection */;
/*!50001 SET character_set_client      = utf8 */;
/*!50001 SET character_set_results     = utf8 */;
/*!50001 SET collation_connection      = utf8_general_ci */;
/*!50001 CREATE ALGORITHM=UNDEFINED */
/*!50013 DEFINER=`root`@`%` SQL SECURITY DEFINER */
/*!50001 VIEW `vista_servicio_funeral` AS select `producto`.`id` AS `id`,`producto`.`nombre` AS `nombre`,`precio`.`monto` AS `precio_servicio`,`servicio_funeral`.`monto_comisionable` AS `monto_comisionable`,`producto`.`porcentaje_comision` AS `porcentaje_comision` from ((`servicio_funeral` left join `producto` on((`servicio_funeral`.`producto_id` = `producto`.`id`))) left join `precio` on((`producto`.`id` = `precio`.`producto_id`))) where (`precio`.`activo` = 1) */;
/*!50001 SET character_set_client      = @saved_cs_client */;
/*!50001 SET character_set_results     = @saved_cs_results */;
/*!50001 SET collation_connection      = @saved_col_connection */;

--
-- Final view structure for view `vista_stock`
--

/*!50001 DROP VIEW IF EXISTS `vista_stock`*/;
/*!50001 SET @saved_cs_client          = @@character_set_client */;
/*!50001 SET @saved_cs_results         = @@character_set_results */;
/*!50001 SET @saved_col_connection     = @@collation_connection */;
/*!50001 SET character_set_client      = utf8 */;
/*!50001 SET character_set_results     = utf8 */;
/*!50001 SET collation_connection      = utf8_general_ci */;
/*!50001 CREATE ALGORITHM=UNDEFINED */
/*!50013 DEFINER=`root`@`localhost` SQL SECURITY DEFINER */
/*!50001 VIEW `vista_stock` AS select `stock`.`id` AS `id`,`inventario_recubrimientos`.`id` AS `inventario_recubrimientos_id`,`material_baja`.`id` AS `material_baja_id`,`lamina_alta`.`id` AS `lamina_alta_id`,concat('S-',`lamina_alta`.`folio_lamina`,`stock`.`id`) AS `folio`,`pieza_marmoleria`.`nombre` AS `pieza`,`vista_material_color`.`material_color` AS `material_color`,`lamina_alta`.`folio_lamina` AS `folio_lamina`,`material_baja`.`costo_material_usado` AS `costo_material_usado`,`stock`.`precio_venta` AS `precio_venta`,`stock`.`created_at` AS `created_at`,`pieza_marmoleria`.`area_requerida` AS `area_requerida`,`stock`.`activo` AS `stock_activo` from (((((`stock` left join `material_baja` on((`stock`.`material_baja_id` = `material_baja`.`id`))) left join `inventario_recubrimientos` on((`material_baja`.`inventario_recubrimientos_id` = `inventario_recubrimientos`.`id`))) left join `lamina_alta` on((`inventario_recubrimientos`.`lamina_alta_id` = `lamina_alta`.`id`))) left join `vista_material_color` on((`lamina_alta`.`material_color_id` = `vista_material_color`.`id`))) left join `pieza_marmoleria` on((`material_baja`.`pieza_marmoleria_id` = `pieza_marmoleria`.`id`))) where (`stock`.`activo` = 1) */;
/*!50001 SET character_set_client      = @saved_cs_client */;
/*!50001 SET character_set_results     = @saved_cs_results */;
/*!50001 SET collation_connection      = @saved_col_connection */;

--
-- Final view structure for view `vista_terrenos_disponibles`
--

/*!50001 DROP VIEW IF EXISTS `vista_terrenos_disponibles`*/;
/*!50001 SET @saved_cs_client          = @@character_set_client */;
/*!50001 SET @saved_cs_results         = @@character_set_results */;
/*!50001 SET @saved_col_connection     = @@collation_connection */;
/*!50001 SET character_set_client      = utf8 */;
/*!50001 SET character_set_results     = utf8 */;
/*!50001 SET collation_connection      = utf8_general_ci */;
/*!50001 CREATE ALGORITHM=UNDEFINED */
/*!50013 DEFINER=`root`@`localhost` SQL SECURITY DEFINER */
/*!50001 VIEW `vista_terrenos_disponibles` AS select `producto`.`id` AS `producto_id`,`sector`.`id` AS `sector_id`,`recinto`.`id` AS `recinto_id`,`lote`.`id` AS `lote_id`,`nicho`.`id` AS `id`,`sector`.`nombre` AS `sector`,`recinto`.`nombre` AS `recinto`,'Nicho' AS `tipo`,`nicho`.`fila` AS `fila`,`nicho`.`columna` AS `columna`,`precio`.`monto` AS `monto`,`producto`.`porcentaje_comision` AS `porcentaje_comision` from (((((`nicho` left join `lote` on((`lote`.`id` = `nicho`.`lote_id`))) left join `producto` on((`producto`.`id` = `lote`.`producto_id`))) left join `recinto` on((`nicho`.`recinto_id` = `recinto`.`id`))) left join `sector` on((`recinto`.`sector_id` = `sector`.`id`))) left join `precio` on((`precio`.`producto_id` = `producto`.`id`))) where ((`lote`.`disponible` = 1) and (`precio`.`activo` = 1)) union select `producto`.`id` AS `producto_id`,`sector`.`id` AS `sector_id`,NULL AS `recinto_id`,`lote`.`id` AS `lote_id`,`terreno`.`id` AS `id`,`sector`.`nombre` AS `sector`,'' AS `recinto`,'Terreno' AS `tipo`,`terreno`.`fila` AS `fila`,`terreno`.`lote` AS `lote`,`precio`.`monto` AS `monto`,`producto`.`porcentaje_comision` AS `porcentaje_comision` from ((((`terreno` left join `lote` on((`lote`.`id` = `terreno`.`lote_id`))) left join `producto` on((`producto`.`id` = `lote`.`producto_id`))) left join `sector` on((`terreno`.`sector_id` = `sector`.`id`))) left join `precio` on((`precio`.`producto_id` = `producto`.`id`))) where ((`lote`.`disponible` = 1) and (`precio`.`activo` = 1)) */;
/*!50001 SET character_set_client      = @saved_cs_client */;
/*!50001 SET character_set_results     = @saved_cs_results */;
/*!50001 SET collation_connection      = @saved_col_connection */;

--
-- Final view structure for view `vista_ventas_totales_lamina`
--

/*!50001 DROP VIEW IF EXISTS `vista_ventas_totales_lamina`*/;
/*!50001 SET @saved_cs_client          = @@character_set_client */;
/*!50001 SET @saved_cs_results         = @@character_set_results */;
/*!50001 SET @saved_col_connection     = @@collation_connection */;
/*!50001 SET character_set_client      = utf8 */;
/*!50001 SET character_set_results     = utf8 */;
/*!50001 SET collation_connection      = utf8_general_ci */;
/*!50001 CREATE ALGORITHM=UNDEFINED */
/*!50013 DEFINER=`root`@`localhost` SQL SECURITY DEFINER */
/*!50001 VIEW `vista_ventas_totales_lamina` AS select `vista_detalle_venta_material`.`id` AS `id`,`vista_detalle_venta_material`.`folio` AS `folio`,`vista_detalle_venta_material`.`inventario_recubrimientos_id` AS `inventario_recubrimientos_id`,`vista_detalle_venta_material`.`venta_material_id` AS `venta_material_id`,`vista_detalle_venta_material`.`folio_lamina` AS `folio_lamina`,`vista_detalle_venta_material`.`pieza` AS `pieza`,`vista_detalle_venta_material`.`material_color` AS `material_color`,`vista_detalle_venta_material`.`precio_pieza` AS `precio_pieza`,`vista_detalle_venta_material`.`observaciones` AS `observaciones`,`vista_detalle_venta_material`.`pieza_completa` AS `pieza_completa`,`vista_detalle_venta_material`.`venta_abierta` AS `venta_abierta`,count(`vista_detalle_venta_material`.`pieza`) AS `piezas`,sum(`vista_detalle_venta_material`.`precio_pieza`) AS `total` from `vista_detalle_venta_material` group by `vista_detalle_venta_material`.`inventario_recubrimientos_id`,`vista_detalle_venta_material`.`pieza` */;
/*!50001 SET character_set_client      = @saved_cs_client */;
/*!50001 SET character_set_results     = @saved_cs_results */;
/*!50001 SET collation_connection      = @saved_col_connection */;
/*!40103 SET TIME_ZONE=@OLD_TIME_ZONE */;

/*!40101 SET SQL_MODE=@OLD_SQL_MODE */;
/*!40014 SET FOREIGN_KEY_CHECKS=@OLD_FOREIGN_KEY_CHECKS */;
/*!40014 SET UNIQUE_CHECKS=@OLD_UNIQUE_CHECKS */;
/*!40101 SET CHARACTER_SET_CLIENT=@OLD_CHARACTER_SET_CLIENT */;
/*!40101 SET CHARACTER_SET_RESULTS=@OLD_CHARACTER_SET_RESULTS */;
/*!40101 SET COLLATION_CONNECTION=@OLD_COLLATION_CONNECTION */;
/*!40111 SET SQL_NOTES=@OLD_SQL_NOTES */;

-- Dump completed on 2017-03-08 11:29:34
